OrderID,ProductID,LocationID,SalespersonID,CustomerID,OrderDate,Quantity,UnitPrice,LineSales
OID10001,PID2071,A152,EMP1009,C1499,2021-09-23,1,136,136
OID10002,PID2053,A139,EMP1007,C1359,2021-02-07,1,596,596
OID10005,PID2030,A121,EMP1003,C1220,2021-06-27,1,1899,1899
OID10007,PID2001,A122,EMP1003,C1368,2021-01-12,4,951,3804
OID10009,PID2082,A101,EMP1029,C1764,2021-07-28,1,1103,1103
OID10011,PID2004,A156,EMP1007,C1348,2021-04-13,3,1278,3834
OID10017,PID2088,A163,EMP1032,C1619,2021-12-08,1,603,603
OID10022,PID2077,A171,EMP1005,C1723,2021-09-03,2,530,1060
OID10023,PID2005,A164,EMP1021,C1713,2021-05-28,4,684,2736
OID10024,PID2059,A104,EMP1036,C1673,2021-01-14,3,1494,4482
OID10025,PID2047,A170,EMP1015,C1753,2021-09-05,1,290,290
OID10034,PID2099,A103,EMP1029,C1299,2021-05-30,1,1367,1367
OID10038,PID2098,A143,EMP1039,C1674,2021-04-19,1,1178,1178
OID10040,PID2053,A122,EMP1040,C1301,2021-02-24,4,596,2384
OID10043,PID2068,A119,EMP1024,C1641,2021-06-04,4,1500,6000
OID10044,PID2001,A120,EMP1038,C1604,2021-09-20,2,951,1902
OID10045,PID2058,A161,EMP1028,C1419,2021-03-12,2,2257,4514
OID10046,PID2010,A161,EMP1010,C1207,2021-06-27,4,1812,7248
OID10050,PID2004,A172,EMP1003,C1012,2021-07-20,1,1278,1278
OID10053,PID2030,A116,EMP1021,C1364,2021-12-07,3,1899,5697
OID10054,PID2095,A151,EMP1012,C1105,2021-09-16,1,1743,1743
OID10055,PID2098,A172,EMP1015,C1791,2021-08-01,3,1178,3534
OID10060,PID2065,A150,EMP1044,C1723,2021-08-13,1,2396,2396
OID10068,PID2058,A107,EMP1012,C1767,2021-03-29,1,2257,2257
OID10079,PID2043,A172,EMP1024,C1217,2021-12-19,1,545,545
OID10080,PID2009,A129,EMP1029,C1550,2021-11-30,3,584,1752
OID10081,PID2056,A120,EMP1008,C1749,2021-12-04,1,1635,1635
OID10083,PID2092,A112,EMP1002,C1257,2021-04-26,3,1639,4917
OID10085,PID2002,A130,EMP1004,C1043,2021-05-16,3,847,2541
OID10087,PID2092,A152,EMP1009,C1357,2021-08-26,3,1639,4917
OID10090,PID2050,A146,EMP1001,C1463,2021-01-24,3,2391,7173
OID10093,PID2035,A113,EMP1044,C1758,2021-06-02,4,458,1832
OID10094,PID2040,A143,EMP1016,C1780,2021-10-22,4,1889,7556
OID10095,PID2027,A105,EMP1039,C1007,2021-02-10,1,2497,2497
OID10101,PID2036,A128,EMP1042,C1030,2021-10-14,1,1582,1582
OID10103,PID2015,A121,EMP1035,C1614,2021-09-11,3,637,1911
OID10104,PID2047,A168,EMP1023,C1446,2021-09-04,3,290,870
OID10105,PID2025,A146,EMP1015,C1607,2021-04-08,2,667,1334
OID10108,PID2015,A131,EMP1029,C1660,2021-12-02,1,637,637
OID10113,PID2010,A167,EMP1007,C1471,2021-05-16,3,1812,5436
OID10117,PID2060,A140,EMP1031,C1436,2021-05-10,3,1467,4401
OID10120,PID2021,A131,EMP1009,C1756,2021-09-12,1,217,217
OID10125,PID2000,A137,EMP1016,C1541,2021-04-21,2,2241,4482
OID10128,PID2054,A126,EMP1029,C1347,2021-02-15,1,127,127
OID10129,PID2083,A129,EMP1026,C1013,2021-05-27,1,2141,2141
OID10131,PID2019,A119,EMP1013,C1704,2021-11-28,1,800,800
OID10139,PID2009,A104,EMP1027,C1221,2021-01-23,2,584,1168
OID10142,PID2046,A128,EMP1028,C1794,2021-02-08,4,2410,9640
OID10143,PID2049,A127,EMP1035,C1258,2021-03-12,1,826,826
OID10146,PID2009,A135,EMP1018,C1633,2021-07-08,1,584,584
OID10149,PID2093,A119,EMP1007,C1666,2021-08-07,3,112,336
OID10154,PID2075,A140,EMP1033,C1407,2021-07-06,1,400,400
OID10160,PID2032,A128,EMP1014,C1293,2021-12-15,2,1967,3934
OID10161,PID2079,A107,EMP1034,C1266,2021-09-14,4,1725,6900
OID10164,PID2048,A134,EMP1010,C1285,2021-10-21,1,502,502
OID10165,PID2025,A155,EMP1026,C1071,2021-06-13,1,667,667
OID10168,PID2048,A161,EMP1018,C1469,2021-01-31,4,502,2008
OID10174,PID2033,A105,EMP1007,C1199,2021-04-27,4,2182,8728
OID10175,PID2054,A107,EMP1030,C1415,2021-05-28,3,127,381
OID10178,PID2041,A100,EMP1030,C1690,2021-12-30,1,1380,1380
OID10179,PID2097,A139,EMP1025,C1650,2021-12-17,4,1052,4208
OID10181,PID2093,A140,EMP1017,C1658,2021-10-27,3,112,336
OID10185,PID2048,A150,EMP1005,C1329,2021-10-03,2,502,1004
OID10189,PID2002,A111,EMP1030,C1590,2021-09-27,1,847,847
OID10190,PID2034,A152,EMP1015,C1206,2021-11-15,2,871,1742
OID10192,PID2093,A168,EMP1016,C1251,2021-02-27,1,112,112
OID10193,PID2054,A139,EMP1004,C1679,2021-08-06,2,127,254
OID10194,PID2041,A106,EMP1005,C1417,2021-11-11,1,1380,1380
OID10196,PID2083,A129,EMP1008,C1141,2021-06-22,1,2141,2141
OID10202,PID2041,A107,EMP1032,C1663,2021-03-28,1,1380,1380
OID10203,PID2070,A143,EMP1014,C1112,2021-11-12,1,1671,1671
OID10205,PID2042,A168,EMP1040,C1306,2021-12-08,4,203,812
OID10206,PID2054,A107,EMP1011,C1387,2021-02-08,1,127,127
OID10210,PID2051,A164,EMP1028,C1781,2021-02-13,4,1077,4308
OID10213,PID2049,A120,EMP1013,C1338,2021-09-26,2,826,1652
OID10215,PID2089,A118,EMP1033,C1018,2021-03-09,2,2294,4588
OID10216,PID2037,A106,EMP1025,C1077,2021-10-11,4,880,3520
OID10221,PID2022,A121,EMP1019,C1705,2021-09-21,1,561,561
OID10222,PID2059,A117,EMP1012,C1168,2021-10-07,1,1494,1494
OID10223,PID2036,A135,EMP1011,C1148,2021-08-19,1,1582,1582
OID10226,PID2019,A125,EMP1021,C1259,2021-12-11,1,800,800
OID10231,PID2016,A163,EMP1013,C1465,2021-01-21,3,1351,4053
OID10233,PID2020,A155,EMP1043,C1387,2021-03-18,3,2005,6015
OID10235,PID2006,A124,EMP1037,C1083,2021-11-18,3,1826,5478
OID10238,PID2038,A105,EMP1004,C1780,2021-04-26,1,392,392
OID10242,PID2017,A171,EMP1003,C1731,2021-03-29,1,35,35
OID10245,PID2053,A145,EMP1036,C1431,2021-01-23,1,596,596
OID10246,PID2056,A125,EMP1039,C1454,2021-06-25,1,1635,1635
OID10247,PID2021,A111,EMP1041,C1507,2021-09-26,3,217,651
OID10256,PID2072,A125,EMP1029,C1310,2021-02-11,1,1887,1887
OID10264,PID2042,A161,EMP1022,C1715,2021-08-22,2,203,406
OID10266,PID2027,A153,EMP1022,C1143,2021-08-10,1,2497,2497
OID10271,PID2065,A151,EMP1006,C1534,2021-01-17,1,2396,2396
OID10274,PID2018,A131,EMP1036,C1365,2021-09-14,1,1972,1972
OID10278,PID2054,A160,EMP1023,C1620,2021-03-30,1,127,127
OID10279,PID2049,A140,EMP1001,C1434,2021-12-25,1,826,826
OID10280,PID2098,A131,EMP1039,C1070,2021-06-04,2,1178,2356
OID10283,PID2039,A137,EMP1012,C1175,2021-12-31,1,817,817
OID10284,PID2028,A116,EMP1019,C1715,2021-02-02,4,2283,9132
OID10291,PID2066,A127,EMP1024,C1499,2021-10-02,3,2091,6273
OID10294,PID2006,A121,EMP1012,C1443,2021-12-29,4,1826,7304
OID10299,PID2022,A143,EMP1022,C1304,2021-12-29,2,561,1122
OID10301,PID2079,A164,EMP1019,C1015,2021-02-22,2,1725,3450
OID10305,PID2080,A114,EMP1042,C1095,2021-03-30,3,2353,7059
OID10306,PID2032,A150,EMP1025,C1307,2021-11-04,1,1967,1967
OID10314,PID2096,A104,EMP1042,C1244,2021-10-25,3,1587,4761
OID10319,PID2016,A158,EMP1016,C1094,2021-03-29,1,1351,1351
OID10320,PID2016,A128,EMP1036,C1723,2021-09-28,2,1351,2702
OID10326,PID2085,A108,EMP1044,C1212,2021-12-27,4,1862,7448
OID10328,PID2018,A103,EMP1027,C1110,2021-07-23,3,1972,5916
OID10336,PID2088,A155,EMP1012,C1654,2021-11-26,4,603,2412
OID10338,PID2037,A129,EMP1007,C1383,2021-01-01,1,880,880
OID10340,PID2086,A166,EMP1018,C1548,2021-02-11,4,123,492
OID10341,PID2059,A155,EMP1039,C1035,2021-09-25,1,1494,1494
OID10345,PID2087,A152,EMP1034,C1288,2021-04-26,1,1022,1022
OID10347,PID2026,A101,EMP1015,C1304,2021-07-21,2,947,1894
OID10348,PID2018,A131,EMP1020,C1019,2021-08-21,2,1972,3944
OID10352,PID2084,A120,EMP1029,C1724,2021-10-16,2,1783,3566
OID10353,PID2028,A172,EMP1004,C1509,2021-07-28,1,2283,2283
OID10356,PID2081,A130,EMP1030,C1671,2021-09-04,3,1566,4698
OID10358,PID2044,A120,EMP1008,C1130,2021-06-09,1,886,886
OID10362,PID2071,A169,EMP1019,C1322,2021-01-18,1,136,136
OID10363,PID2031,A108,EMP1001,C1394,2021-05-01,1,1638,1638
OID10364,PID2080,A147,EMP1038,C1798,2021-10-27,3,2353,7059
OID10365,PID2015,A125,EMP1013,C1679,2021-06-04,1,637,637
OID10367,PID2096,A113,EMP1008,C1751,2021-07-19,1,1587,1587
OID10370,PID2011,A132,EMP1017,C1419,2021-07-16,1,530,530
OID10372,PID2063,A140,EMP1007,C1254,2021-01-04,3,1708,5124
OID10373,PID2060,A136,EMP1035,C1229,2021-11-29,4,1467,5868
OID10377,PID2086,A129,EMP1026,C1124,2021-12-23,2,123,246
OID10378,PID2007,A120,EMP1019,C1174,2021-01-11,1,1405,1405
OID10380,PID2076,A110,EMP1035,C1062,2021-01-23,1,1522,1522
OID10383,PID2040,A141,EMP1024,C1085,2021-11-12,2,1889,3778
OID10390,PID2011,A151,EMP1006,C1422,2021-03-11,3,530,1590
OID10395,PID2085,A111,EMP1017,C1402,2021-11-20,1,1862,1862
OID10396,PID2044,A116,EMP1018,C1217,2021-04-07,1,886,886
OID10399,PID2084,A103,EMP1012,C1539,2021-10-04,1,1783,1783
OID10400,PID2038,A138,EMP1032,C1490,2021-10-18,4,392,1568
OID10401,PID2019,A156,EMP1011,C1618,2021-06-29,1,800,800
OID10403,PID2041,A124,EMP1042,C1717,2021-04-23,4,1380,5520
OID10408,PID2069,A166,EMP1025,C1742,2021-04-30,1,378,378
OID10413,PID2000,A109,EMP1017,C1345,2021-08-20,1,2241,2241
OID10414,PID2043,A170,EMP1039,C1096,2021-10-30,1,545,545
OID10417,PID2090,A151,EMP1024,C1132,2021-10-02,1,1338,1338
OID10419,PID2017,A101,EMP1040,C1196,2021-01-13,1,35,35
OID10420,PID2010,A112,EMP1002,C1599,2021-07-27,1,1812,1812
OID10421,PID2001,A112,EMP1033,C1041,2021-01-25,1,951,951
OID10423,PID2038,A130,EMP1037,C1446,2021-01-01,4,392,1568
OID10425,PID2098,A120,EMP1002,C1682,2021-09-26,1,1178,1178
OID10426,PID2088,A147,EMP1032,C1103,2021-04-12,1,603,603
OID10429,PID2014,A162,EMP1010,C1368,2021-07-08,4,1809,7236
OID10430,PID2026,A136,EMP1034,C1055,2021-08-19,1,947,947
OID10431,PID2002,A113,EMP1007,C1660,2021-04-09,1,847,847
OID10434,PID2079,A166,EMP1034,C1465,2021-02-01,2,1725,3450
OID10438,PID2081,A123,EMP1012,C1330,2021-11-01,2,1566,3132
OID10440,PID2020,A116,EMP1008,C1265,2021-02-06,1,2005,2005
OID10443,PID2057,A133,EMP1021,C1571,2021-01-04,1,181,181
OID10444,PID2034,A117,EMP1012,C1254,2021-09-15,3,871,2613
OID10445,PID2053,A165,EMP1033,C1743,2021-12-31,4,596,2384
OID10447,PID2057,A127,EMP1027,C1359,2021-10-04,1,181,181
OID10454,PID2084,A124,EMP1020,C1631,2021-12-27,1,1783,1783
OID10462,PID2034,A113,EMP1003,C1188,2021-05-27,1,871,871
OID10464,PID2011,A125,EMP1025,C1330,2021-01-16,1,530,530
OID10465,PID2011,A100,EMP1025,C1076,2021-10-12,1,530,530
OID10466,PID2029,A154,EMP1022,C1126,2021-10-17,2,1848,3696
OID10467,PID2040,A162,EMP1001,C1653,2021-09-05,2,1889,3778
OID10469,PID2031,A120,EMP1037,C1736,2021-05-13,3,1638,4914
OID10474,PID2040,A160,EMP1043,C1031,2021-10-08,1,1889,1889
OID10475,PID2084,A154,EMP1007,C1219,2021-07-17,1,1783,1783
OID10479,PID2041,A130,EMP1005,C1214,2021-06-25,1,1380,1380
OID10480,PID2095,A125,EMP1040,C1213,2021-05-30,4,1743,6972
OID10482,PID2052,A152,EMP1025,C1065,2021-06-07,2,1526,3052
OID10485,PID2075,A159,EMP1018,C1586,2021-12-20,3,400,1200
OID10486,PID2046,A111,EMP1016,C1196,2021-09-18,1,2410,2410
OID10487,PID2091,A143,EMP1015,C1654,2021-03-23,3,368,1104
OID10488,PID2028,A170,EMP1017,C1169,2021-09-29,1,2283,2283
OID10490,PID2089,A169,EMP1025,C1595,2021-04-08,1,2294,2294
OID10496,PID2076,A144,EMP1026,C1514,2021-06-01,4,1522,6088
OID10498,PID2061,A166,EMP1043,C1647,2021-03-28,1,913,913
OID10499,PID2027,A142,EMP1013,C1793,2021-08-28,3,2497,7491
OID10503,PID2009,A105,EMP1000,C1327,2021-09-28,1,584,584
OID10511,PID2095,A128,EMP1036,C1315,2021-09-05,1,1743,1743
OID10514,PID2053,A120,EMP1020,C1750,2021-11-19,1,596,596
OID10515,PID2062,A143,EMP1019,C1712,2021-01-16,4,2464,9856
OID10517,PID2018,A115,EMP1044,C1759,2021-02-02,3,1972,5916
OID10520,PID2015,A166,EMP1033,C1170,2021-05-25,1,637,637
OID10522,PID2055,A148,EMP1011,C1569,2021-05-28,1,2495,2495
OID10524,PID2078,A117,EMP1014,C1676,2021-01-31,1,1798,1798
OID10529,PID2060,A162,EMP1040,C1524,2021-09-29,3,1467,4401
OID10530,PID2052,A132,EMP1043,C1251,2021-10-11,4,1526,6104
OID10532,PID2033,A156,EMP1012,C1100,2021-01-27,1,2182,2182
OID10535,PID2058,A128,EMP1009,C1268,2021-06-24,1,2257,2257
OID10537,PID2073,A124,EMP1022,C1408,2021-01-08,1,95,95
OID10538,PID2016,A130,EMP1013,C1537,2021-11-18,3,1351,4053
OID10541,PID2076,A145,EMP1004,C1651,2021-12-19,2,1522,3044
OID10542,PID2096,A107,EMP1000,C1011,2021-09-13,4,1587,6348
OID10547,PID2080,A113,EMP1004,C1472,2021-05-14,4,2353,9412
OID10550,PID2060,A100,EMP1005,C1175,2021-01-14,1,1467,1467
OID10552,PID2095,A121,EMP1002,C1466,2021-03-30,1,1743,1743
OID10553,PID2065,A155,EMP1036,C1695,2021-03-28,1,2396,2396
OID10554,PID2001,A165,EMP1008,C1396,2021-10-06,2,951,1902
OID10557,PID2000,A108,EMP1012,C1023,2021-02-22,1,2241,2241
OID10559,PID2007,A111,EMP1037,C1575,2021-09-27,3,1405,4215
OID10564,PID2005,A143,EMP1035,C1507,2021-11-12,1,684,684
OID10566,PID2031,A110,EMP1029,C1253,2021-01-19,4,1638,6552
OID10574,PID2057,A124,EMP1010,C1648,2021-10-04,1,181,181
OID10576,PID2058,A141,EMP1039,C1310,2021-12-14,3,2257,6771
OID10578,PID2081,A159,EMP1010,C1131,2021-05-26,1,1566,1566
OID10580,PID2080,A115,EMP1029,C1660,2021-05-25,4,2353,9412
OID10581,PID2072,A115,EMP1005,C1530,2021-04-16,3,1887,5661
OID10586,PID2007,A125,EMP1005,C1701,2021-09-07,2,1405,2810
OID10591,PID2018,A131,EMP1003,C1235,2021-10-20,1,1972,1972
OID10599,PID2076,A115,EMP1034,C1370,2021-03-08,3,1522,4566
OID10600,PID2031,A171,EMP1024,C1066,2021-12-14,4,1638,6552
OID10601,PID2083,A169,EMP1018,C1275,2021-03-18,3,2141,6423
OID10602,PID2072,A173,EMP1005,C1102,2021-07-23,2,1887,3774
OID10604,PID2022,A162,EMP1038,C1653,2021-01-20,1,561,561
OID10606,PID2055,A159,EMP1043,C1077,2021-06-08,1,2495,2495
OID10609,PID2058,A119,EMP1014,C1434,2021-06-20,1,2257,2257
OID10613,PID2064,A125,EMP1022,C1778,2021-10-20,1,1414,1414
OID10616,PID2042,A108,EMP1032,C1442,2021-11-20,3,203,609
OID10622,PID2048,A123,EMP1043,C1235,2021-09-05,4,502,2008
OID10625,PID2003,A159,EMP1035,C1435,2021-01-10,2,1783,3566
OID10628,PID2034,A127,EMP1023,C1357,2021-12-16,1,871,871
OID10629,PID2011,A129,EMP1017,C1034,2021-01-01,1,530,530
OID10637,PID2051,A170,EMP1021,C1653,2021-11-06,2,1077,2154
OID10638,PID2017,A147,EMP1022,C1125,2021-07-31,3,35,105
OID10639,PID2028,A138,EMP1028,C1072,2021-08-08,1,2283,2283
OID10642,PID2028,A143,EMP1040,C1499,2021-09-15,3,2283,6849
OID10645,PID2086,A155,EMP1013,C1101,2021-03-18,1,123,123
OID10647,PID2080,A133,EMP1041,C1353,2021-01-15,2,2353,4706
OID10658,PID2076,A172,EMP1033,C1405,2021-08-31,3,1522,4566
OID10660,PID2097,A156,EMP1036,C1651,2021-06-14,1,1052,1052
OID10666,PID2032,A158,EMP1029,C1528,2021-07-22,3,1967,5901
OID10678,PID2041,A130,EMP1010,C1227,2021-10-29,3,1380,4140
OID10679,PID2035,A169,EMP1015,C1719,2021-02-10,2,458,916
OID10680,PID2098,A172,EMP1028,C1296,2021-05-31,3,1178,3534
OID10682,PID2058,A139,EMP1036,C1330,2021-04-09,1,2257,2257
OID10686,PID2013,A106,EMP1013,C1274,2021-10-20,1,368,368
OID10687,PID2066,A113,EMP1035,C1617,2021-07-23,2,2091,4182
OID10697,PID2070,A141,EMP1044,C1050,2021-09-20,4,1671,6684
OID10698,PID2021,A157,EMP1030,C1626,2021-07-14,1,217,217
OID10704,PID2076,A123,EMP1022,C1227,2021-07-31,1,1522,1522
OID10708,PID2087,A138,EMP1017,C1297,2021-02-09,1,1022,1022
OID10709,PID2083,A144,EMP1033,C1473,2021-08-08,3,2141,6423
OID10713,PID2025,A142,EMP1036,C1666,2021-05-27,1,667,667
OID10714,PID2081,A131,EMP1026,C1795,2021-11-21,4,1566,6264
OID10717,PID2063,A104,EMP1003,C1626,2021-12-11,3,1708,5124
OID10718,PID2008,A118,EMP1038,C1352,2021-07-22,4,315,1260
OID10721,PID2005,A156,EMP1021,C1195,2021-03-06,3,684,2052
OID10728,PID2033,A135,EMP1017,C1027,2021-08-17,1,2182,2182
OID10732,PID2062,A169,EMP1025,C1619,2021-07-06,2,2464,4928
OID10734,PID2069,A101,EMP1037,C1629,2021-04-03,1,378,378
OID10735,PID2059,A148,EMP1005,C1793,2021-10-03,3,1494,4482
OID10736,PID2060,A171,EMP1003,C1641,2021-03-14,3,1467,4401
OID10738,PID2004,A170,EMP1039,C1434,2021-07-14,3,1278,3834
OID10740,PID2024,A105,EMP1019,C1135,2021-04-20,2,356,712
OID10742,PID2058,A143,EMP1003,C1700,2021-10-13,1,2257,2257
OID10746,PID2053,A102,EMP1013,C1061,2021-10-15,3,596,1788
OID10749,PID2025,A123,EMP1025,C1000,2021-06-16,1,667,667
OID10751,PID2065,A130,EMP1017,C1487,2021-03-24,1,2396,2396
OID10752,PID2099,A137,EMP1023,C1419,2021-08-07,1,1367,1367
OID10753,PID2031,A154,EMP1015,C1709,2021-06-11,3,1638,4914
OID10754,PID2024,A133,EMP1003,C1326,2021-11-06,1,356,356
OID10755,PID2088,A123,EMP1023,C1169,2021-05-19,2,603,1206
OID10756,PID2013,A105,EMP1033,C1106,2021-11-10,2,368,736
OID10758,PID2061,A142,EMP1019,C1144,2021-05-14,1,913,913
OID10761,PID2085,A142,EMP1024,C1475,2021-06-03,1,1862,1862
OID10762,PID2009,A148,EMP1001,C1517,2021-03-02,3,584,1752
OID10763,PID2039,A159,EMP1020,C1728,2021-02-22,3,817,2451
OID10764,PID2083,A130,EMP1003,C1235,2021-11-16,4,2141,8564
OID10767,PID2040,A151,EMP1043,C1157,2021-08-18,3,1889,5667
OID10770,PID2084,A114,EMP1040,C1188,2021-09-07,4,1783,7132
OID10772,PID2073,A105,EMP1038,C1716,2021-06-26,1,95,95
OID10774,PID2021,A118,EMP1002,C1635,2021-12-25,2,217,434
OID10776,PID2097,A170,EMP1002,C1088,2021-05-23,1,1052,1052
OID10781,PID2015,A113,EMP1043,C1232,2021-04-19,1,637,637
OID10782,PID2064,A117,EMP1006,C1149,2021-08-31,4,1414,5656
OID10784,PID2086,A119,EMP1031,C1187,2021-12-07,1,123,123
OID10785,PID2037,A118,EMP1017,C1195,2021-05-05,1,880,880
OID10787,PID2051,A149,EMP1029,C1147,2021-08-13,3,1077,3231
OID10790,PID2045,A156,EMP1031,C1301,2021-06-21,2,556,1112
OID10793,PID2001,A153,EMP1032,C1555,2021-02-20,1,951,951
OID10795,PID2062,A116,EMP1018,C1150,2021-08-16,3,2464,7392
OID10796,PID2053,A126,EMP1040,C1714,2021-12-05,4,596,2384
OID10797,PID2002,A140,EMP1024,C1170,2021-02-28,2,847,1694
OID10804,PID2035,A146,EMP1033,C1462,2021-10-03,3,458,1374
OID10805,PID2023,A110,EMP1008,C1221,2021-11-27,1,818,818
OID10806,PID2059,A104,EMP1019,C1670,2021-06-13,4,1494,5976
OID10809,PID2058,A162,EMP1004,C1279,2021-03-20,3,2257,6771
OID10813,PID2025,A136,EMP1006,C1445,2021-03-10,1,667,667
OID10818,PID2049,A156,EMP1007,C1183,2021-04-01,1,826,826
OID10822,PID2017,A140,EMP1024,C1270,2021-04-07,1,35,35
OID10828,PID2078,A125,EMP1002,C1476,2021-10-04,2,1798,3596
OID10838,PID2100,A155,EMP1023,C1229,2021-01-11,1,799,799
OID10840,PID2027,A132,EMP1008,C1115,2021-06-05,1,2497,2497
OID10841,PID2042,A153,EMP1044,C1198,2021-10-28,3,203,609
OID10846,PID2095,A120,EMP1039,C1169,2021-03-15,2,1743,3486
OID10848,PID2017,A106,EMP1011,C1250,2021-01-29,1,35,35
OID10849,PID2051,A172,EMP1024,C1584,2021-12-07,2,1077,2154
OID10851,PID2051,A120,EMP1017,C1450,2021-09-03,1,1077,1077
OID10853,PID2026,A122,EMP1043,C1056,2021-01-30,3,947,2841
OID10854,PID2006,A163,EMP1008,C1276,2021-08-07,1,1826,1826
OID10858,PID2089,A158,EMP1009,C1166,2021-12-20,3,2294,6882
OID10860,PID2060,A122,EMP1026,C1349,2021-06-18,1,1467,1467
OID10861,PID2038,A105,EMP1035,C1590,2021-11-28,1,392,392
OID10863,PID2011,A133,EMP1030,C1574,2021-04-18,3,530,1590
OID10864,PID2014,A144,EMP1000,C1778,2021-05-16,1,1809,1809
OID10870,PID2069,A146,EMP1026,C1338,2021-07-29,1,378,378
OID10875,PID2052,A144,EMP1024,C1414,2021-04-26,1,1526,1526
OID10876,PID2006,A114,EMP1009,C1661,2021-07-30,1,1826,1826
OID10885,PID2015,A150,EMP1022,C1653,2021-08-25,1,637,637
OID10890,PID2012,A119,EMP1003,C1579,2021-10-08,1,1353,1353
OID10892,PID2000,A140,EMP1022,C1358,2021-02-18,1,2241,2241
OID10895,PID2030,A137,EMP1037,C1571,2021-10-06,1,1899,1899
OID10897,PID2096,A120,EMP1003,C1719,2021-05-22,2,1587,3174
OID10898,PID2019,A130,EMP1020,C1619,2021-10-24,1,800,800
OID10900,PID2036,A171,EMP1012,C1552,2021-01-02,1,1582,1582
OID10901,PID2032,A138,EMP1012,C1395,2021-02-08,4,1967,7868
OID10903,PID2058,A143,EMP1016,C1224,2021-09-16,1,2257,2257
OID10909,PID2072,A148,EMP1023,C1221,2021-05-03,1,1887,1887
OID10911,PID2095,A111,EMP1029,C1238,2021-02-22,3,1743,5229
OID10912,PID2047,A114,EMP1044,C1117,2021-11-05,1,290,290
OID10914,PID2040,A127,EMP1032,C1336,2021-02-24,3,1889,5667
OID10917,PID2055,A145,EMP1029,C1087,2021-09-21,2,2495,4990
OID10918,PID2046,A151,EMP1007,C1498,2021-04-02,1,2410,2410
OID10922,PID2015,A131,EMP1008,C1432,2021-09-29,1,637,637
OID10926,PID2096,A115,EMP1016,C1700,2021-02-07,1,1587,1587
OID10929,PID2089,A103,EMP1038,C1101,2021-03-28,1,2294,2294
OID10933,PID2006,A160,EMP1026,C1020,2021-12-15,1,1826,1826
OID10937,PID2083,A164,EMP1029,C1651,2021-09-11,1,2141,2141
OID10940,PID2066,A161,EMP1041,C1004,2021-01-27,4,2091,8364
OID10941,PID2063,A130,EMP1042,C1410,2021-08-10,4,1708,6832
OID10942,PID2098,A134,EMP1036,C1054,2021-10-31,2,1178,2356
OID10944,PID2005,A118,EMP1027,C1039,2021-12-09,4,684,2736
OID10946,PID2016,A140,EMP1025,C1104,2021-02-08,1,1351,1351
OID10949,PID2036,A139,EMP1014,C1685,2021-01-07,2,1582,3164
OID10952,PID2055,A106,EMP1029,C1425,2021-05-13,1,2495,2495
OID10954,PID2077,A119,EMP1012,C1350,2021-03-26,1,530,530
OID10958,PID2044,A120,EMP1022,C1104,2021-04-28,1,886,886
OID10959,PID2004,A171,EMP1044,C1701,2021-11-14,4,1278,5112
OID10964,PID2063,A127,EMP1032,C1369,2021-08-29,4,1708,6832
OID10965,PID2018,A124,EMP1016,C1370,2021-11-21,1,1972,1972
OID10972,PID2071,A145,EMP1009,C1761,2021-10-31,2,136,272
OID10974,PID2079,A117,EMP1027,C1077,2021-07-26,4,1725,6900
OID10975,PID2087,A150,EMP1043,C1394,2021-08-29,1,1022,1022
OID10976,PID2099,A143,EMP1005,C1789,2021-12-18,3,1367,4101
OID10977,PID2027,A144,EMP1030,C1125,2021-05-18,4,2497,9988
OID10978,PID2046,A105,EMP1038,C1506,2021-12-19,3,2410,7230
OID10979,PID2092,A103,EMP1001,C1339,2021-04-04,2,1639,3278
OID10980,PID2093,A111,EMP1033,C1664,2021-07-17,3,112,336
OID10982,PID2089,A129,EMP1037,C1368,2021-03-05,2,2294,4588
OID10983,PID2057,A143,EMP1021,C1374,2021-10-03,4,181,724
OID10993,PID2078,A112,EMP1022,C1670,2021-09-06,3,1798,5394
OID10996,PID2074,A123,EMP1039,C1440,2021-05-29,1,504,504
OID10999,PID2031,A117,EMP1015,C1568,2021-04-30,1,1638,1638
OID11001,PID2090,A109,EMP1024,C1783,2021-09-06,3,1338,4014
OID11002,PID2087,A142,EMP1034,C1492,2021-05-31,4,1022,4088
OID11004,PID2097,A144,EMP1022,C1140,2021-05-20,1,1052,1052
OID11014,PID2081,A160,EMP1040,C1734,2021-11-07,2,1566,3132
OID11015,PID2077,A119,EMP1006,C1305,2021-07-09,2,530,1060
OID11016,PID2093,A150,EMP1039,C1625,2021-09-29,2,112,224
OID11019,PID2023,A132,EMP1039,C1445,2021-04-05,3,818,2454
OID11020,PID2027,A161,EMP1034,C1646,2021-05-24,1,2497,2497
OID11021,PID2005,A116,EMP1015,C1320,2021-08-17,1,684,684
OID11022,PID2091,A154,EMP1034,C1418,2021-11-06,1,368,368
OID11025,PID2054,A116,EMP1008,C1105,2021-09-17,4,127,508
OID11028,PID2020,A171,EMP1029,C1653,2021-11-26,1,2005,2005
OID11032,PID2086,A138,EMP1019,C1469,2021-08-14,4,123,492
OID11033,PID2008,A148,EMP1042,C1171,2021-10-01,2,315,630
OID11034,PID2020,A133,EMP1039,C1307,2021-04-29,1,2005,2005
OID11041,PID2040,A127,EMP1005,C1479,2021-09-28,1,1889,1889
OID11057,PID2005,A122,EMP1043,C1476,2021-03-26,4,684,2736
OID11058,PID2090,A171,EMP1029,C1411,2021-03-15,3,1338,4014
OID11059,PID2024,A100,EMP1018,C1154,2021-02-11,3,356,1068
OID11067,PID2021,A102,EMP1031,C1369,2021-09-22,3,217,651
OID11069,PID2051,A153,EMP1000,C1478,2021-04-13,2,1077,2154
OID11079,PID2041,A117,EMP1031,C1409,2021-05-18,1,1380,1380
OID11083,PID2004,A119,EMP1030,C1474,2021-09-15,1,1278,1278
OID11085,PID2047,A142,EMP1007,C1029,2021-05-07,2,290,580
OID11088,PID2014,A168,EMP1033,C1474,2021-07-27,1,1809,1809
OID11089,PID2074,A118,EMP1013,C1506,2021-06-23,1,504,504
OID11090,PID2022,A159,EMP1019,C1253,2021-12-02,1,561,561
OID11093,PID2042,A130,EMP1016,C1324,2021-11-10,1,203,203
OID11094,PID2074,A146,EMP1043,C1181,2021-02-03,3,504,1512
OID11106,PID2063,A150,EMP1008,C1152,2021-04-06,1,1708,1708
OID11107,PID2016,A108,EMP1012,C1607,2021-02-17,1,1351,1351
OID11110,PID2082,A157,EMP1014,C1651,2021-11-04,2,1103,2206
OID11113,PID2003,A136,EMP1000,C1087,2021-11-23,3,1783,5349
OID11114,PID2075,A142,EMP1000,C1392,2021-06-27,1,400,400
OID11115,PID2084,A104,EMP1025,C1170,2021-01-02,1,1783,1783
OID11117,PID2042,A108,EMP1033,C1025,2021-02-28,1,203,203
OID11123,PID2078,A173,EMP1007,C1165,2021-02-17,3,1798,5394
OID11127,PID2069,A130,EMP1021,C1216,2021-01-20,2,378,756
OID11129,PID2018,A104,EMP1034,C1334,2021-11-23,1,1972,1972
OID11132,PID2070,A169,EMP1017,C1386,2021-06-08,1,1671,1671
OID11135,PID2015,A112,EMP1007,C1576,2021-02-07,1,637,637
OID11144,PID2082,A119,EMP1002,C1612,2021-12-27,3,1103,3309
OID11145,PID2082,A104,EMP1010,C1504,2021-07-15,1,1103,1103
OID11152,PID2095,A128,EMP1030,C1487,2021-03-01,2,1743,3486
OID11155,PID2061,A110,EMP1042,C1287,2021-06-22,1,913,913
OID11156,PID2024,A110,EMP1044,C1220,2021-03-02,4,356,1424
OID11159,PID2000,A110,EMP1020,C1208,2021-04-18,2,2241,4482
OID11166,PID2041,A138,EMP1032,C1210,2021-07-30,2,1380,2760
OID11169,PID2039,A138,EMP1004,C1150,2021-06-27,3,817,2451
OID11170,PID2023,A105,EMP1040,C1028,2021-04-01,1,818,818
OID11171,PID2022,A146,EMP1033,C1582,2021-07-23,1,561,561
OID11173,PID2079,A120,EMP1038,C1720,2021-11-09,2,1725,3450
OID11174,PID2083,A150,EMP1029,C1664,2021-01-30,1,2141,2141
OID11177,PID2100,A115,EMP1032,C1573,2021-02-13,4,799,3196
OID11178,PID2070,A164,EMP1018,C1499,2021-01-13,4,1671,6684
OID11179,PID2049,A111,EMP1027,C1753,2021-08-11,2,826,1652
OID11186,PID2062,A153,EMP1034,C1558,2021-02-10,1,2464,2464
OID11191,PID2022,A124,EMP1013,C1001,2021-02-05,1,561,561
OID11194,PID2011,A157,EMP1003,C1471,2021-07-31,1,530,530
OID11198,PID2076,A116,EMP1011,C1198,2021-09-20,1,1522,1522
OID11209,PID2099,A138,EMP1040,C1622,2021-11-15,1,1367,1367
OID11212,PID2096,A166,EMP1015,C1589,2021-10-10,3,1587,4761
OID11214,PID2038,A158,EMP1035,C1796,2021-11-11,1,392,392
OID11215,PID2049,A153,EMP1016,C1040,2021-01-20,1,826,826
OID11218,PID2083,A169,EMP1005,C1335,2021-09-05,1,2141,2141
OID11220,PID2022,A134,EMP1040,C1704,2021-09-09,3,561,1683
OID11226,PID2001,A144,EMP1012,C1777,2021-12-23,1,951,951
OID11230,PID2045,A156,EMP1013,C1166,2021-06-09,1,556,556
OID11234,PID2086,A103,EMP1014,C1740,2021-06-19,2,123,246
OID11235,PID2025,A140,EMP1005,C1452,2021-04-21,2,667,1334
OID11242,PID2095,A135,EMP1035,C1065,2021-08-30,2,1743,3486
OID11244,PID2001,A162,EMP1030,C1536,2021-04-15,1,951,951
OID11245,PID2032,A105,EMP1010,C1799,2021-07-24,3,1967,5901
OID11255,PID2098,A173,EMP1013,C1293,2021-04-06,3,1178,3534
OID11256,PID2017,A117,EMP1029,C1137,2021-12-19,4,35,140
OID11259,PID2027,A146,EMP1029,C1750,2021-03-12,3,2497,7491
OID11260,PID2025,A171,EMP1038,C1597,2021-09-25,4,667,2668
OID11262,PID2076,A104,EMP1006,C1340,2021-07-30,1,1522,1522
OID11263,PID2039,A164,EMP1029,C1595,2021-10-12,4,817,3268
OID11264,PID2015,A112,EMP1006,C1419,2021-03-01,3,637,1911
OID11266,PID2012,A144,EMP1039,C1571,2021-11-22,3,1353,4059
OID11267,PID2027,A127,EMP1007,C1259,2021-05-06,2,2497,4994
OID11268,PID2086,A139,EMP1034,C1561,2021-09-05,1,123,123
OID11271,PID2057,A167,EMP1008,C1463,2021-04-17,2,181,362
OID11272,PID2023,A140,EMP1022,C1314,2021-07-15,1,818,818
OID11275,PID2096,A129,EMP1008,C1475,2021-01-16,1,1587,1587
OID11276,PID2005,A155,EMP1035,C1119,2021-11-25,1,684,684
OID11280,PID2027,A132,EMP1037,C1575,2021-08-15,1,2497,2497
OID11283,PID2060,A126,EMP1003,C1737,2021-12-28,1,1467,1467
OID11284,PID2050,A130,EMP1012,C1052,2021-10-21,1,2391,2391
OID11290,PID2058,A171,EMP1034,C1420,2021-06-14,2,2257,4514
OID11296,PID2067,A152,EMP1031,C1002,2021-03-07,1,1119,1119
OID11299,PID2050,A164,EMP1028,C1416,2021-02-14,2,2391,4782
OID11302,PID2017,A134,EMP1031,C1633,2021-02-17,1,35,35
OID11306,PID2074,A165,EMP1018,C1093,2021-02-06,1,504,504
OID11310,PID2010,A160,EMP1027,C1004,2021-09-12,1,1812,1812
OID11315,PID2055,A157,EMP1007,C1664,2021-04-01,1,2495,2495
OID11316,PID2058,A149,EMP1016,C1265,2021-03-11,3,2257,6771
OID11317,PID2084,A167,EMP1025,C1237,2021-06-05,1,1783,1783
OID11320,PID2014,A157,EMP1039,C1181,2021-08-22,3,1809,5427
OID11325,PID2078,A141,EMP1039,C1124,2021-06-03,2,1798,3596
OID11332,PID2078,A164,EMP1007,C1191,2021-03-24,1,1798,1798
OID11337,PID2016,A171,EMP1015,C1697,2021-11-05,1,1351,1351
OID11341,PID2052,A137,EMP1012,C1427,2021-10-09,1,1526,1526
OID11345,PID2067,A133,EMP1011,C1292,2021-05-31,1,1119,1119
OID11346,PID2023,A157,EMP1015,C1357,2021-08-04,2,818,1636
OID11349,PID2004,A105,EMP1034,C1239,2021-06-18,2,1278,2556
OID11353,PID2100,A163,EMP1003,C1058,2021-09-30,1,799,799
OID11354,PID2038,A159,EMP1006,C1273,2021-10-25,1,392,392
OID11357,PID2072,A156,EMP1012,C1547,2021-02-01,2,1887,3774
OID11360,PID2078,A168,EMP1025,C1096,2021-03-14,4,1798,7192
OID11363,PID2020,A161,EMP1025,C1675,2021-10-08,4,2005,8020
OID11374,PID2093,A125,EMP1000,C1543,2021-04-29,1,112,112
OID11376,PID2077,A115,EMP1031,C1282,2021-11-24,1,530,530
OID11382,PID2076,A163,EMP1035,C1396,2021-02-23,1,1522,1522
OID11383,PID2017,A106,EMP1034,C1799,2021-12-14,1,35,35
OID11389,PID2016,A161,EMP1034,C1400,2021-09-29,4,1351,5404
OID11391,PID2016,A172,EMP1019,C1743,2021-10-21,1,1351,1351
OID11392,PID2043,A129,EMP1040,C1658,2021-05-23,3,545,1635
OID11396,PID2043,A158,EMP1023,C1639,2021-09-08,1,545,545
OID11397,PID2077,A159,EMP1012,C1327,2021-07-30,3,530,1590
OID11402,PID2099,A143,EMP1024,C1034,2021-12-11,1,1367,1367
OID11405,PID2038,A143,EMP1033,C1315,2021-07-05,2,392,784
OID11406,PID2027,A104,EMP1018,C1527,2021-10-18,2,2497,4994
OID11408,PID2024,A162,EMP1017,C1478,2021-10-05,2,356,712
OID11417,PID2010,A163,EMP1014,C1426,2021-12-01,4,1812,7248
OID11419,PID2078,A104,EMP1019,C1249,2021-11-19,1,1798,1798
OID11426,PID2028,A110,EMP1012,C1284,2021-12-17,1,2283,2283
OID11431,PID2066,A119,EMP1035,C1475,2021-09-24,1,2091,2091
OID11437,PID2015,A116,EMP1010,C1075,2021-08-12,1,637,637
OID11444,PID2091,A128,EMP1030,C1480,2021-06-25,3,368,1104
OID11449,PID2073,A136,EMP1014,C1671,2021-11-04,1,95,95
OID11450,PID2094,A130,EMP1011,C1385,2021-11-25,1,771,771
OID11451,PID2046,A168,EMP1007,C1557,2021-12-27,3,2410,7230
OID11453,PID2017,A141,EMP1031,C1502,2021-11-19,1,35,35
OID11454,PID2050,A103,EMP1029,C1704,2021-06-20,2,2391,4782
OID11455,PID2037,A160,EMP1024,C1364,2021-12-14,1,880,880
OID11456,PID2060,A134,EMP1003,C1133,2021-02-06,1,1467,1467
OID11459,PID2073,A140,EMP1030,C1003,2021-12-25,1,95,95
OID11467,PID2080,A116,EMP1002,C1553,2021-02-19,1,2353,2353
OID11472,PID2034,A123,EMP1024,C1661,2021-09-17,1,871,871
OID11474,PID2044,A154,EMP1005,C1321,2021-08-27,1,886,886
OID11476,PID2064,A132,EMP1040,C1500,2021-03-15,3,1414,4242
OID11477,PID2043,A161,EMP1006,C1202,2021-02-03,3,545,1635
OID11480,PID2045,A121,EMP1005,C1423,2021-10-31,1,556,556
OID11481,PID2062,A105,EMP1020,C1056,2021-04-15,3,2464,7392
OID11484,PID2003,A150,EMP1039,C1171,2021-01-05,1,1783,1783
OID11486,PID2005,A126,EMP1042,C1618,2021-03-02,1,684,684
OID11487,PID2061,A146,EMP1021,C1800,2021-06-13,3,913,2739
OID11489,PID2049,A111,EMP1037,C1224,2021-03-01,1,826,826
OID11490,PID2045,A167,EMP1044,C1736,2021-07-29,4,556,2224
OID11494,PID2028,A160,EMP1044,C1243,2021-05-18,1,2283,2283
OID11496,PID2085,A136,EMP1032,C1622,2021-08-30,1,1862,1862
OID11499,PID2051,A155,EMP1030,C1758,2021-07-03,1,1077,1077
OID11504,PID2002,A131,EMP1004,C1697,2021-12-27,3,847,2541
OID11510,PID2069,A106,EMP1039,C1387,2021-02-21,1,378,378
OID11512,PID2097,A103,EMP1025,C1786,2021-07-04,1,1052,1052
OID11513,PID2018,A171,EMP1004,C1508,2021-06-22,2,1972,3944
OID11515,PID2005,A173,EMP1003,C1498,2021-09-15,1,684,684
OID11519,PID2047,A112,EMP1022,C1218,2021-03-08,1,290,290
OID11522,PID2036,A151,EMP1025,C1337,2021-04-29,2,1582,3164
OID11523,PID2005,A165,EMP1025,C1173,2021-08-03,1,684,684
OID11528,PID2062,A119,EMP1009,C1466,2021-07-24,1,2464,2464
OID11530,PID2039,A123,EMP1033,C1099,2021-06-06,3,817,2451
OID11535,PID2059,A151,EMP1011,C1360,2021-01-03,1,1494,1494
OID11536,PID2086,A161,EMP1014,C1197,2021-08-01,2,123,246
OID11538,PID2097,A106,EMP1021,C1280,2021-09-29,2,1052,2104
OID11539,PID2037,A160,EMP1018,C1570,2021-08-25,1,880,880
OID11540,PID2063,A160,EMP1033,C1515,2021-03-10,4,1708,6832
OID11550,PID2007,A146,EMP1042,C1287,2021-12-04,2,1405,2810
OID11551,PID2011,A134,EMP1035,C1344,2021-08-20,1,530,530
OID11552,PID2095,A169,EMP1003,C1003,2021-11-29,2,1743,3486
OID11553,PID2025,A114,EMP1019,C1484,2021-12-05,1,667,667
OID11555,PID2058,A144,EMP1009,C1419,2021-02-18,3,2257,6771
OID11558,PID2021,A118,EMP1016,C1342,2021-07-03,1,217,217
OID11569,PID2038,A134,EMP1027,C1307,2021-09-16,4,392,1568
OID11570,PID2057,A134,EMP1016,C1642,2021-10-04,2,181,362
OID11572,PID2094,A130,EMP1019,C1561,2021-08-22,3,771,2313
OID11574,PID2028,A127,EMP1003,C1328,2021-10-31,1,2283,2283
OID11576,PID2071,A117,EMP1013,C1745,2021-03-28,1,136,136
OID11581,PID2006,A160,EMP1035,C1182,2021-08-10,1,1826,1826
OID11582,PID2009,A124,EMP1009,C1493,2021-08-31,3,584,1752
OID11585,PID2036,A131,EMP1022,C1697,2021-11-09,2,1582,3164
OID11590,PID2048,A151,EMP1038,C1096,2021-01-21,3,502,1506
OID11592,PID2067,A161,EMP1035,C1426,2021-02-18,1,1119,1119
OID11594,PID2047,A111,EMP1010,C1472,2021-02-01,3,290,870
OID11596,PID2087,A137,EMP1004,C1592,2021-10-03,1,1022,1022
OID11602,PID2044,A127,EMP1020,C1224,2021-11-15,1,886,886
OID11604,PID2016,A122,EMP1014,C1397,2021-07-08,1,1351,1351
OID11608,PID2100,A166,EMP1029,C1391,2021-06-27,3,799,2397
OID11613,PID2038,A165,EMP1019,C1356,2021-04-12,1,392,392
OID11618,PID2082,A139,EMP1024,C1144,2021-06-25,1,1103,1103
OID11634,PID2037,A101,EMP1023,C1454,2021-06-07,3,880,2640
OID11635,PID2099,A148,EMP1032,C1654,2021-08-28,2,1367,2734
OID11639,PID2030,A128,EMP1030,C1693,2021-10-08,3,1899,5697
OID11642,PID2067,A166,EMP1021,C1478,2021-06-17,3,1119,3357
OID11644,PID2094,A112,EMP1032,C1223,2021-02-05,3,771,2313
OID11646,PID2058,A148,EMP1031,C1371,2021-02-02,1,2257,2257
OID11648,PID2018,A103,EMP1038,C1783,2021-08-23,2,1972,3944
OID11650,PID2082,A167,EMP1039,C1631,2021-08-25,1,1103,1103
OID11651,PID2047,A136,EMP1041,C1097,2021-05-25,4,290,1160
OID11655,PID2097,A149,EMP1024,C1611,2021-03-07,1,1052,1052
OID11659,PID2033,A101,EMP1003,C1506,2021-03-26,3,2182,6546
OID11663,PID2020,A115,EMP1015,C1342,2021-10-11,1,2005,2005
OID11664,PID2011,A166,EMP1029,C1532,2021-02-01,3,530,1590
OID11669,PID2084,A155,EMP1015,C1552,2021-01-28,4,1783,7132
OID11670,PID2068,A163,EMP1042,C1537,2021-09-16,2,1500,3000
OID11672,PID2005,A118,EMP1000,C1344,2021-09-18,2,684,1368
OID11674,PID2060,A164,EMP1028,C1093,2021-02-03,3,1467,4401
OID11675,PID2099,A163,EMP1030,C1393,2021-01-21,2,1367,2734
OID11679,PID2066,A169,EMP1034,C1030,2021-11-25,1,2091,2091
OID11680,PID2093,A119,EMP1010,C1027,2021-06-03,2,112,224
OID11683,PID2039,A123,EMP1040,C1588,2021-08-01,4,817,3268
OID11686,PID2091,A128,EMP1044,C1082,2021-10-29,1,368,368
OID11691,PID2095,A104,EMP1044,C1515,2021-12-11,2,1743,3486
OID11692,PID2038,A118,EMP1022,C1088,2021-12-25,1,392,392
OID11695,PID2069,A114,EMP1040,C1602,2021-02-03,1,378,378
OID11697,PID2038,A172,EMP1014,C1648,2021-12-13,3,392,1176
OID11700,PID2067,A148,EMP1028,C1506,2021-09-02,1,1119,1119
OID11701,PID2052,A167,EMP1009,C1081,2021-05-19,1,1526,1526
OID11704,PID2089,A157,EMP1002,C1700,2021-11-18,1,2294,2294
OID11706,PID2046,A128,EMP1006,C1462,2021-04-29,1,2410,2410
OID11710,PID2019,A142,EMP1000,C1773,2021-01-27,1,800,800
OID11712,PID2023,A108,EMP1031,C1273,2021-10-16,3,818,2454
OID11716,PID2055,A134,EMP1041,C1520,2021-10-19,1,2495,2495
OID11723,PID2084,A170,EMP1042,C1329,2021-02-04,3,1783,5349
OID11736,PID2030,A144,EMP1032,C1275,2021-03-15,3,1899,5697
OID11738,PID2003,A164,EMP1035,C1608,2021-07-01,2,1783,3566
OID11739,PID2093,A132,EMP1009,C1352,2021-05-14,1,112,112
OID11744,PID2063,A161,EMP1035,C1345,2021-05-05,4,1708,6832
OID11747,PID2011,A142,EMP1021,C1414,2021-12-01,4,530,2120
OID11749,PID2015,A137,EMP1009,C1513,2021-09-20,3,637,1911
OID11751,PID2002,A158,EMP1044,C1143,2021-08-14,2,847,1694
OID11752,PID2017,A131,EMP1044,C1679,2021-02-20,1,35,35
OID11758,PID2033,A151,EMP1016,C1299,2021-07-19,2,2182,4364
OID11759,PID2073,A154,EMP1025,C1231,2021-01-21,3,95,285
OID11764,PID2018,A149,EMP1007,C1529,2021-08-21,3,1972,5916
OID11768,PID2083,A164,EMP1025,C1295,2021-04-12,1,2141,2141
OID11769,PID2048,A154,EMP1000,C1690,2021-10-26,1,502,502
OID11771,PID2072,A129,EMP1017,C1558,2021-11-21,2,1887,3774
OID11775,PID2070,A149,EMP1021,C1353,2021-01-05,1,1671,1671
OID11776,PID2064,A122,EMP1002,C1669,2021-09-02,2,1414,2828
OID11778,PID2082,A146,EMP1021,C1666,2021-05-15,1,1103,1103
OID11784,PID2008,A115,EMP1044,C1280,2021-10-27,3,315,945
OID11785,PID2024,A110,EMP1009,C1280,2021-03-18,2,356,712
OID11789,PID2050,A162,EMP1030,C1639,2021-07-01,1,2391,2391
OID11790,PID2029,A157,EMP1020,C1451,2021-06-05,1,1848,1848
OID11803,PID2093,A124,EMP1033,C1281,2021-04-11,3,112,336
OID11805,PID2077,A164,EMP1023,C1635,2021-12-05,1,530,530
OID11808,PID2081,A111,EMP1001,C1067,2021-05-15,1,1566,1566
OID11809,PID2008,A111,EMP1044,C1204,2021-09-18,3,315,945
OID11812,PID2023,A138,EMP1034,C1156,2021-04-07,2,818,1636
OID11821,PID2027,A149,EMP1021,C1777,2021-06-04,3,2497,7491
OID11825,PID2095,A103,EMP1015,C1342,2021-08-22,1,1743,1743
OID11826,PID2072,A169,EMP1001,C1000,2021-06-12,1,1887,1887
OID11828,PID2011,A149,EMP1014,C1318,2021-07-27,1,530,530
OID11829,PID2051,A173,EMP1001,C1303,2021-02-19,1,1077,1077
OID11830,PID2008,A128,EMP1009,C1673,2021-09-05,2,315,630
OID11832,PID2034,A133,EMP1036,C1170,2021-01-27,3,871,2613
OID11834,PID2086,A118,EMP1015,C1361,2021-01-29,1,123,123
OID11835,PID2021,A164,EMP1040,C1047,2021-07-04,2,217,434
OID11837,PID2037,A157,EMP1031,C1654,2021-11-03,1,880,880
OID11841,PID2048,A114,EMP1009,C1094,2021-05-14,1,502,502
OID11842,PID2027,A118,EMP1034,C1286,2021-05-20,1,2497,2497
OID11843,PID2023,A173,EMP1027,C1342,2021-11-07,3,818,2454
OID11845,PID2075,A101,EMP1010,C1157,2021-10-23,4,400,1600
OID11849,PID2027,A121,EMP1004,C1731,2021-06-25,4,2497,9988
OID11854,PID2065,A111,EMP1025,C1609,2021-01-30,4,2396,9584
OID11865,PID2064,A146,EMP1009,C1769,2021-11-10,2,1414,2828
OID11867,PID2023,A150,EMP1023,C1380,2021-07-17,1,818,818
OID11869,PID2006,A129,EMP1026,C1579,2021-07-09,4,1826,7304
OID11871,PID2003,A112,EMP1038,C1049,2021-04-09,1,1783,1783
OID11874,PID2072,A105,EMP1001,C1184,2021-01-01,2,1887,3774
OID11878,PID2078,A148,EMP1019,C1751,2021-09-22,3,1798,5394
OID11887,PID2053,A168,EMP1017,C1238,2021-06-13,4,596,2384
OID11890,PID2031,A134,EMP1033,C1554,2021-04-11,3,1638,4914
OID11903,PID2061,A112,EMP1018,C1213,2021-06-18,1,913,913
OID11908,PID2030,A172,EMP1030,C1005,2021-12-06,2,1899,3798
OID11909,PID2044,A157,EMP1005,C1050,2021-09-11,1,886,886
OID11910,PID2084,A142,EMP1019,C1199,2021-02-11,1,1783,1783
OID11911,PID2036,A128,EMP1030,C1650,2021-04-04,3,1582,4746
OID11914,PID2066,A120,EMP1037,C1139,2021-07-22,1,2091,2091
OID11915,PID2079,A156,EMP1027,C1517,2021-09-12,1,1725,1725
OID11916,PID2044,A117,EMP1039,C1100,2021-01-31,3,886,2658
OID11924,PID2087,A160,EMP1004,C1001,2021-07-21,1,1022,1022
OID11925,PID2037,A148,EMP1018,C1096,2021-02-28,3,880,2640
OID11926,PID2015,A105,EMP1038,C1768,2021-09-09,1,637,637
OID11929,PID2012,A148,EMP1016,C1042,2021-09-04,1,1353,1353
OID11935,PID2085,A139,EMP1004,C1186,2021-12-29,3,1862,5586
OID11936,PID2057,A145,EMP1020,C1122,2021-10-02,1,181,181
OID11940,PID2044,A120,EMP1015,C1564,2021-11-08,2,886,1772
OID11943,PID2022,A140,EMP1025,C1469,2021-12-11,1,561,561
OID11945,PID2037,A147,EMP1019,C1044,2021-08-05,3,880,2640
OID11948,PID2014,A150,EMP1017,C1200,2021-04-25,2,1809,3618
OID11955,PID2002,A169,EMP1015,C1056,2021-11-01,3,847,2541
OID11956,PID2027,A111,EMP1019,C1796,2021-05-05,1,2497,2497
OID11957,PID2037,A122,EMP1020,C1127,2021-04-13,1,880,880
OID11960,PID2006,A118,EMP1027,C1757,2021-10-31,1,1826,1826
OID11964,PID2047,A166,EMP1040,C1343,2021-05-22,3,290,870
OID11968,PID2045,A168,EMP1039,C1476,2021-03-17,1,556,556
OID11974,PID2042,A167,EMP1041,C1784,2021-06-02,3,203,609
OID11976,PID2017,A136,EMP1023,C1695,2021-09-13,1,35,35
OID11980,PID2052,A102,EMP1015,C1486,2021-09-14,1,1526,1526
OID11981,PID2086,A125,EMP1016,C1724,2021-07-14,4,123,492
OID11983,PID2068,A105,EMP1018,C1333,2021-02-24,1,1500,1500
OID11984,PID2096,A117,EMP1021,C1461,2021-06-21,1,1587,1587
OID11988,PID2097,A114,EMP1016,C1081,2021-09-08,1,1052,1052
OID11990,PID2006,A157,EMP1038,C1119,2021-07-09,1,1826,1826
OID11996,PID2068,A135,EMP1038,C1631,2021-02-19,3,1500,4500
OID11997,PID2091,A150,EMP1013,C1245,2021-04-12,1,368,368
OID12001,PID2078,A105,EMP1002,C1372,2021-02-19,4,1798,7192
OID12005,PID2006,A117,EMP1037,C1186,2021-08-19,1,1826,1826
OID12006,PID2050,A132,EMP1043,C1768,2021-01-06,1,2391,2391
OID12021,PID2038,A103,EMP1041,C1691,2021-07-02,1,392,392
OID12022,PID2001,A145,EMP1015,C1257,2021-07-08,4,951,3804
OID12024,PID2078,A112,EMP1028,C1268,2021-04-16,2,1798,3596
OID12025,PID2054,A136,EMP1031,C1284,2021-06-16,1,127,127
OID12027,PID2028,A173,EMP1027,C1131,2021-09-28,2,2283,4566
OID12029,PID2067,A155,EMP1013,C1177,2021-07-29,1,1119,1119
OID12031,PID2006,A166,EMP1027,C1201,2021-04-07,3,1826,5478
OID12032,PID2075,A162,EMP1039,C1086,2021-07-11,1,400,400
OID12033,PID2096,A124,EMP1010,C1469,2021-07-11,1,1587,1587
OID12043,PID2047,A121,EMP1020,C1039,2021-06-07,1,290,290
OID12047,PID2076,A132,EMP1036,C1658,2021-09-16,3,1522,4566
OID12051,PID2009,A120,EMP1011,C1774,2021-06-24,1,584,584
OID12052,PID2036,A171,EMP1005,C1628,2021-05-31,3,1582,4746
OID12053,PID2020,A113,EMP1005,C1273,2021-01-13,3,2005,6015
OID12056,PID2020,A148,EMP1035,C1216,2021-11-16,2,2005,4010
OID12063,PID2049,A107,EMP1019,C1656,2021-10-28,4,826,3304
OID12067,PID2092,A173,EMP1024,C1162,2021-09-05,1,1639,1639
OID12068,PID2010,A142,EMP1006,C1636,2021-07-23,1,1812,1812
OID12069,PID2044,A100,EMP1020,C1131,2021-05-19,2,886,1772
OID12072,PID2083,A155,EMP1023,C1800,2021-09-01,4,2141,8564
OID12074,PID2063,A141,EMP1037,C1311,2021-04-24,1,1708,1708
OID12076,PID2091,A149,EMP1014,C1304,2021-09-24,3,368,1104
OID12080,PID2013,A143,EMP1005,C1633,2021-08-30,1,368,368
OID12082,PID2005,A140,EMP1040,C1723,2021-09-30,1,684,684
OID12085,PID2011,A127,EMP1023,C1355,2021-10-25,1,530,530
OID12087,PID2028,A110,EMP1039,C1429,2021-07-28,4,2283,9132
OID12088,PID2005,A154,EMP1018,C1058,2021-02-21,2,684,1368
OID12097,PID2086,A143,EMP1008,C1104,2021-09-05,3,123,369
OID12099,PID2065,A108,EMP1017,C1460,2021-09-23,4,2396,9584
OID12100,PID2095,A170,EMP1000,C1639,2021-12-17,3,1743,5229
OID12101,PID2073,A118,EMP1025,C1635,2021-07-21,1,95,95
OID12102,PID2029,A164,EMP1030,C1594,2021-09-20,4,1848,7392
OID12103,PID2008,A142,EMP1013,C1227,2021-12-04,3,315,945
OID12107,PID2017,A164,EMP1007,C1380,2021-07-20,4,35,140
OID12110,PID2093,A115,EMP1030,C1569,2021-02-16,3,112,336
OID12114,PID2048,A133,EMP1013,C1046,2021-04-06,1,502,502
OID12116,PID2031,A145,EMP1028,C1240,2021-06-26,3,1638,4914
OID12124,PID2092,A125,EMP1002,C1260,2021-01-12,3,1639,4917
OID12125,PID2076,A128,EMP1034,C1414,2021-10-22,1,1522,1522
OID12126,PID2087,A142,EMP1021,C1131,2021-01-01,1,1022,1022
OID12130,PID2082,A130,EMP1031,C1787,2021-02-19,3,1103,3309
OID12131,PID2066,A121,EMP1034,C1355,2021-09-13,3,2091,6273
OID12134,PID2033,A152,EMP1016,C1175,2021-05-27,1,2182,2182
OID12141,PID2074,A135,EMP1034,C1294,2021-08-30,1,504,504
OID12143,PID2099,A159,EMP1007,C1035,2021-01-14,2,1367,2734
OID12146,PID2046,A151,EMP1006,C1416,2021-09-24,1,2410,2410
OID12150,PID2076,A156,EMP1000,C1601,2021-09-16,3,1522,4566
OID12151,PID2047,A116,EMP1019,C1019,2021-03-01,2,290,580
OID12156,PID2048,A171,EMP1016,C1312,2021-09-14,2,502,1004
OID12157,PID2008,A149,EMP1034,C1122,2021-09-23,2,315,630
OID12158,PID2085,A161,EMP1036,C1614,2021-06-16,4,1862,7448
OID12160,PID2040,A134,EMP1023,C1419,2021-05-08,1,1889,1889
OID12161,PID2020,A124,EMP1001,C1628,2021-02-15,2,2005,4010
OID12165,PID2005,A124,EMP1036,C1732,2021-01-26,1,684,684
OID12170,PID2055,A164,EMP1001,C1436,2021-07-11,2,2495,4990
OID12171,PID2012,A132,EMP1001,C1040,2021-11-02,4,1353,5412
OID12173,PID2040,A141,EMP1007,C1490,2021-08-05,1,1889,1889
OID12176,PID2059,A113,EMP1042,C1026,2021-12-15,1,1494,1494
OID12179,PID2027,A173,EMP1037,C1070,2021-10-17,1,2497,2497
OID12184,PID2046,A170,EMP1018,C1004,2021-01-15,3,2410,7230
OID12187,PID2008,A162,EMP1036,C1016,2021-06-07,3,315,945
OID12188,PID2041,A128,EMP1036,C1712,2021-08-21,1,1380,1380
OID12189,PID2056,A133,EMP1024,C1587,2021-08-08,1,1635,1635
OID12194,PID2063,A146,EMP1028,C1425,2021-09-26,1,1708,1708
OID12202,PID2090,A109,EMP1014,C1791,2021-04-26,3,1338,4014
OID12204,PID2024,A100,EMP1026,C1174,2021-08-22,1,356,356
OID12206,PID2046,A143,EMP1033,C1554,2021-05-05,1,2410,2410
OID12208,PID2095,A150,EMP1008,C1034,2021-07-05,3,1743,5229
OID12211,PID2071,A121,EMP1043,C1660,2021-07-26,2,136,272
OID12214,PID2052,A132,EMP1011,C1119,2021-09-30,4,1526,6104
OID12217,PID2083,A172,EMP1002,C1294,2021-04-15,2,2141,4282
OID12221,PID2010,A125,EMP1044,C1133,2021-02-23,4,1812,7248
OID12229,PID2041,A138,EMP1023,C1178,2021-08-17,2,1380,2760
OID12230,PID2078,A169,EMP1035,C1194,2021-08-11,1,1798,1798
OID12231,PID2001,A133,EMP1037,C1331,2021-11-26,1,951,951
OID12232,PID2077,A143,EMP1030,C1518,2021-08-15,1,530,530
OID12234,PID2006,A113,EMP1038,C1610,2021-05-18,1,1826,1826
OID12241,PID2005,A103,EMP1039,C1567,2021-02-02,1,684,684
OID12246,PID2035,A124,EMP1014,C1703,2021-09-14,2,458,916
OID12251,PID2047,A152,EMP1013,C1532,2021-07-30,1,290,290
OID12256,PID2028,A109,EMP1006,C1629,2021-08-08,1,2283,2283
OID12259,PID2053,A161,EMP1017,C1025,2021-03-18,4,596,2384
OID12266,PID2085,A173,EMP1018,C1520,2021-01-17,2,1862,3724
OID12267,PID2062,A157,EMP1041,C1042,2021-01-09,2,2464,4928
OID12277,PID2012,A138,EMP1036,C1752,2021-11-03,2,1353,2706
OID12280,PID2080,A136,EMP1034,C1704,2021-07-15,2,2353,4706
OID12282,PID2011,A160,EMP1026,C1279,2021-03-10,1,530,530
OID12283,PID2073,A166,EMP1032,C1016,2021-04-06,1,95,95
OID12285,PID2100,A145,EMP1022,C1170,2021-02-19,1,799,799
OID12287,PID2057,A110,EMP1039,C1562,2021-12-11,4,181,724
OID12292,PID2025,A169,EMP1031,C1620,2021-02-17,1,667,667
OID12295,PID2016,A128,EMP1031,C1619,2021-08-09,2,1351,2702
OID12300,PID2046,A128,EMP1005,C1636,2021-10-04,3,2410,7230
OID12302,PID2032,A155,EMP1030,C1151,2021-06-12,4,1967,7868
OID12303,PID2005,A149,EMP1036,C1375,2021-03-09,1,684,684
OID12306,PID2093,A148,EMP1039,C1634,2021-04-15,3,112,336
OID12307,PID2004,A165,EMP1034,C1345,2021-08-26,1,1278,1278
OID12313,PID2066,A138,EMP1000,C1012,2021-02-23,2,2091,4182
OID12315,PID2091,A113,EMP1035,C1217,2021-04-27,1,368,368
OID12316,PID2040,A141,EMP1040,C1689,2021-11-26,1,1889,1889
OID12317,PID2016,A117,EMP1017,C1511,2021-01-06,3,1351,4053
OID12319,PID2089,A137,EMP1021,C1781,2021-01-16,2,2294,4588
OID12322,PID2053,A103,EMP1037,C1006,2021-05-10,1,596,596
OID12324,PID2080,A133,EMP1016,C1577,2021-05-02,3,2353,7059
OID12326,PID2005,A138,EMP1004,C1044,2021-10-10,1,684,684
OID12331,PID2064,A124,EMP1010,C1376,2021-08-21,1,1414,1414
OID12332,PID2016,A147,EMP1008,C1611,2021-01-15,2,1351,2702
OID12339,PID2069,A109,EMP1001,C1229,2021-07-01,1,378,378
OID12341,PID2024,A126,EMP1024,C1419,2021-01-13,2,356,712
OID12344,PID2085,A129,EMP1003,C1410,2021-06-12,1,1862,1862
OID12345,PID2018,A165,EMP1044,C1651,2021-05-01,1,1972,1972
OID12350,PID2097,A122,EMP1025,C1730,2021-05-09,3,1052,3156
OID12352,PID2023,A169,EMP1033,C1298,2021-05-05,1,818,818
OID12358,PID2087,A114,EMP1012,C1386,2021-02-01,4,1022,4088
OID12361,PID2044,A118,EMP1040,C1014,2021-04-22,3,886,2658
OID12364,PID2091,A111,EMP1004,C1270,2021-08-12,2,368,736
OID12366,PID2015,A112,EMP1034,C1091,2021-01-11,1,637,637
OID12367,PID2087,A101,EMP1029,C1510,2021-02-14,3,1022,3066
OID12371,PID2053,A116,EMP1032,C1048,2021-01-12,1,596,596
OID12378,PID2064,A154,EMP1016,C1111,2021-07-08,1,1414,1414
OID12379,PID2066,A134,EMP1022,C1072,2021-06-03,3,2091,6273
OID12382,PID2031,A173,EMP1020,C1251,2021-09-29,3,1638,4914
OID12383,PID2076,A134,EMP1015,C1041,2021-01-04,1,1522,1522
OID12384,PID2094,A114,EMP1003,C1539,2021-03-31,1,771,771
OID12386,PID2012,A113,EMP1027,C1351,2021-11-18,2,1353,2706
OID12387,PID2026,A111,EMP1027,C1074,2021-01-07,1,947,947
OID12392,PID2034,A161,EMP1028,C1443,2021-12-30,1,871,871
OID12393,PID2096,A135,EMP1017,C1536,2021-10-15,1,1587,1587
OID12397,PID2086,A107,EMP1036,C1192,2021-02-24,1,123,123
OID12399,PID2059,A153,EMP1004,C1345,2021-01-20,3,1494,4482
OID12405,PID2032,A147,EMP1031,C1187,2021-01-31,1,1967,1967
OID12406,PID2033,A166,EMP1028,C1061,2021-08-12,1,2182,2182
OID12409,PID2056,A116,EMP1035,C1574,2021-11-07,1,1635,1635
OID12410,PID2068,A166,EMP1015,C1761,2021-10-27,2,1500,3000
OID12419,PID2024,A116,EMP1002,C1783,2021-11-29,1,356,356
OID12421,PID2018,A144,EMP1000,C1625,2021-12-31,3,1972,5916
OID12423,PID2008,A136,EMP1038,C1265,2021-03-06,3,315,945
OID12425,PID2071,A144,EMP1043,C1585,2021-09-29,1,136,136
OID12427,PID2036,A101,EMP1016,C1677,2021-08-23,1,1582,1582
OID12433,PID2038,A139,EMP1009,C1266,2021-11-18,3,392,1176
OID12435,PID2041,A142,EMP1001,C1798,2021-01-18,2,1380,2760
OID12439,PID2074,A117,EMP1023,C1213,2021-01-23,2,504,1008
OID12441,PID2021,A124,EMP1020,C1509,2021-08-16,1,217,217
OID12445,PID2078,A132,EMP1044,C1137,2021-03-12,1,1798,1798
OID12448,PID2060,A109,EMP1030,C1500,2021-08-11,1,1467,1467
OID12450,PID2048,A159,EMP1037,C1530,2021-11-18,1,502,502
OID12451,PID2006,A105,EMP1025,C1740,2021-05-29,3,1826,5478
OID12452,PID2083,A116,EMP1034,C1446,2021-05-27,4,2141,8564
OID12453,PID2072,A103,EMP1025,C1068,2021-09-24,2,1887,3774
OID12456,PID2087,A129,EMP1010,C1017,2021-10-07,1,1022,1022
OID12459,PID2080,A166,EMP1033,C1103,2021-06-24,2,2353,4706
OID12462,PID2043,A154,EMP1030,C1011,2021-07-27,2,545,1090
OID12464,PID2000,A119,EMP1001,C1283,2021-10-05,3,2241,6723
OID12466,PID2033,A122,EMP1026,C1760,2021-01-31,1,2182,2182
OID12470,PID2096,A152,EMP1022,C1370,2021-12-29,1,1587,1587
OID12471,PID2010,A125,EMP1040,C1177,2021-09-11,1,1812,1812
OID12475,PID2059,A106,EMP1040,C1761,2021-01-24,1,1494,1494
OID12476,PID2034,A120,EMP1016,C1087,2021-06-15,1,871,871
OID12483,PID2037,A105,EMP1036,C1471,2021-06-28,2,880,1760
OID12484,PID2096,A127,EMP1021,C1549,2021-09-15,1,1587,1587
OID12488,PID2045,A135,EMP1041,C1003,2021-10-10,1,556,556
OID12489,PID2059,A119,EMP1003,C1568,2021-12-13,3,1494,4482
OID12490,PID2084,A117,EMP1030,C1510,2021-09-26,1,1783,1783
OID12498,PID2092,A119,EMP1009,C1289,2021-08-29,1,1639,1639
OID12509,PID2033,A125,EMP1031,C1740,2021-12-12,2,2182,4364
OID12510,PID2001,A163,EMP1002,C1447,2021-09-07,1,951,951
OID12512,PID2048,A160,EMP1030,C1465,2021-05-01,4,502,2008
OID12513,PID2013,A162,EMP1016,C1571,2021-04-20,2,368,736
OID12515,PID2083,A137,EMP1019,C1501,2021-02-12,1,2141,2141
OID12516,PID2089,A128,EMP1013,C1756,2021-02-08,2,2294,4588
OID12521,PID2053,A117,EMP1018,C1352,2021-08-21,1,596,596
OID12522,PID2058,A156,EMP1025,C1440,2021-09-02,2,2257,4514
OID12525,PID2030,A102,EMP1015,C1797,2021-08-31,1,1899,1899
OID12530,PID2043,A135,EMP1029,C1364,2021-04-19,1,545,545
OID12534,PID2016,A133,EMP1028,C1778,2021-04-29,1,1351,1351
OID12537,PID2095,A157,EMP1016,C1109,2021-08-18,1,1743,1743
OID12538,PID2067,A142,EMP1011,C1083,2021-06-22,1,1119,1119
OID12545,PID2087,A141,EMP1037,C1021,2021-02-18,1,1022,1022
OID12549,PID2044,A144,EMP1042,C1276,2021-03-01,3,886,2658
OID12551,PID2016,A139,EMP1041,C1539,2021-12-27,1,1351,1351
OID12552,PID2095,A151,EMP1034,C1097,2021-01-01,1,1743,1743
OID12554,PID2096,A123,EMP1023,C1485,2021-04-23,2,1587,3174
OID12555,PID2094,A149,EMP1004,C1512,2021-01-17,1,771,771
OID12556,PID2088,A154,EMP1034,C1221,2021-03-07,4,603,2412
OID12557,PID2008,A161,EMP1007,C1670,2021-10-18,2,315,630
OID12559,PID2049,A104,EMP1042,C1605,2021-02-02,4,826,3304
OID12561,PID2076,A149,EMP1004,C1691,2021-08-04,2,1522,3044
OID12565,PID2034,A140,EMP1013,C1211,2021-05-23,1,871,871
OID12567,PID2066,A117,EMP1018,C1529,2021-02-18,4,2091,8364
OID12568,PID2085,A145,EMP1018,C1465,2021-11-28,1,1862,1862
OID12569,PID2047,A136,EMP1015,C1458,2021-12-03,1,290,290
OID12572,PID2037,A126,EMP1012,C1141,2021-09-02,1,880,880
OID12576,PID2084,A132,EMP1015,C1634,2021-02-27,1,1783,1783
OID12582,PID2091,A107,EMP1026,C1404,2021-07-31,1,368,368
OID12588,PID2075,A148,EMP1017,C1779,2021-05-05,1,400,400
OID12594,PID2036,A132,EMP1011,C1654,2021-03-04,3,1582,4746
OID12595,PID2096,A158,EMP1032,C1301,2021-06-28,2,1587,3174
OID12596,PID2064,A141,EMP1042,C1366,2021-04-08,1,1414,1414
OID12597,PID2088,A137,EMP1003,C1496,2021-10-23,3,603,1809
OID12599,PID2019,A162,EMP1039,C1149,2021-09-12,1,800,800
OID12600,PID2072,A138,EMP1036,C1423,2021-12-27,1,1887,1887
OID12603,PID2023,A111,EMP1005,C1137,2021-05-01,3,818,2454
OID12606,PID2049,A153,EMP1011,C1466,2021-12-21,1,826,826
OID12609,PID2040,A106,EMP1041,C1362,2021-09-08,1,1889,1889
OID12610,PID2099,A132,EMP1005,C1269,2021-11-18,1,1367,1367
OID12611,PID2064,A126,EMP1005,C1431,2021-12-31,3,1414,4242
OID12614,PID2091,A162,EMP1013,C1140,2021-10-26,4,368,1472
OID12617,PID2018,A142,EMP1020,C1375,2021-08-31,1,1972,1972
OID12621,PID2002,A141,EMP1001,C1598,2021-08-03,1,847,847
OID12625,PID2035,A146,EMP1005,C1410,2021-01-18,1,458,458
OID12629,PID2091,A127,EMP1020,C1006,2021-09-08,1,368,368
OID12631,PID2066,A100,EMP1012,C1397,2021-12-01,1,2091,2091
OID12633,PID2035,A110,EMP1030,C1228,2021-04-02,1,458,458
OID12640,PID2092,A102,EMP1040,C1406,2021-11-06,1,1639,1639
OID12641,PID2000,A119,EMP1015,C1303,2021-11-03,2,2241,4482
OID12643,PID2025,A127,EMP1037,C1505,2021-07-07,1,667,667
OID12646,PID2082,A161,EMP1027,C1513,2021-11-03,2,1103,2206
OID12647,PID2076,A104,EMP1026,C1119,2021-03-12,1,1522,1522
OID12652,PID2038,A117,EMP1039,C1775,2021-11-08,1,392,392
OID12655,PID2032,A134,EMP1007,C1367,2021-06-29,3,1967,5901
OID12658,PID2036,A166,EMP1027,C1228,2021-06-17,3,1582,4746
OID12659,PID2007,A133,EMP1025,C1581,2021-10-07,4,1405,5620
OID12667,PID2032,A123,EMP1018,C1731,2021-06-08,2,1967,3934
OID12670,PID2093,A112,EMP1031,C1708,2021-04-03,1,112,112
OID12672,PID2094,A100,EMP1021,C1306,2021-12-31,3,771,2313
OID12673,PID2039,A155,EMP1040,C1792,2021-07-15,2,817,1634
OID12675,PID2028,A138,EMP1009,C1303,2021-06-03,1,2283,2283
OID12677,PID2083,A168,EMP1033,C1531,2021-06-21,1,2141,2141
OID12679,PID2041,A170,EMP1040,C1642,2021-01-07,4,1380,5520
OID12680,PID2007,A113,EMP1008,C1672,2021-12-14,1,1405,1405
OID12682,PID2044,A163,EMP1023,C1716,2021-10-17,2,886,1772
OID12683,PID2048,A171,EMP1025,C1025,2021-02-14,3,502,1506
OID12690,PID2021,A102,EMP1000,C1410,2021-08-14,1,217,217
OID12691,PID2095,A107,EMP1028,C1637,2021-06-26,3,1743,5229
OID12693,PID2007,A155,EMP1029,C1403,2021-09-13,4,1405,5620
OID12696,PID2018,A167,EMP1005,C1716,2021-04-23,1,1972,1972
OID12700,PID2036,A149,EMP1027,C1415,2021-03-04,1,1582,1582
OID12703,PID2025,A118,EMP1040,C1529,2021-10-21,3,667,2001
OID12704,PID2098,A146,EMP1028,C1783,2021-02-20,1,1178,1178
OID12705,PID2095,A143,EMP1044,C1552,2021-12-31,1,1743,1743
OID12708,PID2026,A136,EMP1009,C1782,2021-11-28,2,947,1894
OID12710,PID2050,A143,EMP1005,C1069,2021-08-15,1,2391,2391
OID12713,PID2065,A151,EMP1001,C1628,2021-09-26,3,2396,7188
OID12715,PID2054,A104,EMP1020,C1591,2021-09-02,1,127,127
OID12717,PID2043,A145,EMP1039,C1620,2021-11-23,4,545,2180
OID12718,PID2034,A139,EMP1025,C1633,2021-08-28,2,871,1742
OID12723,PID2023,A148,EMP1015,C1004,2021-07-20,1,818,818
OID12725,PID2001,A172,EMP1012,C1339,2021-04-09,3,951,2853
OID12731,PID2060,A157,EMP1036,C1593,2021-07-08,1,1467,1467
OID12733,PID2081,A118,EMP1040,C1350,2021-11-24,1,1566,1566
OID12734,PID2049,A120,EMP1043,C1671,2021-02-04,1,826,826
OID12735,PID2073,A107,EMP1042,C1326,2021-01-14,1,95,95
OID12737,PID2007,A149,EMP1001,C1710,2021-06-08,1,1405,1405
OID12739,PID2026,A104,EMP1025,C1369,2021-04-18,2,947,1894
OID12741,PID2044,A155,EMP1010,C1384,2021-04-19,2,886,1772
OID12746,PID2031,A148,EMP1008,C1572,2021-03-14,3,1638,4914
OID12748,PID2003,A113,EMP1014,C1746,2021-06-28,1,1783,1783
OID12754,PID2055,A137,EMP1010,C1687,2021-09-06,4,2495,9980
OID12760,PID2051,A124,EMP1041,C1310,2021-01-12,3,1077,3231
OID12762,PID2051,A155,EMP1010,C1621,2021-11-10,2,1077,2154
OID12769,PID2020,A107,EMP1018,C1790,2021-01-27,1,2005,2005
OID12773,PID2091,A130,EMP1035,C1079,2021-08-25,4,368,1472
OID12774,PID2022,A115,EMP1015,C1074,2021-09-03,1,561,561
OID12775,PID2093,A145,EMP1014,C1343,2021-05-05,2,112,224
OID12776,PID2027,A169,EMP1037,C1729,2021-05-29,1,2497,2497
OID12778,PID2001,A156,EMP1019,C1522,2021-05-26,3,951,2853
OID12781,PID2094,A109,EMP1018,C1113,2021-03-23,1,771,771
OID12783,PID2012,A117,EMP1010,C1671,2021-02-12,3,1353,4059
OID12784,PID2064,A112,EMP1015,C1708,2021-12-25,1,1414,1414
OID12787,PID2066,A167,EMP1015,C1373,2021-08-06,1,2091,2091
OID12789,PID2016,A132,EMP1005,C1112,2021-02-24,4,1351,5404
OID12799,PID2100,A155,EMP1037,C1421,2021-07-22,1,799,799
OID12802,PID2063,A162,EMP1006,C1406,2021-08-23,2,1708,3416
OID12806,PID2092,A157,EMP1035,C1607,2021-04-14,3,1639,4917
OID12807,PID2081,A104,EMP1036,C1572,2021-04-16,4,1566,6264
OID12809,PID2089,A109,EMP1005,C1285,2021-10-02,1,2294,2294
OID12811,PID2000,A125,EMP1034,C1016,2021-11-13,1,2241,2241
OID12812,PID2063,A120,EMP1033,C1469,2021-08-04,4,1708,6832
OID12815,PID2006,A104,EMP1009,C1548,2021-06-01,2,1826,3652
OID12818,PID2058,A149,EMP1037,C1750,2021-01-11,4,2257,9028
OID12822,PID2000,A150,EMP1017,C1079,2021-10-30,4,2241,8964
OID12823,PID2075,A150,EMP1029,C1443,2021-03-20,1,400,400
OID12825,PID2004,A128,EMP1018,C1317,2021-12-28,2,1278,2556
OID12826,PID2063,A126,EMP1034,C1508,2021-07-02,1,1708,1708
OID12832,PID2000,A171,EMP1026,C1147,2021-07-23,3,2241,6723
OID12837,PID2066,A121,EMP1002,C1234,2021-10-23,1,2091,2091
OID12853,PID2003,A116,EMP1005,C1586,2021-02-14,3,1783,5349
OID12859,PID2069,A120,EMP1043,C1526,2021-08-15,1,378,378
OID12863,PID2040,A108,EMP1034,C1147,2021-11-28,2,1889,3778
OID12864,PID2013,A101,EMP1025,C1278,2021-08-04,1,368,368
OID12865,PID2057,A136,EMP1031,C1610,2021-05-21,3,181,543
OID12868,PID2057,A164,EMP1014,C1249,2021-01-15,1,181,181
OID12869,PID2078,A161,EMP1026,C1543,2021-01-20,1,1798,1798
OID12873,PID2068,A160,EMP1034,C1148,2021-04-26,3,1500,4500
OID12879,PID2045,A124,EMP1005,C1539,2021-07-25,1,556,556
OID12885,PID2063,A147,EMP1042,C1798,2021-07-28,1,1708,1708
OID12888,PID2075,A130,EMP1029,C1234,2021-04-11,1,400,400
OID12892,PID2033,A173,EMP1044,C1112,2021-01-27,1,2182,2182
OID12896,PID2048,A155,EMP1014,C1335,2021-03-06,4,502,2008
OID12903,PID2076,A126,EMP1020,C1795,2021-03-21,4,1522,6088
OID12905,PID2089,A147,EMP1030,C1122,2021-08-16,1,2294,2294
OID12908,PID2038,A162,EMP1010,C1170,2021-02-16,2,392,784
OID12917,PID2087,A143,EMP1023,C1360,2021-12-13,3,1022,3066
OID12928,PID2057,A109,EMP1015,C1744,2021-12-03,4,181,724
OID12930,PID2059,A129,EMP1020,C1506,2021-12-28,1,1494,1494
OID12936,PID2089,A120,EMP1036,C1167,2021-10-07,1,2294,2294
OID12940,PID2012,A105,EMP1022,C1041,2021-10-16,2,1353,2706
OID12942,PID2022,A133,EMP1043,C1717,2021-06-05,2,561,1122
OID12949,PID2067,A130,EMP1034,C1798,2021-12-22,3,1119,3357
OID12951,PID2091,A141,EMP1001,C1043,2021-03-24,2,368,736
OID12953,PID2037,A145,EMP1027,C1225,2021-10-04,1,880,880
OID12954,PID2082,A112,EMP1036,C1313,2021-03-07,1,1103,1103
OID12955,PID2039,A158,EMP1009,C1196,2021-01-11,3,817,2451
OID12963,PID2013,A166,EMP1028,C1671,2021-02-24,1,368,368
OID12964,PID2053,A158,EMP1022,C1579,2021-11-23,2,596,1192
OID12965,PID2091,A134,EMP1029,C1696,2021-02-08,2,368,736
OID12966,PID2003,A160,EMP1035,C1773,2021-12-20,3,1783,5349
OID12967,PID2005,A127,EMP1036,C1206,2021-06-07,3,684,2052
OID12968,PID2018,A166,EMP1041,C1061,2021-03-20,1,1972,1972
OID12970,PID2018,A170,EMP1028,C1715,2021-03-04,2,1972,3944
OID12971,PID2016,A117,EMP1001,C1591,2021-07-13,2,1351,2702
OID12973,PID2034,A134,EMP1020,C1046,2021-06-28,3,871,2613
OID12974,PID2020,A102,EMP1018,C1015,2021-08-07,1,2005,2005
OID12975,PID2060,A170,EMP1008,C1591,2021-09-11,1,1467,1467
OID12976,PID2085,A102,EMP1019,C1168,2021-06-17,1,1862,1862
OID12977,PID2051,A113,EMP1033,C1477,2021-01-23,1,1077,1077
OID12979,PID2007,A151,EMP1005,C1346,2021-10-20,2,1405,2810
OID12981,PID2093,A154,EMP1026,C1435,2021-05-13,4,112,448
OID12983,PID2094,A138,EMP1036,C1235,2021-08-02,1,771,771
OID12987,PID2049,A123,EMP1027,C1738,2021-08-22,1,826,826
OID12992,PID2009,A154,EMP1017,C1313,2021-03-27,3,584,1752
OID12993,PID2089,A107,EMP1041,C1063,2021-07-15,1,2294,2294
OID12994,PID2078,A132,EMP1038,C1359,2021-07-24,1,1798,1798
OID12997,PID2023,A119,EMP1037,C1505,2021-12-15,2,818,1636
OID12998,PID2056,A110,EMP1004,C1602,2021-05-01,2,1635,3270
OID13001,PID2059,A173,EMP1032,C1114,2021-04-03,4,1494,5976
OID13003,PID2035,A157,EMP1029,C1701,2021-12-26,3,458,1374
OID13005,PID2038,A101,EMP1003,C1160,2021-02-28,2,392,784
OID13006,PID2065,A157,EMP1022,C1583,2021-09-04,1,2396,2396
OID13007,PID2056,A154,EMP1003,C1166,2021-03-09,1,1635,1635
OID13014,PID2094,A134,EMP1022,C1629,2021-05-25,1,771,771
OID13015,PID2077,A149,EMP1017,C1153,2021-03-23,1,530,530
OID13016,PID2076,A150,EMP1041,C1075,2021-07-31,1,1522,1522
OID13020,PID2090,A136,EMP1034,C1701,2021-03-12,1,1338,1338
OID13023,PID2020,A149,EMP1017,C1716,2021-12-10,3,2005,6015
OID13025,PID2054,A117,EMP1032,C1019,2021-08-26,1,127,127
OID13027,PID2060,A165,EMP1030,C1387,2021-06-13,2,1467,2934
OID13029,PID2089,A134,EMP1020,C1603,2021-09-30,1,2294,2294
OID13030,PID2036,A136,EMP1016,C1568,2021-08-11,4,1582,6328
OID13036,PID2025,A144,EMP1041,C1718,2021-07-07,1,667,667
OID13043,PID2010,A124,EMP1021,C1092,2021-05-22,1,1812,1812
OID13044,PID2048,A136,EMP1010,C1327,2021-09-13,1,502,502
OID13049,PID2043,A114,EMP1004,C1786,2021-12-27,4,545,2180
OID13052,PID2048,A124,EMP1017,C1743,2021-09-25,2,502,1004
OID13054,PID2087,A145,EMP1006,C1128,2021-11-12,1,1022,1022
OID13058,PID2009,A155,EMP1003,C1347,2021-09-26,3,584,1752
OID13060,PID2099,A149,EMP1038,C1420,2021-04-22,3,1367,4101
OID13066,PID2096,A148,EMP1005,C1452,2021-11-28,1,1587,1587
OID13070,PID2001,A169,EMP1030,C1021,2021-12-02,1,951,951
OID13072,PID2050,A109,EMP1017,C1043,2021-10-12,3,2391,7173
OID13076,PID2078,A163,EMP1038,C1002,2021-09-05,3,1798,5394
OID13077,PID2053,A102,EMP1023,C1199,2021-12-09,4,596,2384
OID13078,PID2001,A158,EMP1015,C1140,2021-12-05,1,951,951
OID13081,PID2038,A108,EMP1011,C1387,2021-05-08,3,392,1176
OID13082,PID2094,A153,EMP1024,C1158,2021-05-23,3,771,2313
OID13084,PID2030,A151,EMP1002,C1232,2021-02-27,3,1899,5697
OID13085,PID2089,A173,EMP1014,C1219,2021-07-06,2,2294,4588
OID13086,PID2067,A128,EMP1012,C1751,2021-08-23,1,1119,1119
OID13087,PID2093,A141,EMP1018,C1229,2021-04-04,1,112,112
OID13091,PID2027,A120,EMP1039,C1199,2021-10-27,1,2497,2497
OID13098,PID2068,A145,EMP1026,C1478,2021-02-13,3,1500,4500
OID13100,PID2091,A112,EMP1034,C1703,2021-11-23,1,368,368
OID13103,PID2036,A139,EMP1027,C1114,2021-08-02,1,1582,1582
OID13105,PID2074,A100,EMP1041,C1101,2021-03-31,1,504,504
OID13107,PID2065,A133,EMP1013,C1183,2021-12-28,3,2396,7188
OID13109,PID2070,A123,EMP1031,C1688,2021-12-28,1,1671,1671
OID13115,PID2002,A104,EMP1032,C1427,2021-07-30,1,847,847
OID13119,PID2036,A172,EMP1010,C1173,2021-09-13,4,1582,6328
OID13121,PID2001,A125,EMP1032,C1671,2021-11-19,1,951,951
OID13126,PID2033,A115,EMP1033,C1337,2021-05-08,2,2182,4364
OID13132,PID2090,A109,EMP1001,C1311,2021-05-01,1,1338,1338
OID13138,PID2100,A106,EMP1017,C1039,2021-05-11,1,799,799
OID13140,PID2055,A118,EMP1008,C1678,2021-03-25,4,2495,9980
OID13143,PID2029,A112,EMP1034,C1395,2021-12-17,1,1848,1848
OID13144,PID2053,A158,EMP1031,C1631,2021-12-10,2,596,1192
OID13154,PID2026,A125,EMP1022,C1019,2021-10-06,2,947,1894
OID13156,PID2080,A112,EMP1011,C1449,2021-10-29,1,2353,2353
OID13158,PID2010,A124,EMP1030,C1701,2021-09-18,3,1812,5436
OID13162,PID2099,A164,EMP1030,C1049,2021-07-29,2,1367,2734
OID13163,PID2024,A144,EMP1030,C1496,2021-02-11,1,356,356
OID13164,PID2071,A151,EMP1041,C1229,2021-05-24,2,136,272
OID13171,PID2097,A162,EMP1036,C1019,2021-05-07,1,1052,1052
OID13173,PID2092,A113,EMP1010,C1465,2021-09-12,1,1639,1639
OID13176,PID2087,A149,EMP1017,C1169,2021-12-29,1,1022,1022
OID13179,PID2057,A171,EMP1042,C1776,2021-07-08,3,181,543
OID13188,PID2097,A136,EMP1023,C1617,2021-01-03,4,1052,4208
OID13190,PID2058,A133,EMP1043,C1727,2021-03-16,4,2257,9028
OID13192,PID2079,A173,EMP1023,C1125,2021-10-25,1,1725,1725
OID13194,PID2014,A164,EMP1037,C1045,2021-07-01,2,1809,3618
OID13197,PID2098,A132,EMP1042,C1364,2021-05-13,2,1178,2356
OID13199,PID2082,A169,EMP1006,C1122,2021-03-12,3,1103,3309
OID13204,PID2013,A164,EMP1022,C1620,2021-11-18,2,368,736
OID13207,PID2046,A150,EMP1011,C1126,2021-03-10,1,2410,2410
OID13211,PID2095,A139,EMP1035,C1614,2021-03-29,2,1743,3486
OID13212,PID2062,A146,EMP1031,C1369,2021-08-25,1,2464,2464
OID13214,PID2006,A152,EMP1030,C1445,2021-10-07,1,1826,1826
OID13220,PID2062,A147,EMP1027,C1639,2021-05-12,1,2464,2464
OID13221,PID2026,A148,EMP1043,C1628,2021-08-14,3,947,2841
OID13223,PID2086,A129,EMP1009,C1021,2021-08-11,1,123,123
OID13225,PID2099,A123,EMP1011,C1746,2021-04-24,1,1367,1367
OID13227,PID2068,A169,EMP1023,C1103,2021-01-22,1,1500,1500
OID13229,PID2025,A142,EMP1002,C1686,2021-02-17,1,667,667
OID13230,PID2002,A109,EMP1009,C1562,2021-05-27,4,847,3388
OID13238,PID2098,A125,EMP1044,C1097,2021-11-18,1,1178,1178
OID13243,PID2028,A121,EMP1013,C1394,2021-06-07,1,2283,2283
OID13246,PID2036,A107,EMP1007,C1796,2021-10-08,2,1582,3164
OID13250,PID2039,A169,EMP1007,C1722,2021-05-11,1,817,817
OID13251,PID2021,A108,EMP1011,C1703,2021-06-05,4,217,868
OID13253,PID2054,A116,EMP1043,C1639,2021-02-26,3,127,381
OID13255,PID2022,A173,EMP1043,C1575,2021-01-14,1,561,561
OID13257,PID2075,A123,EMP1007,C1206,2021-05-10,4,400,1600
OID13261,PID2005,A138,EMP1013,C1050,2021-12-09,4,684,2736
OID13262,PID2021,A152,EMP1018,C1174,2021-01-31,4,217,868
OID13265,PID2018,A150,EMP1006,C1010,2021-12-20,2,1972,3944
OID13267,PID2001,A139,EMP1018,C1581,2021-05-24,1,951,951
OID13268,PID2077,A155,EMP1002,C1027,2021-05-15,1,530,530
OID13270,PID2004,A130,EMP1035,C1262,2021-01-05,2,1278,2556
OID13271,PID2023,A145,EMP1012,C1665,2021-09-02,4,818,3272
OID13275,PID2022,A105,EMP1007,C1643,2021-01-20,1,561,561
OID13277,PID2058,A118,EMP1041,C1576,2021-10-17,4,2257,9028
OID13278,PID2000,A135,EMP1007,C1326,2021-05-06,1,2241,2241
OID13280,PID2053,A113,EMP1033,C1347,2021-12-07,2,596,1192
OID13282,PID2029,A106,EMP1019,C1457,2021-05-26,2,1848,3696
OID13283,PID2006,A124,EMP1040,C1600,2021-11-15,2,1826,3652
OID13290,PID2100,A157,EMP1012,C1374,2021-03-09,3,799,2397
OID13296,PID2093,A128,EMP1031,C1349,2021-07-08,2,112,224
OID13304,PID2067,A106,EMP1006,C1670,2021-11-11,2,1119,2238
OID13305,PID2031,A173,EMP1027,C1643,2021-02-08,1,1638,1638
OID13310,PID2026,A116,EMP1042,C1062,2021-05-05,1,947,947
OID13316,PID2090,A140,EMP1040,C1078,2021-05-03,3,1338,4014
OID13318,PID2002,A144,EMP1018,C1347,2021-05-11,1,847,847
OID13328,PID2013,A126,EMP1042,C1103,2021-11-19,4,368,1472
OID13329,PID2046,A163,EMP1029,C1451,2021-10-16,3,2410,7230
OID13333,PID2040,A170,EMP1018,C1612,2021-07-12,3,1889,5667
OID13335,PID2085,A159,EMP1004,C1611,2021-02-21,3,1862,5586
OID13344,PID2007,A119,EMP1038,C1162,2021-07-24,3,1405,4215
OID13347,PID2008,A157,EMP1008,C1389,2021-01-12,1,315,315
OID13348,PID2085,A170,EMP1021,C1567,2021-04-12,3,1862,5586
OID13354,PID2019,A154,EMP1013,C1726,2021-11-06,3,800,2400
OID13355,PID2014,A118,EMP1026,C1377,2021-01-29,3,1809,5427
OID13357,PID2060,A125,EMP1038,C1460,2021-09-22,1,1467,1467
OID13365,PID2089,A111,EMP1034,C1001,2021-05-26,1,2294,2294
OID13369,PID2091,A142,EMP1009,C1615,2021-05-05,1,368,368
OID13371,PID2026,A126,EMP1016,C1641,2021-03-16,2,947,1894
OID13373,PID2052,A133,EMP1023,C1141,2021-03-20,1,1526,1526
OID13375,PID2047,A162,EMP1038,C1712,2021-12-02,3,290,870
OID13378,PID2052,A106,EMP1012,C1514,2021-11-12,2,1526,3052
OID13384,PID2070,A168,EMP1011,C1047,2021-07-14,2,1671,3342
OID13385,PID2098,A170,EMP1031,C1332,2021-07-08,3,1178,3534
OID13387,PID2088,A144,EMP1025,C1696,2021-06-22,1,603,603
OID13392,PID2031,A106,EMP1036,C1704,2021-09-17,1,1638,1638
OID13402,PID2014,A101,EMP1037,C1150,2021-12-22,1,1809,1809
OID13409,PID2093,A163,EMP1030,C1113,2021-10-03,4,112,448
OID13410,PID2038,A161,EMP1008,C1234,2021-12-11,1,392,392
OID13411,PID2057,A165,EMP1040,C1473,2021-01-07,2,181,362
OID13415,PID2070,A117,EMP1004,C1082,2021-01-12,4,1671,6684
OID13416,PID2022,A146,EMP1011,C1318,2021-08-08,2,561,1122
OID13417,PID2088,A138,EMP1002,C1559,2021-08-25,1,603,603
OID13424,PID2036,A126,EMP1023,C1799,2021-05-11,1,1582,1582
OID13425,PID2041,A140,EMP1006,C1034,2021-12-03,1,1380,1380
OID13426,PID2023,A131,EMP1013,C1165,2021-02-15,1,818,818
OID13427,PID2000,A144,EMP1001,C1007,2021-05-26,1,2241,2241
OID13433,PID2004,A167,EMP1035,C1751,2021-02-26,1,1278,1278
OID13434,PID2054,A166,EMP1029,C1481,2021-10-30,1,127,127
OID13437,PID2093,A105,EMP1019,C1443,2021-08-20,3,112,336
OID13438,PID2020,A146,EMP1032,C1766,2021-05-27,1,2005,2005
OID13439,PID2033,A125,EMP1030,C1527,2021-07-27,1,2182,2182
OID13446,PID2008,A164,EMP1010,C1559,2021-02-06,1,315,315
OID13449,PID2001,A149,EMP1023,C1314,2021-04-01,1,951,951
OID13461,PID2041,A170,EMP1025,C1022,2021-02-25,1,1380,1380
OID13464,PID2034,A106,EMP1013,C1452,2021-12-21,2,871,1742
OID13467,PID2039,A171,EMP1011,C1545,2021-02-14,4,817,3268
OID13468,PID2023,A156,EMP1011,C1139,2021-11-11,1,818,818
OID13470,PID2081,A128,EMP1031,C1105,2021-02-25,3,1566,4698
OID13472,PID2058,A125,EMP1001,C1405,2021-02-21,1,2257,2257
OID13480,PID2082,A134,EMP1041,C1356,2021-08-11,1,1103,1103
OID13481,PID2081,A102,EMP1022,C1724,2021-07-19,1,1566,1566
OID13486,PID2080,A128,EMP1043,C1670,2021-01-23,1,2353,2353
OID13487,PID2035,A173,EMP1003,C1654,2021-11-21,1,458,458
OID13489,PID2083,A161,EMP1017,C1696,2021-06-28,4,2141,8564
OID13494,PID2023,A123,EMP1002,C1198,2021-07-25,1,818,818
OID13497,PID2099,A167,EMP1026,C1449,2021-04-21,3,1367,4101
OID13500,PID2001,A167,EMP1010,C1326,2021-05-24,3,951,2853
OID13501,PID2097,A130,EMP1018,C1570,2021-11-14,4,1052,4208
OID13504,PID2089,A131,EMP1005,C1606,2021-02-25,2,2294,4588
OID13505,PID2029,A155,EMP1023,C1609,2021-02-13,2,1848,3696
OID13506,PID2021,A126,EMP1031,C1047,2021-10-08,1,217,217
OID13507,PID2027,A156,EMP1008,C1339,2021-10-02,1,2497,2497
OID13509,PID2035,A102,EMP1028,C1786,2021-11-28,3,458,1374
OID13510,PID2034,A118,EMP1040,C1687,2021-12-12,1,871,871
OID13512,PID2095,A116,EMP1029,C1173,2021-09-26,3,1743,5229
OID13516,PID2050,A126,EMP1010,C1567,2021-02-18,3,2391,7173
OID13521,PID2038,A146,EMP1039,C1203,2021-03-06,1,392,392
OID13526,PID2060,A152,EMP1024,C1659,2021-12-30,3,1467,4401
OID13527,PID2033,A134,EMP1035,C1489,2021-01-12,3,2182,6546
OID13530,PID2025,A117,EMP1008,C1337,2021-10-12,1,667,667
OID13532,PID2047,A165,EMP1030,C1311,2021-02-16,4,290,1160
OID13544,PID2067,A164,EMP1002,C1423,2021-01-24,4,1119,4476
OID13546,PID2054,A166,EMP1010,C1143,2021-03-30,2,127,254
OID13548,PID2056,A156,EMP1042,C1560,2021-01-03,1,1635,1635
OID13550,PID2090,A113,EMP1000,C1679,2021-11-25,1,1338,1338
OID13555,PID2016,A102,EMP1040,C1068,2021-06-28,3,1351,4053
OID13556,PID2020,A125,EMP1038,C1324,2021-02-11,2,2005,4010
OID13564,PID2064,A167,EMP1029,C1118,2021-02-28,1,1414,1414
OID13568,PID2056,A103,EMP1044,C1310,2021-01-25,3,1635,4905
OID13575,PID2058,A170,EMP1011,C1545,2021-09-25,4,2257,9028
OID13576,PID2052,A152,EMP1026,C1730,2021-03-14,1,1526,1526
OID13578,PID2077,A114,EMP1024,C1270,2021-12-10,3,530,1590
OID13581,PID2076,A161,EMP1001,C1619,2021-11-06,4,1522,6088
OID13583,PID2064,A167,EMP1040,C1250,2021-12-04,1,1414,1414
OID13588,PID2045,A146,EMP1008,C1064,2021-09-19,2,556,1112
OID13592,PID2006,A126,EMP1028,C1112,2021-10-14,4,1826,7304
OID13594,PID2065,A163,EMP1011,C1747,2021-07-03,1,2396,2396
OID13596,PID2055,A155,EMP1006,C1574,2021-08-03,1,2495,2495
OID13597,PID2044,A170,EMP1015,C1220,2021-01-26,1,886,886
OID13600,PID2098,A102,EMP1037,C1664,2021-02-27,3,1178,3534
OID13601,PID2030,A152,EMP1011,C1203,2021-07-17,2,1899,3798
OID13603,PID2029,A128,EMP1040,C1492,2021-06-03,3,1848,5544
OID13604,PID2069,A173,EMP1036,C1221,2021-06-23,2,378,756
OID13605,PID2053,A120,EMP1013,C1450,2021-02-25,1,596,596
OID13607,PID2052,A168,EMP1018,C1656,2021-05-09,1,1526,1526
OID13609,PID2063,A140,EMP1030,C1192,2021-01-09,1,1708,1708
OID13610,PID2041,A126,EMP1031,C1336,2021-09-07,3,1380,4140
OID13611,PID2049,A105,EMP1018,C1358,2021-08-16,1,826,826
OID13613,PID2004,A164,EMP1021,C1517,2021-06-09,3,1278,3834
OID13618,PID2039,A139,EMP1016,C1065,2021-05-04,1,817,817
OID13619,PID2091,A106,EMP1018,C1516,2021-03-05,1,368,368
OID13620,PID2059,A123,EMP1031,C1372,2021-08-25,3,1494,4482
OID13623,PID2071,A168,EMP1025,C1139,2021-01-03,2,136,272
OID13629,PID2093,A128,EMP1024,C1300,2021-10-12,1,112,112
OID13632,PID2083,A160,EMP1029,C1318,2021-06-20,4,2141,8564
OID13634,PID2044,A168,EMP1018,C1121,2021-01-26,3,886,2658
OID13635,PID2032,A130,EMP1013,C1123,2021-08-08,1,1967,1967
OID13636,PID2065,A105,EMP1002,C1621,2021-06-28,3,2396,7188
OID13639,PID2082,A132,EMP1040,C1531,2021-11-24,1,1103,1103
OID13640,PID2073,A135,EMP1015,C1014,2021-03-30,4,95,380
OID13645,PID2072,A128,EMP1041,C1159,2021-09-08,1,1887,1887
OID13646,PID2060,A128,EMP1020,C1741,2021-06-10,3,1467,4401
OID13648,PID2067,A115,EMP1037,C1241,2021-09-25,1,1119,1119
OID13652,PID2064,A170,EMP1019,C1471,2021-01-03,2,1414,2828
OID13653,PID2088,A169,EMP1022,C1045,2021-07-04,2,603,1206
OID13654,PID2016,A105,EMP1015,C1042,2021-06-29,1,1351,1351
OID13661,PID2026,A130,EMP1008,C1086,2021-07-02,4,947,3788
OID13665,PID2042,A127,EMP1029,C1476,2021-04-26,2,203,406
OID13670,PID2021,A100,EMP1024,C1739,2021-01-08,4,217,868
OID13672,PID2014,A131,EMP1027,C1643,2021-05-04,1,1809,1809
OID13674,PID2008,A171,EMP1027,C1389,2021-09-10,1,315,315
OID13676,PID2034,A169,EMP1012,C1735,2021-11-16,1,871,871
OID13679,PID2068,A119,EMP1036,C1782,2021-06-16,3,1500,4500
OID13680,PID2066,A103,EMP1038,C1744,2021-08-07,3,2091,6273
OID13688,PID2069,A139,EMP1021,C1064,2021-10-29,1,378,378
OID13703,PID2010,A104,EMP1023,C1072,2021-08-13,1,1812,1812
OID13707,PID2088,A144,EMP1014,C1545,2021-10-07,1,603,603
OID13711,PID2082,A136,EMP1024,C1683,2021-05-18,3,1103,3309
OID13712,PID2091,A153,EMP1031,C1010,2021-02-28,2,368,736
OID13714,PID2056,A105,EMP1042,C1666,2021-03-13,2,1635,3270
OID13716,PID2064,A119,EMP1029,C1144,2021-05-27,4,1414,5656
OID13720,PID2056,A132,EMP1022,C1488,2021-08-29,3,1635,4905
OID13722,PID2039,A125,EMP1016,C1796,2021-05-07,1,817,817
OID13728,PID2026,A164,EMP1013,C1137,2021-08-12,1,947,947
OID13732,PID2029,A102,EMP1013,C1747,2021-10-04,3,1848,5544
OID13733,PID2054,A109,EMP1007,C1530,2021-04-10,4,127,508
OID13735,PID2040,A143,EMP1043,C1791,2021-09-24,4,1889,7556
OID13737,PID2039,A140,EMP1024,C1113,2021-01-28,3,817,2451
OID13743,PID2044,A105,EMP1010,C1655,2021-02-11,2,886,1772
OID13746,PID2012,A137,EMP1022,C1625,2021-04-18,1,1353,1353
OID13749,PID2076,A137,EMP1027,C1797,2021-12-01,1,1522,1522
OID13758,PID2004,A118,EMP1007,C1770,2021-11-15,3,1278,3834
OID13759,PID2013,A115,EMP1018,C1080,2021-11-29,1,368,368
OID13765,PID2069,A138,EMP1035,C1144,2021-03-14,4,378,1512
OID13766,PID2042,A120,EMP1021,C1673,2021-04-16,1,203,203
OID13767,PID2067,A166,EMP1016,C1172,2021-08-22,1,1119,1119
OID13775,PID2070,A110,EMP1002,C1021,2021-02-21,3,1671,5013
OID13777,PID2084,A169,EMP1039,C1208,2021-03-08,2,1783,3566
OID13778,PID2009,A116,EMP1016,C1705,2021-11-15,1,584,584
OID13782,PID2060,A147,EMP1033,C1217,2021-04-30,3,1467,4401
OID13784,PID2097,A143,EMP1017,C1545,2021-08-13,1,1052,1052
OID13785,PID2008,A148,EMP1030,C1102,2021-12-25,2,315,630
OID13790,PID2042,A130,EMP1029,C1191,2021-05-31,2,203,406
OID13791,PID2091,A105,EMP1032,C1393,2021-11-18,2,368,736
OID13796,PID2013,A166,EMP1016,C1584,2021-07-27,1,368,368
OID13799,PID2008,A131,EMP1040,C1743,2021-10-26,4,315,1260
OID13801,PID2000,A140,EMP1038,C1244,2021-09-12,1,2241,2241
OID13806,PID2036,A161,EMP1009,C1239,2021-05-20,1,1582,1582
OID13807,PID2076,A167,EMP1007,C1510,2021-12-06,1,1522,1522
OID13808,PID2053,A125,EMP1016,C1240,2021-12-30,4,596,2384
OID13809,PID2100,A167,EMP1009,C1777,2021-10-13,2,799,1598
OID13811,PID2078,A153,EMP1009,C1325,2021-10-19,2,1798,3596
OID13812,PID2080,A165,EMP1018,C1316,2021-07-20,3,2353,7059
OID13815,PID2086,A144,EMP1004,C1539,2021-04-21,1,123,123
OID13816,PID2057,A100,EMP1012,C1227,2021-12-06,1,181,181
OID13818,PID2000,A146,EMP1008,C1746,2021-07-13,2,2241,4482
OID13824,PID2072,A153,EMP1039,C1166,2021-01-23,1,1887,1887
OID13829,PID2010,A100,EMP1022,C1361,2021-05-12,4,1812,7248
OID13835,PID2018,A146,EMP1013,C1361,2021-11-08,1,1972,1972
OID13836,PID2091,A133,EMP1043,C1086,2021-01-26,1,368,368
OID13837,PID2072,A149,EMP1013,C1437,2021-03-23,2,1887,3774
OID13838,PID2028,A146,EMP1011,C1754,2021-02-13,1,2283,2283
OID13840,PID2012,A163,EMP1033,C1411,2021-04-16,1,1353,1353
OID13842,PID2033,A100,EMP1007,C1530,2021-11-01,3,2182,6546
OID13846,PID2077,A162,EMP1041,C1101,2021-05-17,2,530,1060
OID13848,PID2082,A149,EMP1039,C1781,2021-08-04,1,1103,1103
OID13849,PID2000,A115,EMP1017,C1275,2021-03-23,1,2241,2241
OID13850,PID2005,A110,EMP1006,C1084,2021-09-21,1,684,684
OID13854,PID2084,A163,EMP1035,C1276,2021-02-06,1,1783,1783
OID13857,PID2025,A156,EMP1041,C1023,2021-09-14,1,667,667
OID13858,PID2032,A111,EMP1028,C1364,2021-03-10,1,1967,1967
OID13860,PID2035,A112,EMP1044,C1137,2021-02-27,3,458,1374
OID13861,PID2018,A162,EMP1018,C1013,2021-01-11,2,1972,3944
OID13863,PID2094,A144,EMP1041,C1352,2021-11-02,1,771,771
OID13864,PID2050,A109,EMP1000,C1190,2021-05-23,2,2391,4782
OID13865,PID2009,A102,EMP1003,C1489,2021-09-15,4,584,2336
OID13867,PID2074,A161,EMP1004,C1653,2021-11-02,2,504,1008
OID13869,PID2050,A149,EMP1005,C1187,2021-03-13,4,2391,9564
OID13871,PID2091,A128,EMP1039,C1547,2021-08-22,4,368,1472
OID13875,PID2012,A172,EMP1002,C1150,2021-01-09,1,1353,1353
OID13877,PID2081,A129,EMP1021,C1267,2021-11-11,2,1566,3132
OID13878,PID2083,A110,EMP1022,C1480,2021-05-20,1,2141,2141
OID13879,PID2019,A142,EMP1004,C1218,2021-02-21,4,800,3200
OID13888,PID2088,A150,EMP1008,C1190,2021-11-24,1,603,603
OID13893,PID2004,A117,EMP1008,C1328,2021-01-20,1,1278,1278
OID13894,PID2088,A113,EMP1014,C1752,2021-11-06,4,603,2412
OID13896,PID2084,A133,EMP1023,C1444,2021-03-09,3,1783,5349
OID13897,PID2034,A125,EMP1031,C1566,2021-11-28,3,871,2613
OID13898,PID2090,A165,EMP1029,C1561,2021-04-11,1,1338,1338
OID13903,PID2030,A155,EMP1034,C1346,2021-07-04,1,1899,1899
OID13906,PID2051,A150,EMP1027,C1340,2021-11-01,4,1077,4308
OID13908,PID2093,A155,EMP1035,C1762,2021-08-18,1,112,112
OID13909,PID2066,A108,EMP1002,C1086,2021-07-31,1,2091,2091
OID13910,PID2091,A172,EMP1034,C1382,2021-07-04,1,368,368
OID13913,PID2085,A169,EMP1020,C1110,2021-03-06,3,1862,5586
OID13914,PID2011,A104,EMP1013,C1344,2021-05-10,3,530,1590
OID13919,PID2031,A125,EMP1009,C1320,2021-05-13,2,1638,3276
OID13921,PID2019,A146,EMP1040,C1650,2021-09-06,1,800,800
OID13922,PID2022,A149,EMP1009,C1752,2021-02-15,3,561,1683
OID13924,PID2017,A142,EMP1018,C1407,2021-04-12,2,35,70
OID13925,PID2061,A154,EMP1035,C1431,2021-02-23,1,913,913
OID13926,PID2095,A156,EMP1029,C1701,2021-03-21,3,1743,5229
OID13928,PID2013,A165,EMP1001,C1631,2021-04-24,1,368,368
OID13929,PID2093,A136,EMP1022,C1246,2021-11-11,4,112,448
OID13931,PID2021,A151,EMP1013,C1275,2021-09-30,1,217,217
OID13934,PID2045,A129,EMP1035,C1056,2021-10-29,2,556,1112
OID13941,PID2015,A117,EMP1017,C1054,2021-03-24,2,637,1274
OID13948,PID2024,A161,EMP1042,C1289,2021-10-27,4,356,1424
OID13949,PID2078,A139,EMP1000,C1579,2021-04-29,4,1798,7192
OID13951,PID2002,A119,EMP1040,C1197,2021-12-24,1,847,847
OID13953,PID2049,A114,EMP1033,C1721,2021-07-02,1,826,826
OID13954,PID2006,A173,EMP1034,C1771,2021-03-24,1,1826,1826
OID13955,PID2034,A120,EMP1039,C1591,2021-07-28,4,871,3484
OID13957,PID2078,A110,EMP1004,C1246,2021-01-11,3,1798,5394
OID13958,PID2046,A129,EMP1005,C1112,2021-12-22,1,2410,2410
OID13966,PID2024,A152,EMP1017,C1093,2021-05-14,2,356,712
OID13968,PID2099,A171,EMP1008,C1627,2021-02-06,1,1367,1367
OID13969,PID2036,A172,EMP1040,C1263,2021-01-20,3,1582,4746
OID13972,PID2063,A127,EMP1021,C1300,2021-11-22,4,1708,6832
OID13976,PID2085,A161,EMP1035,C1187,2021-07-31,3,1862,5586
OID13990,PID2070,A146,EMP1043,C1010,2021-12-14,4,1671,6684
OID13991,PID2012,A149,EMP1013,C1143,2021-09-03,2,1353,2706
OID13996,PID2009,A111,EMP1008,C1146,2021-06-15,1,584,584
OID14004,PID2086,A118,EMP1029,C1557,2021-02-28,1,123,123
OID14010,PID2081,A134,EMP1035,C1465,2021-02-05,1,1566,1566
OID14011,PID2100,A159,EMP1032,C1441,2021-11-06,1,799,799
OID14012,PID2083,A109,EMP1028,C1020,2021-04-08,1,2141,2141
OID14015,PID2059,A166,EMP1039,C1300,2021-09-06,3,1494,4482
OID14018,PID2045,A103,EMP1016,C1386,2021-05-30,3,556,1668
OID14022,PID2095,A111,EMP1023,C1621,2021-12-30,3,1743,5229
OID14023,PID2086,A136,EMP1001,C1539,2021-10-29,4,123,492
OID14024,PID2016,A124,EMP1000,C1233,2021-08-15,2,1351,2702
OID14029,PID2016,A162,EMP1002,C1597,2021-07-17,2,1351,2702
OID14030,PID2063,A137,EMP1039,C1322,2021-06-23,4,1708,6832
OID14031,PID2070,A117,EMP1000,C1198,2021-12-22,1,1671,1671
OID14033,PID2057,A105,EMP1006,C1025,2021-12-29,2,181,362
OID14034,PID2074,A169,EMP1018,C1716,2021-12-12,1,504,504
OID14035,PID2060,A168,EMP1018,C1785,2021-11-18,4,1467,5868
OID14047,PID2075,A170,EMP1020,C1777,2021-09-15,1,400,400
OID14051,PID2081,A157,EMP1039,C1712,2021-03-03,1,1566,1566
OID14056,PID2066,A171,EMP1040,C1398,2021-01-04,1,2091,2091
OID14058,PID2075,A143,EMP1013,C1170,2021-09-09,3,400,1200
OID14060,PID2018,A126,EMP1012,C1653,2021-06-11,1,1972,1972
OID14063,PID2078,A128,EMP1000,C1551,2021-09-07,1,1798,1798
OID14065,PID2089,A147,EMP1023,C1170,2021-12-09,4,2294,9176
OID14066,PID2040,A141,EMP1011,C1413,2021-04-16,1,1889,1889
OID14068,PID2023,A108,EMP1035,C1571,2021-06-21,1,818,818
OID14071,PID2057,A128,EMP1004,C1702,2021-05-19,2,181,362
OID14076,PID2011,A140,EMP1009,C1544,2021-07-13,2,530,1060
OID14078,PID2018,A169,EMP1004,C1440,2021-12-08,1,1972,1972
OID14081,PID2099,A156,EMP1001,C1576,2021-02-02,3,1367,4101
OID14084,PID2057,A170,EMP1000,C1630,2021-04-28,1,181,181
OID14085,PID2058,A166,EMP1025,C1736,2021-11-04,3,2257,6771
OID14089,PID2017,A144,EMP1032,C1072,2021-08-10,3,35,105
OID14090,PID2040,A140,EMP1035,C1738,2021-05-30,1,1889,1889
OID14091,PID2070,A120,EMP1018,C1629,2021-01-09,1,1671,1671
OID14094,PID2095,A143,EMP1000,C1123,2021-07-30,1,1743,1743
OID14104,PID2065,A118,EMP1009,C1311,2021-08-18,3,2396,7188
OID14106,PID2017,A173,EMP1034,C1384,2021-01-17,1,35,35
OID14107,PID2090,A116,EMP1020,C1639,2021-08-24,1,1338,1338
OID14110,PID2046,A154,EMP1009,C1042,2021-08-23,2,2410,4820
OID14111,PID2061,A118,EMP1028,C1002,2021-06-11,1,913,913
OID14118,PID2054,A168,EMP1000,C1173,2021-12-24,1,127,127
OID14119,PID2099,A169,EMP1003,C1162,2021-03-28,2,1367,2734
OID14121,PID2033,A135,EMP1011,C1197,2021-09-07,3,2182,6546
OID14122,PID2097,A133,EMP1027,C1044,2021-09-06,2,1052,2104
OID14123,PID2087,A109,EMP1031,C1459,2021-09-21,1,1022,1022
OID14125,PID2098,A124,EMP1034,C1270,2021-01-01,2,1178,2356
OID14126,PID2040,A131,EMP1005,C1426,2021-11-10,1,1889,1889
OID14127,PID2071,A166,EMP1010,C1115,2021-07-02,3,136,408
OID14132,PID2003,A106,EMP1024,C1350,2021-09-29,1,1783,1783
OID14134,PID2071,A168,EMP1031,C1487,2021-06-19,1,136,136
OID14136,PID2058,A172,EMP1041,C1616,2021-02-18,1,2257,2257
OID14138,PID2087,A107,EMP1007,C1296,2021-05-07,1,1022,1022
OID14139,PID2031,A170,EMP1027,C1756,2021-02-15,4,1638,6552
OID14144,PID2050,A106,EMP1012,C1124,2021-01-21,1,2391,2391
OID14146,PID2090,A115,EMP1012,C1222,2021-04-30,1,1338,1338
OID14149,PID2015,A170,EMP1028,C1106,2021-03-03,1,637,637
OID14150,PID2063,A171,EMP1003,C1281,2021-09-25,2,1708,3416
OID14152,PID2002,A165,EMP1034,C1537,2021-05-13,1,847,847
OID14153,PID2067,A100,EMP1037,C1601,2021-01-15,3,1119,3357
OID14154,PID2023,A158,EMP1024,C1316,2021-11-05,1,818,818
OID14164,PID2004,A139,EMP1044,C1515,2021-09-24,1,1278,1278
OID14167,PID2025,A135,EMP1017,C1141,2021-02-07,1,667,667
OID14171,PID2071,A169,EMP1021,C1040,2021-03-03,1,136,136
OID14180,PID2062,A119,EMP1005,C1652,2021-01-24,3,2464,7392
OID14184,PID2020,A171,EMP1024,C1281,2021-07-09,4,2005,8020
OID14186,PID2099,A146,EMP1017,C1579,2021-03-29,2,1367,2734
OID14189,PID2012,A173,EMP1024,C1631,2021-11-27,1,1353,1353
OID14190,PID2034,A149,EMP1040,C1562,2021-02-05,4,871,3484
OID14192,PID2100,A150,EMP1011,C1023,2021-04-11,1,799,799
OID14197,PID2027,A126,EMP1006,C1209,2021-03-01,1,2497,2497
OID14202,PID2031,A147,EMP1013,C1176,2021-06-25,1,1638,1638
OID14204,PID2081,A133,EMP1002,C1765,2021-06-28,3,1566,4698
OID14207,PID2058,A166,EMP1032,C1402,2021-04-25,1,2257,2257
OID14215,PID2079,A102,EMP1030,C1463,2021-06-10,4,1725,6900
OID14216,PID2014,A129,EMP1005,C1582,2021-05-08,1,1809,1809
OID14220,PID2061,A133,EMP1029,C1075,2021-07-26,1,913,913
OID14221,PID2081,A100,EMP1043,C1439,2021-11-19,1,1566,1566
OID14222,PID2038,A159,EMP1005,C1043,2021-10-02,4,392,1568
OID14226,PID2044,A107,EMP1005,C1568,2021-08-25,1,886,886
OID14227,PID2035,A160,EMP1017,C1237,2021-09-06,1,458,458
OID14228,PID2045,A124,EMP1005,C1719,2021-11-11,1,556,556
OID14232,PID2021,A106,EMP1007,C1349,2021-09-27,1,217,217
OID14233,PID2065,A141,EMP1040,C1436,2021-10-17,3,2396,7188
OID14235,PID2007,A125,EMP1000,C1612,2021-10-21,4,1405,5620
OID14238,PID2076,A139,EMP1023,C1462,2021-06-26,3,1522,4566
OID14240,PID2038,A150,EMP1027,C1591,2021-10-03,2,392,784
OID14241,PID2005,A173,EMP1019,C1604,2021-03-10,2,684,1368
OID14242,PID2016,A100,EMP1038,C1217,2021-12-15,1,1351,1351
OID14245,PID2088,A104,EMP1018,C1482,2021-02-13,1,603,603
OID14249,PID2086,A148,EMP1039,C1332,2021-01-11,1,123,123
OID14250,PID2004,A152,EMP1040,C1373,2021-02-14,1,1278,1278
OID14251,PID2064,A135,EMP1015,C1479,2021-12-01,1,1414,1414
OID14256,PID2058,A127,EMP1002,C1576,2021-01-24,4,2257,9028
OID14261,PID2022,A129,EMP1038,C1300,2021-01-06,4,561,2244
OID14265,PID2046,A107,EMP1031,C1373,2021-11-17,3,2410,7230
OID14270,PID2053,A136,EMP1044,C1594,2021-06-01,3,596,1788
OID14271,PID2018,A173,EMP1021,C1233,2021-11-16,4,1972,7888
OID14273,PID2090,A152,EMP1018,C1421,2021-12-25,3,1338,4014
OID14276,PID2087,A122,EMP1005,C1737,2021-06-10,3,1022,3066
OID14277,PID2091,A135,EMP1030,C1500,2021-06-08,1,368,368
OID14278,PID2093,A116,EMP1044,C1532,2021-01-21,3,112,336
OID14291,PID2057,A105,EMP1009,C1678,2021-05-21,3,181,543
OID14294,PID2098,A107,EMP1023,C1021,2021-01-29,3,1178,3534
OID14295,PID2047,A167,EMP1008,C1637,2021-08-31,1,290,290
OID14296,PID2016,A156,EMP1003,C1237,2021-10-25,1,1351,1351
OID14299,PID2023,A163,EMP1012,C1152,2021-04-15,1,818,818
OID14301,PID2081,A101,EMP1003,C1266,2021-03-31,1,1566,1566
OID14303,PID2074,A141,EMP1015,C1073,2021-12-14,1,504,504
OID14305,PID2021,A139,EMP1011,C1560,2021-06-20,4,217,868
OID14308,PID2003,A160,EMP1035,C1272,2021-02-21,1,1783,1783
OID14309,PID2050,A113,EMP1027,C1204,2021-06-11,1,2391,2391
OID14315,PID2008,A171,EMP1004,C1419,2021-04-29,2,315,630
OID14316,PID2099,A148,EMP1042,C1493,2021-08-21,4,1367,5468
OID14319,PID2093,A158,EMP1044,C1304,2021-11-12,3,112,336
OID14326,PID2095,A129,EMP1018,C1617,2021-06-24,3,1743,5229
OID14332,PID2034,A160,EMP1021,C1150,2021-09-10,2,871,1742
OID14335,PID2067,A149,EMP1002,C1296,2021-07-08,3,1119,3357
OID14343,PID2011,A157,EMP1021,C1732,2021-06-22,1,530,530
OID14350,PID2056,A170,EMP1032,C1655,2021-11-22,1,1635,1635
OID14352,PID2043,A145,EMP1038,C1168,2021-08-21,1,545,545
OID14353,PID2010,A138,EMP1019,C1708,2021-03-17,1,1812,1812
OID14358,PID2088,A134,EMP1041,C1687,2021-10-22,2,603,1206
OID14360,PID2055,A120,EMP1027,C1304,2021-11-27,4,2495,9980
OID14367,PID2013,A163,EMP1035,C1227,2021-01-16,1,368,368
OID14368,PID2014,A134,EMP1013,C1142,2021-05-16,1,1809,1809
OID14369,PID2096,A173,EMP1003,C1704,2021-06-02,1,1587,1587
OID14370,PID2088,A125,EMP1038,C1449,2021-01-03,4,603,2412
OID14372,PID2015,A150,EMP1037,C1758,2021-12-24,1,637,637
OID14378,PID2030,A129,EMP1004,C1142,2021-11-05,1,1899,1899
OID14379,PID2090,A147,EMP1008,C1578,2021-04-11,3,1338,4014
OID14382,PID2051,A139,EMP1032,C1603,2021-01-10,2,1077,2154
OID14383,PID2064,A173,EMP1033,C1197,2021-10-15,1,1414,1414
OID14386,PID2030,A126,EMP1038,C1530,2021-11-12,3,1899,5697
OID14387,PID2073,A172,EMP1023,C1759,2021-03-30,4,95,380
OID14391,PID2007,A126,EMP1002,C1714,2021-03-05,1,1405,1405
OID14394,PID2027,A107,EMP1019,C1479,2021-12-05,1,2497,2497
OID14400,PID2071,A115,EMP1043,C1120,2021-12-16,1,136,136
OID14401,PID2018,A170,EMP1039,C1559,2021-04-27,1,1972,1972
OID14408,PID2028,A153,EMP1004,C1291,2021-10-11,1,2283,2283
OID14410,PID2028,A170,EMP1006,C1235,2021-07-10,2,2283,4566
OID14411,PID2007,A154,EMP1004,C1652,2021-07-03,2,1405,2810
OID14413,PID2039,A154,EMP1033,C1563,2021-07-02,3,817,2451
OID14414,PID2030,A126,EMP1031,C1520,2021-03-12,1,1899,1899
OID14415,PID2057,A103,EMP1042,C1125,2021-01-02,1,181,181
OID14419,PID2096,A144,EMP1027,C1491,2021-12-15,2,1587,3174
OID14420,PID2099,A113,EMP1000,C1531,2021-04-24,3,1367,4101
OID14423,PID2009,A101,EMP1006,C1360,2021-03-13,3,584,1752
OID14431,PID2028,A170,EMP1042,C1514,2021-11-10,4,2283,9132
OID14433,PID2053,A171,EMP1007,C1436,2021-10-18,1,596,596
OID14435,PID2012,A101,EMP1019,C1272,2021-10-11,1,1353,1353
OID14437,PID2073,A143,EMP1014,C1001,2021-10-26,4,95,380
OID14440,PID2035,A139,EMP1005,C1393,2021-12-18,1,458,458
OID14442,PID2099,A121,EMP1014,C1517,2021-03-08,3,1367,4101
OID14445,PID2037,A127,EMP1032,C1629,2021-10-08,1,880,880
OID14447,PID2043,A171,EMP1023,C1473,2021-05-11,1,545,545
OID14451,PID2003,A158,EMP1035,C1685,2021-04-27,1,1783,1783
OID14452,PID2017,A152,EMP1012,C1344,2021-11-19,4,35,140
OID14454,PID2022,A116,EMP1004,C1793,2021-10-16,1,561,561
OID14456,PID2001,A155,EMP1030,C1176,2021-11-01,4,951,3804
OID14457,PID2078,A119,EMP1001,C1327,2021-03-20,4,1798,7192
OID14461,PID2069,A168,EMP1028,C1765,2021-03-15,1,378,378
OID14463,PID2028,A101,EMP1030,C1318,2021-01-27,4,2283,9132
OID14464,PID2051,A137,EMP1026,C1680,2021-11-21,4,1077,4308
OID14465,PID2039,A169,EMP1014,C1661,2021-01-23,1,817,817
OID14466,PID2002,A131,EMP1029,C1679,2021-07-04,1,847,847
OID14473,PID2057,A141,EMP1015,C1244,2021-07-06,3,181,543
OID14477,PID2030,A129,EMP1011,C1088,2021-05-19,2,1899,3798
OID14478,PID2047,A135,EMP1036,C1357,2021-12-30,3,290,870
OID14482,PID2019,A172,EMP1023,C1563,2021-04-13,1,800,800
OID14483,PID2062,A117,EMP1031,C1264,2021-04-25,3,2464,7392
OID14484,PID2010,A156,EMP1027,C1601,2021-04-26,1,1812,1812
OID14486,PID2081,A165,EMP1042,C1210,2021-04-06,3,1566,4698
OID14496,PID2081,A100,EMP1028,C1510,2021-06-05,4,1566,6264
OID14499,PID2072,A159,EMP1007,C1764,2021-07-04,3,1887,5661
OID14503,PID2051,A160,EMP1039,C1787,2021-04-28,1,1077,1077
OID14505,PID2074,A109,EMP1009,C1360,2021-06-15,1,504,504
OID14510,PID2043,A154,EMP1022,C1728,2021-04-24,1,545,545
OID14511,PID2054,A151,EMP1025,C1531,2021-05-02,2,127,254
OID14517,PID2022,A136,EMP1011,C1471,2021-05-22,1,561,561
OID14518,PID2076,A169,EMP1038,C1227,2021-11-20,1,1522,1522
OID14523,PID2059,A132,EMP1005,C1168,2021-06-25,1,1494,1494
OID14525,PID2075,A105,EMP1028,C1503,2021-06-26,3,400,1200
OID14534,PID2036,A113,EMP1042,C1405,2021-06-25,4,1582,6328
OID14535,PID2015,A155,EMP1012,C1010,2021-12-16,2,637,1274
OID14543,PID2010,A144,EMP1014,C1490,2021-11-24,3,1812,5436
OID14550,PID2035,A161,EMP1003,C1268,2021-06-30,3,458,1374
OID14554,PID2041,A144,EMP1014,C1100,2021-03-14,1,1380,1380
OID14558,PID2070,A131,EMP1002,C1707,2021-12-20,1,1671,1671
OID14560,PID2085,A158,EMP1035,C1600,2021-08-13,2,1862,3724
OID14564,PID2022,A164,EMP1033,C1110,2021-08-28,1,561,561
OID14565,PID2057,A119,EMP1017,C1002,2021-10-29,1,181,181
OID14568,PID2096,A158,EMP1003,C1623,2021-11-24,3,1587,4761
OID14570,PID2076,A125,EMP1007,C1047,2021-07-28,4,1522,6088
OID14577,PID2045,A144,EMP1040,C1796,2021-08-20,3,556,1668
OID14578,PID2035,A151,EMP1034,C1663,2021-03-01,1,458,458
OID14583,PID2092,A165,EMP1001,C1566,2021-04-17,4,1639,6556
OID14585,PID2023,A138,EMP1030,C1714,2021-03-08,3,818,2454
OID14586,PID2045,A144,EMP1043,C1373,2021-09-06,1,556,556
OID14593,PID2015,A113,EMP1040,C1328,2021-06-15,1,637,637
OID14597,PID2008,A129,EMP1010,C1722,2021-06-11,2,315,630
OID14598,PID2022,A170,EMP1040,C1243,2021-05-01,3,561,1683
OID14603,PID2041,A134,EMP1013,C1501,2021-05-24,3,1380,4140
OID14608,PID2096,A168,EMP1013,C1540,2021-05-31,3,1587,4761
OID14611,PID2015,A156,EMP1039,C1545,2021-12-13,2,637,1274
OID14612,PID2074,A141,EMP1034,C1139,2021-08-08,1,504,504
OID14613,PID2049,A169,EMP1026,C1463,2021-09-11,4,826,3304
OID14614,PID2061,A151,EMP1026,C1524,2021-01-22,1,913,913
OID14615,PID2031,A116,EMP1017,C1597,2021-08-05,3,1638,4914
OID14619,PID2092,A150,EMP1023,C1600,2021-10-14,2,1639,3278
OID14623,PID2080,A138,EMP1004,C1164,2021-01-25,1,2353,2353
OID14624,PID2036,A128,EMP1027,C1093,2021-11-30,3,1582,4746
OID14626,PID2046,A126,EMP1012,C1536,2021-11-01,1,2410,2410
OID14632,PID2039,A134,EMP1043,C1582,2021-10-16,4,817,3268
OID14634,PID2033,A111,EMP1014,C1403,2021-02-11,1,2182,2182
OID14640,PID2081,A139,EMP1026,C1022,2021-07-13,2,1566,3132
OID14643,PID2011,A168,EMP1015,C1130,2021-08-12,1,530,530
OID14647,PID2048,A142,EMP1022,C1330,2021-01-27,1,502,502
OID14650,PID2038,A168,EMP1018,C1024,2021-08-11,3,392,1176
OID14653,PID2074,A157,EMP1036,C1259,2021-06-28,4,504,2016
OID14654,PID2003,A162,EMP1004,C1213,2021-10-30,1,1783,1783
OID14656,PID2050,A106,EMP1009,C1179,2021-08-03,2,2391,4782
OID14658,PID2015,A116,EMP1043,C1173,2021-01-06,1,637,637
OID14659,PID2024,A155,EMP1031,C1016,2021-12-16,1,356,356
OID14663,PID2012,A169,EMP1005,C1049,2021-04-24,2,1353,2706
OID14672,PID2087,A130,EMP1028,C1618,2021-02-26,1,1022,1022
OID14673,PID2005,A165,EMP1003,C1448,2021-02-09,2,684,1368
OID14674,PID2086,A134,EMP1029,C1103,2021-10-15,3,123,369
OID14675,PID2051,A130,EMP1021,C1653,2021-09-19,3,1077,3231
OID14680,PID2089,A148,EMP1024,C1721,2021-10-30,1,2294,2294
OID14681,PID2094,A125,EMP1013,C1669,2021-09-13,3,771,2313
OID14683,PID2016,A161,EMP1022,C1558,2021-02-22,2,1351,2702
OID14685,PID2058,A117,EMP1020,C1652,2021-03-26,2,2257,4514
OID14687,PID2048,A159,EMP1024,C1579,2021-03-26,1,502,502
OID14689,PID2009,A142,EMP1009,C1047,2021-07-19,3,584,1752
OID14693,PID2005,A139,EMP1038,C1206,2021-06-21,3,684,2052
OID14695,PID2075,A110,EMP1019,C1670,2021-03-16,1,400,400
OID14701,PID2063,A115,EMP1040,C1239,2021-09-06,1,1708,1708
OID14704,PID2065,A114,EMP1043,C1352,2021-11-23,1,2396,2396
OID14707,PID2001,A125,EMP1043,C1235,2021-03-25,1,951,951
OID14710,PID2088,A160,EMP1036,C1716,2021-12-06,3,603,1809
OID14712,PID2028,A169,EMP1025,C1606,2021-04-21,4,2283,9132
OID14719,PID2012,A155,EMP1035,C1748,2021-04-04,1,1353,1353
OID14720,PID2019,A172,EMP1022,C1755,2021-12-15,3,800,2400
OID14722,PID2081,A171,EMP1017,C1275,2021-01-20,4,1566,6264
OID14725,PID2054,A101,EMP1004,C1226,2021-12-08,4,127,508
OID14728,PID2079,A160,EMP1017,C1786,2021-01-09,1,1725,1725
OID14732,PID2070,A115,EMP1009,C1246,2021-03-01,3,1671,5013
OID14738,PID2014,A126,EMP1005,C1321,2021-07-13,1,1809,1809
OID14742,PID2026,A170,EMP1038,C1027,2021-03-13,2,947,1894
OID14745,PID2052,A173,EMP1035,C1727,2021-01-29,3,1526,4578
OID14746,PID2066,A137,EMP1026,C1246,2021-02-05,2,2091,4182
OID14747,PID2098,A154,EMP1043,C1085,2021-08-12,3,1178,3534
OID14755,PID2017,A148,EMP1028,C1472,2021-03-02,2,35,70
OID14757,PID2028,A159,EMP1032,C1484,2021-02-26,2,2283,4566
OID14759,PID2016,A103,EMP1006,C1478,2021-01-11,1,1351,1351
OID14761,PID2039,A124,EMP1013,C1600,2021-03-04,3,817,2451
OID14768,PID2051,A135,EMP1025,C1536,2021-01-18,1,1077,1077
OID14769,PID2025,A126,EMP1004,C1361,2021-07-02,1,667,667
OID14776,PID2013,A102,EMP1035,C1711,2021-10-09,1,368,368
OID14777,PID2027,A101,EMP1012,C1317,2021-09-29,3,2497,7491
OID14784,PID2099,A128,EMP1002,C1433,2021-04-20,1,1367,1367
OID14789,PID2018,A161,EMP1027,C1104,2021-11-10,2,1972,3944
OID14791,PID2025,A149,EMP1039,C1716,2021-11-27,3,667,2001
OID14792,PID2008,A172,EMP1027,C1191,2021-09-17,2,315,630
OID14797,PID2041,A170,EMP1043,C1056,2021-07-26,1,1380,1380
OID14804,PID2045,A127,EMP1009,C1146,2021-12-23,2,556,1112
OID14810,PID2021,A166,EMP1038,C1448,2021-10-31,1,217,217
OID14816,PID2024,A169,EMP1023,C1198,2021-12-16,4,356,1424
OID14818,PID2066,A124,EMP1013,C1670,2021-06-12,1,2091,2091
OID14820,PID2024,A165,EMP1024,C1211,2021-08-28,4,356,1424
OID14824,PID2022,A114,EMP1012,C1630,2021-03-09,3,561,1683
OID14825,PID2077,A141,EMP1016,C1143,2021-01-31,3,530,1590
OID14827,PID2086,A146,EMP1013,C1638,2021-02-12,1,123,123
OID14828,PID2057,A127,EMP1010,C1561,2021-12-23,1,181,181
OID14833,PID2013,A156,EMP1044,C1427,2021-03-06,1,368,368
OID14836,PID2049,A112,EMP1040,C1509,2021-02-17,2,826,1652
OID14838,PID2025,A156,EMP1037,C1463,2021-10-05,1,667,667
OID14839,PID2055,A140,EMP1042,C1266,2021-02-18,1,2495,2495
OID14840,PID2031,A162,EMP1023,C1093,2021-11-18,3,1638,4914
OID14844,PID2079,A125,EMP1000,C1551,2021-12-20,3,1725,5175
OID14846,PID2068,A143,EMP1037,C1079,2021-04-05,3,1500,4500
OID14847,PID2035,A147,EMP1011,C1355,2021-11-19,1,458,458
OID14850,PID2002,A158,EMP1009,C1485,2021-06-09,1,847,847
OID14854,PID2022,A163,EMP1007,C1269,2021-03-15,2,561,1122
OID14855,PID2000,A104,EMP1037,C1084,2021-11-29,4,2241,8964
OID14860,PID2043,A132,EMP1019,C1703,2021-04-22,4,545,2180
OID14863,PID2074,A172,EMP1021,C1138,2021-03-15,1,504,504
OID14867,PID2000,A121,EMP1013,C1040,2021-11-03,1,2241,2241
OID14869,PID2046,A150,EMP1026,C1150,2021-07-26,3,2410,7230
OID14870,PID2079,A139,EMP1032,C1323,2021-09-04,1,1725,1725
OID14873,PID2021,A102,EMP1027,C1433,2021-03-19,3,217,651
OID14876,PID2090,A136,EMP1026,C1220,2021-11-19,1,1338,1338
OID14879,PID2060,A103,EMP1024,C1614,2021-07-07,2,1467,2934
OID14880,PID2015,A118,EMP1021,C1107,2021-03-09,1,637,637
OID14881,PID2072,A129,EMP1012,C1634,2021-04-28,2,1887,3774
OID14885,PID2095,A129,EMP1044,C1793,2021-01-02,1,1743,1743
OID14886,PID2098,A167,EMP1015,C1351,2021-01-09,4,1178,4712
OID14887,PID2098,A143,EMP1017,C1265,2021-12-26,1,1178,1178
OID14894,PID2059,A152,EMP1033,C1445,2021-12-14,3,1494,4482
OID14896,PID2036,A172,EMP1018,C1465,2021-10-04,1,1582,1582
OID14905,PID2045,A110,EMP1001,C1136,2021-04-08,3,556,1668
OID14907,PID2038,A152,EMP1039,C1483,2021-02-04,3,392,1176
OID14910,PID2013,A132,EMP1016,C1012,2021-03-05,2,368,736
OID14916,PID2001,A142,EMP1039,C1091,2021-12-03,1,951,951
OID14917,PID2058,A160,EMP1002,C1314,2021-10-21,1,2257,2257
OID14922,PID2048,A153,EMP1019,C1559,2021-03-15,2,502,1004
OID14926,PID2087,A106,EMP1043,C1051,2021-05-01,2,1022,2044
OID14932,PID2035,A144,EMP1023,C1549,2021-12-09,2,458,916
OID14935,PID2071,A105,EMP1026,C1333,2021-02-23,3,136,408
OID14936,PID2022,A134,EMP1005,C1354,2021-02-15,2,561,1122
OID14938,PID2050,A145,EMP1029,C1282,2021-06-08,2,2391,4782
OID14942,PID2018,A136,EMP1031,C1589,2021-05-23,1,1972,1972
OID14943,PID2082,A125,EMP1011,C1356,2021-01-12,3,1103,3309
OID14944,PID2079,A101,EMP1016,C1421,2021-04-11,1,1725,1725
OID14947,PID2075,A160,EMP1024,C1447,2021-09-07,1,400,400
OID14951,PID2089,A119,EMP1018,C1645,2021-08-09,1,2294,2294
OID14954,PID2011,A139,EMP1013,C1081,2021-05-24,1,530,530
OID14955,PID2099,A146,EMP1041,C1087,2021-12-28,2,1367,2734
OID14957,PID2091,A131,EMP1004,C1263,2021-08-23,1,368,368
OID14958,PID2075,A151,EMP1044,C1251,2021-01-31,2,400,800
OID14960,PID2084,A108,EMP1008,C1611,2021-10-21,1,1783,1783
OID14961,PID2032,A141,EMP1023,C1072,2021-08-17,3,1967,5901
OID14962,PID2047,A161,EMP1007,C1026,2021-12-03,2,290,580
OID14964,PID2000,A146,EMP1000,C1028,2021-08-17,3,2241,6723
OID14965,PID2070,A110,EMP1022,C1750,2021-04-05,2,1671,3342
OID14968,PID2062,A101,EMP1023,C1698,2021-01-03,2,2464,4928
OID14971,PID2047,A125,EMP1041,C1780,2021-12-18,2,290,580
OID14973,PID2066,A150,EMP1015,C1199,2021-04-09,1,2091,2091
OID14975,PID2010,A137,EMP1001,C1089,2021-11-11,1,1812,1812
OID14978,PID2080,A150,EMP1015,C1436,2021-03-21,1,2353,2353
OID14979,PID2022,A148,EMP1010,C1046,2021-10-15,1,561,561
OID14991,PID2077,A105,EMP1021,C1652,2021-09-18,4,530,2120
OID14995,PID2032,A100,EMP1023,C1056,2021-02-05,1,1967,1967
OID14996,PID2089,A125,EMP1001,C1350,2021-09-07,2,2294,4588
OID15001,PID2061,A169,EMP1039,C1392,2021-03-04,2,913,1826
OID15002,PID2074,A169,EMP1029,C1315,2021-10-24,1,504,504
OID15009,PID2020,A107,EMP1011,C1499,2021-01-16,2,2005,4010
OID15012,PID2045,A155,EMP1024,C1409,2021-03-21,2,556,1112
OID15020,PID2094,A104,EMP1021,C1419,2021-02-23,1,771,771
OID15026,PID2000,A114,EMP1021,C1151,2021-09-28,1,2241,2241
OID15030,PID2023,A173,EMP1043,C1015,2021-03-14,2,818,1636
OID15032,PID2025,A140,EMP1012,C1718,2021-07-15,1,667,667
OID15038,PID2093,A128,EMP1016,C1248,2021-03-04,1,112,112
OID15039,PID2081,A153,EMP1006,C1706,2021-12-26,1,1566,1566
OID15041,PID2089,A113,EMP1031,C1145,2021-01-03,3,2294,6882
OID15043,PID2083,A137,EMP1043,C1315,2021-04-18,1,2141,2141
OID15048,PID2054,A119,EMP1028,C1302,2021-03-16,1,127,127
OID15050,PID2021,A146,EMP1026,C1441,2021-04-26,4,217,868
OID15056,PID2019,A139,EMP1026,C1518,2021-09-22,1,800,800
OID15057,PID2013,A126,EMP1038,C1619,2021-03-05,2,368,736
OID15063,PID2038,A118,EMP1015,C1196,2021-08-03,4,392,1568
OID15065,PID2081,A158,EMP1007,C1366,2021-01-31,3,1566,4698
OID15066,PID2071,A127,EMP1004,C1157,2021-07-27,2,136,272
OID15067,PID2009,A151,EMP1021,C1666,2021-10-07,1,584,584
OID15072,PID2022,A132,EMP1037,C1659,2021-01-10,2,561,1122
OID15073,PID2081,A170,EMP1034,C1714,2021-12-04,3,1566,4698
OID15074,PID2009,A127,EMP1037,C1541,2021-01-31,2,584,1168
OID15075,PID2027,A109,EMP1014,C1436,2021-08-23,2,2497,4994
OID15076,PID2008,A171,EMP1006,C1575,2021-02-19,1,315,315
OID15077,PID2026,A147,EMP1022,C1436,2021-03-23,1,947,947
OID15087,PID2022,A119,EMP1034,C1239,2021-12-06,1,561,561
OID15089,PID2008,A102,EMP1015,C1671,2021-07-09,3,315,945
OID15092,PID2023,A111,EMP1026,C1214,2021-12-29,1,818,818
OID15096,PID2019,A153,EMP1024,C1016,2021-09-14,1,800,800
OID15099,PID2046,A150,EMP1027,C1179,2021-05-18,1,2410,2410
OID15103,PID2040,A125,EMP1003,C1753,2021-03-12,2,1889,3778
OID15109,PID2066,A114,EMP1043,C1759,2021-03-25,1,2091,2091
OID15114,PID2008,A162,EMP1030,C1423,2021-09-01,1,315,315
OID15116,PID2013,A106,EMP1016,C1514,2021-07-30,1,368,368
OID15117,PID2073,A100,EMP1036,C1118,2021-10-30,1,95,95
OID15118,PID2012,A150,EMP1026,C1425,2021-12-28,1,1353,1353
OID15122,PID2008,A171,EMP1029,C1712,2021-07-18,3,315,945
OID15124,PID2035,A117,EMP1001,C1151,2021-06-14,1,458,458
OID15127,PID2037,A118,EMP1035,C1740,2021-06-04,1,880,880
OID15128,PID2074,A111,EMP1013,C1658,2021-02-17,1,504,504
OID15130,PID2067,A131,EMP1009,C1010,2021-06-16,1,1119,1119
OID15139,PID2073,A167,EMP1013,C1071,2021-05-10,3,95,285
OID15148,PID2067,A164,EMP1017,C1499,2021-06-20,2,1119,2238
OID15153,PID2042,A149,EMP1040,C1527,2021-04-05,1,203,203
OID15154,PID2004,A126,EMP1007,C1458,2021-11-16,1,1278,1278
OID15156,PID2086,A138,EMP1008,C1256,2021-10-01,2,123,246
OID15157,PID2062,A173,EMP1034,C1352,2021-08-02,4,2464,9856
OID15161,PID2039,A157,EMP1015,C1133,2021-04-18,3,817,2451
OID15162,PID2072,A159,EMP1021,C1403,2021-04-23,1,1887,1887
OID15163,PID2085,A131,EMP1033,C1484,2021-06-06,3,1862,5586
OID15164,PID2057,A133,EMP1014,C1322,2021-11-21,1,181,181
OID15169,PID2007,A128,EMP1025,C1001,2021-07-18,1,1405,1405
OID15171,PID2005,A109,EMP1010,C1638,2021-08-31,1,684,684
OID15176,PID2055,A140,EMP1024,C1731,2021-06-02,1,2495,2495
OID15178,PID2063,A159,EMP1006,C1164,2021-03-17,1,1708,1708
OID15180,PID2099,A149,EMP1044,C1770,2021-11-22,2,1367,2734
OID15181,PID2021,A113,EMP1031,C1678,2021-09-27,1,217,217
OID15183,PID2053,A169,EMP1010,C1036,2021-12-04,3,596,1788
OID15187,PID2081,A158,EMP1017,C1713,2021-10-05,2,1566,3132
OID15189,PID2029,A113,EMP1024,C1478,2021-02-22,3,1848,5544
OID15191,PID2047,A166,EMP1012,C1088,2021-01-02,2,290,580
OID15193,PID2048,A152,EMP1015,C1505,2021-07-13,1,502,502
OID15199,PID2030,A118,EMP1005,C1647,2021-04-04,1,1899,1899
OID15200,PID2055,A124,EMP1043,C1112,2021-03-20,1,2495,2495
OID15203,PID2065,A102,EMP1031,C1002,2021-11-23,1,2396,2396
OID15204,PID2070,A151,EMP1011,C1254,2021-01-21,1,1671,1671
OID15206,PID2040,A137,EMP1001,C1751,2021-08-02,1,1889,1889
OID15208,PID2027,A160,EMP1016,C1306,2021-09-10,1,2497,2497
OID15210,PID2023,A104,EMP1015,C1508,2021-08-30,1,818,818
OID15211,PID2065,A116,EMP1035,C1022,2021-03-24,1,2396,2396
OID15213,PID2019,A154,EMP1014,C1699,2021-08-25,3,800,2400
OID15219,PID2016,A133,EMP1020,C1674,2021-07-26,1,1351,1351
OID15221,PID2087,A123,EMP1014,C1154,2021-05-22,1,1022,1022
OID15228,PID2035,A113,EMP1034,C1491,2021-01-02,4,458,1832
OID15232,PID2029,A137,EMP1000,C1291,2021-04-14,2,1848,3696
OID15234,PID2099,A107,EMP1022,C1358,2021-12-29,1,1367,1367
OID15235,PID2017,A125,EMP1013,C1291,2021-01-06,1,35,35
OID15240,PID2075,A118,EMP1043,C1439,2021-08-22,2,400,800
OID15243,PID2070,A167,EMP1030,C1299,2021-11-19,1,1671,1671
OID15244,PID2010,A147,EMP1003,C1667,2021-09-15,3,1812,5436
OID15246,PID2047,A111,EMP1027,C1270,2021-11-19,1,290,290
OID15249,PID2015,A159,EMP1027,C1572,2021-10-15,1,637,637
OID15251,PID2077,A161,EMP1001,C1621,2021-04-01,1,530,530
OID15255,PID2092,A112,EMP1001,C1045,2021-01-30,3,1639,4917
OID15256,PID2047,A129,EMP1018,C1021,2021-09-17,3,290,870
OID15258,PID2052,A109,EMP1019,C1546,2021-08-19,2,1526,3052
OID15262,PID2071,A106,EMP1028,C1680,2021-12-15,1,136,136
OID15264,PID2055,A167,EMP1006,C1646,2021-11-07,1,2495,2495
OID15266,PID2030,A134,EMP1014,C1413,2021-09-08,1,1899,1899
OID15267,PID2028,A149,EMP1032,C1428,2021-01-01,1,2283,2283
OID15269,PID2074,A164,EMP1004,C1536,2021-05-18,4,504,2016
OID15273,PID2098,A161,EMP1034,C1118,2021-07-02,1,1178,1178
OID15276,PID2098,A125,EMP1027,C1344,2021-04-13,3,1178,3534
OID15280,PID2077,A162,EMP1016,C1747,2021-12-22,1,530,530
OID15281,PID2028,A168,EMP1020,C1355,2021-01-29,1,2283,2283
OID15284,PID2039,A122,EMP1008,C1440,2021-03-02,1,817,817
OID15286,PID2066,A149,EMP1009,C1654,2021-05-26,1,2091,2091
OID15287,PID2041,A137,EMP1007,C1063,2021-09-24,3,1380,4140
OID15288,PID2044,A100,EMP1037,C1387,2021-07-15,3,886,2658
OID15289,PID2014,A168,EMP1040,C1312,2021-10-18,3,1809,5427
OID15290,PID2061,A148,EMP1019,C1199,2021-10-21,3,913,2739
OID15294,PID2096,A162,EMP1003,C1592,2021-10-25,1,1587,1587
OID15296,PID2087,A108,EMP1039,C1000,2021-07-03,1,1022,1022
OID15302,PID2038,A104,EMP1021,C1601,2021-11-29,4,392,1568
OID15303,PID2039,A173,EMP1043,C1062,2021-07-26,1,817,817
OID15308,PID2075,A137,EMP1039,C1406,2021-10-08,1,400,400
OID15316,PID2030,A145,EMP1009,C1152,2021-01-18,1,1899,1899
OID15318,PID2017,A169,EMP1021,C1782,2021-11-24,1,35,35
OID15321,PID2085,A168,EMP1043,C1096,2021-10-19,1,1862,1862
OID15324,PID2084,A116,EMP1033,C1214,2021-11-29,4,1783,7132
OID15325,PID2027,A148,EMP1022,C1156,2021-06-13,1,2497,2497
OID15326,PID2056,A166,EMP1000,C1486,2021-04-01,4,1635,6540
OID15327,PID2009,A133,EMP1010,C1784,2021-02-24,1,584,584
OID15328,PID2078,A109,EMP1033,C1382,2021-11-03,1,1798,1798
OID15330,PID2074,A139,EMP1025,C1174,2021-05-03,2,504,1008
OID15335,PID2003,A149,EMP1043,C1718,2021-09-07,3,1783,5349
OID15342,PID2016,A153,EMP1016,C1420,2021-05-10,2,1351,2702
OID15347,PID2069,A118,EMP1009,C1028,2021-04-03,4,378,1512
OID15350,PID2036,A159,EMP1004,C1158,2021-06-22,3,1582,4746
OID15352,PID2015,A101,EMP1027,C1402,2021-10-05,1,637,637
OID15353,PID2097,A165,EMP1013,C1746,2021-10-17,1,1052,1052
OID15358,PID2078,A157,EMP1034,C1585,2021-02-08,2,1798,3596
OID15360,PID2080,A133,EMP1011,C1615,2021-06-15,1,2353,2353
OID15361,PID2090,A146,EMP1007,C1149,2021-12-22,4,1338,5352
OID15363,PID2067,A119,EMP1021,C1381,2021-10-29,2,1119,2238
OID15367,PID2046,A133,EMP1033,C1688,2021-01-11,1,2410,2410
OID15369,PID2060,A123,EMP1021,C1372,2021-11-20,1,1467,1467
OID15373,PID2078,A172,EMP1007,C1011,2021-06-28,1,1798,1798
OID15374,PID2055,A126,EMP1005,C1006,2021-09-27,1,2495,2495
OID15377,PID2100,A135,EMP1021,C1364,2021-05-19,1,799,799
OID15387,PID2061,A170,EMP1035,C1485,2021-01-10,1,913,913
OID15388,PID2073,A134,EMP1012,C1236,2021-02-01,2,95,190
OID15392,PID2047,A129,EMP1044,C1323,2021-12-10,1,290,290
OID15393,PID2055,A139,EMP1024,C1614,2021-05-31,1,2495,2495
OID15394,PID2042,A115,EMP1033,C1170,2021-12-19,1,203,203
OID15400,PID2099,A133,EMP1027,C1335,2021-04-18,1,1367,1367
OID15407,PID2080,A104,EMP1009,C1048,2021-02-20,2,2353,4706
OID15408,PID2018,A141,EMP1036,C1738,2021-05-30,4,1972,7888
OID15410,PID2002,A106,EMP1030,C1492,2021-02-03,3,847,2541
OID15413,PID2094,A108,EMP1043,C1566,2021-05-16,1,771,771
OID15414,PID2091,A115,EMP1022,C1760,2021-04-04,1,368,368
OID15418,PID2094,A135,EMP1024,C1436,2021-04-28,1,771,771
OID15419,PID2020,A114,EMP1023,C1798,2021-06-08,1,2005,2005
OID15420,PID2044,A136,EMP1044,C1544,2021-09-25,1,886,886
OID15421,PID2025,A127,EMP1007,C1159,2021-01-04,1,667,667
OID15424,PID2032,A154,EMP1019,C1732,2021-11-21,3,1967,5901
OID15427,PID2054,A106,EMP1004,C1417,2021-10-11,3,127,381
OID15428,PID2015,A122,EMP1035,C1277,2021-06-25,2,637,1274
OID15433,PID2080,A159,EMP1001,C1767,2021-03-11,1,2353,2353
OID15442,PID2003,A173,EMP1023,C1129,2021-03-23,4,1783,7132
OID15445,PID2017,A133,EMP1008,C1594,2021-07-02,3,35,105
OID15449,PID2091,A139,EMP1001,C1741,2021-11-22,1,368,368
OID15455,PID2092,A116,EMP1005,C1650,2021-11-27,1,1639,1639
OID15458,PID2063,A111,EMP1005,C1602,2021-04-25,1,1708,1708
OID15460,PID2028,A146,EMP1005,C1211,2021-04-08,1,2283,2283
OID15466,PID2004,A142,EMP1003,C1296,2021-01-14,3,1278,3834
OID15469,PID2050,A128,EMP1024,C1747,2021-09-14,1,2391,2391
OID15470,PID2011,A145,EMP1036,C1524,2021-05-17,1,530,530
OID15471,PID2073,A104,EMP1005,C1036,2021-02-18,1,95,95
OID15475,PID2031,A138,EMP1036,C1762,2021-12-29,4,1638,6552
OID15478,PID2055,A129,EMP1031,C1258,2021-07-03,1,2495,2495
OID15479,PID2005,A127,EMP1014,C1611,2021-08-24,1,684,684
OID15480,PID2054,A172,EMP1031,C1668,2021-02-14,2,127,254
OID15482,PID2000,A155,EMP1002,C1520,2021-02-03,1,2241,2241
OID15485,PID2070,A141,EMP1004,C1486,2021-07-11,2,1671,3342
OID15487,PID2049,A159,EMP1041,C1311,2021-05-01,1,826,826
OID15491,PID2051,A149,EMP1033,C1449,2021-06-04,3,1077,3231
OID15493,PID2094,A135,EMP1033,C1318,2021-10-04,1,771,771
OID15494,PID2046,A171,EMP1029,C1272,2021-03-16,1,2410,2410
OID15498,PID2012,A155,EMP1024,C1675,2021-01-31,1,1353,1353
OID15500,PID2030,A102,EMP1000,C1672,2021-12-14,1,1899,1899
OID15502,PID2037,A128,EMP1005,C1433,2021-07-24,3,880,2640
OID15503,PID2073,A157,EMP1037,C1386,2021-10-20,3,95,285
OID15504,PID2058,A157,EMP1009,C1035,2021-02-26,1,2257,2257
OID15505,PID2091,A151,EMP1006,C1711,2021-12-04,1,368,368
OID15521,PID2029,A108,EMP1035,C1291,2021-12-09,3,1848,5544
OID15523,PID2092,A113,EMP1015,C1675,2021-03-07,2,1639,3278
OID15535,PID2098,A146,EMP1013,C1607,2021-07-14,1,1178,1178
OID15544,PID2071,A104,EMP1021,C1519,2021-10-08,4,136,544
OID15549,PID2077,A120,EMP1004,C1637,2021-11-08,3,530,1590
OID15552,PID2018,A108,EMP1006,C1278,2021-03-15,2,1972,3944
OID15553,PID2055,A144,EMP1024,C1090,2021-05-06,2,2495,4990
OID15555,PID2081,A147,EMP1030,C1675,2021-07-09,3,1566,4698
OID15558,PID2062,A112,EMP1010,C1324,2021-10-09,4,2464,9856
OID15559,PID2042,A166,EMP1021,C1304,2021-04-12,4,203,812
OID15564,PID2053,A134,EMP1005,C1176,2021-07-05,4,596,2384
OID15566,PID2018,A137,EMP1024,C1005,2021-06-17,1,1972,1972
OID15571,PID2030,A162,EMP1043,C1428,2021-06-29,3,1899,5697
OID15572,PID2098,A125,EMP1020,C1148,2021-04-25,4,1178,4712
OID15573,PID2068,A140,EMP1031,C1657,2021-07-05,4,1500,6000
OID15574,PID2035,A172,EMP1038,C1077,2021-10-01,1,458,458
OID15576,PID2052,A124,EMP1007,C1762,2021-11-29,2,1526,3052
OID15577,PID2066,A171,EMP1023,C1038,2021-10-23,3,2091,6273
OID15578,PID2083,A164,EMP1031,C1064,2021-05-16,4,2141,8564
OID15580,PID2092,A171,EMP1021,C1451,2021-03-30,3,1639,4917
OID15582,PID2041,A129,EMP1041,C1337,2021-09-25,1,1380,1380
OID15584,PID2091,A152,EMP1009,C1167,2021-05-20,3,368,1104
OID15587,PID2086,A170,EMP1017,C1172,2021-05-29,3,123,369
OID15588,PID2026,A109,EMP1038,C1489,2021-07-22,2,947,1894
OID15601,PID2078,A126,EMP1038,C1596,2021-08-05,4,1798,7192
OID15610,PID2021,A166,EMP1009,C1017,2021-05-29,4,217,868
OID15611,PID2062,A100,EMP1003,C1563,2021-03-22,4,2464,9856
OID15615,PID2093,A114,EMP1005,C1687,2021-02-01,1,112,112
OID15616,PID2000,A101,EMP1008,C1107,2021-08-03,1,2241,2241
OID15621,PID2028,A111,EMP1034,C1044,2021-03-16,1,2283,2283
OID15627,PID2053,A139,EMP1034,C1795,2021-03-10,4,596,2384
OID15629,PID2085,A157,EMP1023,C1318,2021-03-12,1,1862,1862
OID15630,PID2093,A103,EMP1027,C1751,2021-05-07,2,112,224
OID15637,PID2045,A148,EMP1028,C1088,2021-06-20,2,556,1112
OID15641,PID2092,A165,EMP1036,C1783,2021-04-28,4,1639,6556
OID15643,PID2063,A116,EMP1015,C1272,2021-02-13,1,1708,1708
OID15645,PID2028,A171,EMP1004,C1726,2021-03-13,1,2283,2283
OID15646,PID2024,A116,EMP1032,C1656,2021-12-04,1,356,356
OID15649,PID2036,A129,EMP1003,C1722,2021-02-25,3,1582,4746
OID15651,PID2000,A167,EMP1025,C1565,2021-09-17,4,2241,8964
OID15653,PID2019,A130,EMP1027,C1508,2021-06-24,1,800,800
OID15657,PID2081,A144,EMP1017,C1515,2021-10-12,4,1566,6264
OID15658,PID2050,A172,EMP1009,C1670,2021-04-20,1,2391,2391
OID15668,PID2023,A109,EMP1043,C1184,2021-08-29,3,818,2454
OID15671,PID2050,A152,EMP1031,C1721,2021-11-22,4,2391,9564
OID15675,PID2046,A169,EMP1007,C1624,2021-02-09,1,2410,2410
OID15677,PID2079,A137,EMP1013,C1418,2021-12-14,4,1725,6900
OID15678,PID2017,A119,EMP1040,C1787,2021-05-20,1,35,35
OID15679,PID2072,A102,EMP1031,C1622,2021-11-08,1,1887,1887
OID15682,PID2011,A133,EMP1034,C1426,2021-09-18,1,530,530
OID15684,PID2097,A154,EMP1022,C1364,2021-12-29,3,1052,3156
OID15685,PID2064,A160,EMP1004,C1634,2021-05-10,1,1414,1414
OID15687,PID2068,A103,EMP1026,C1568,2021-06-26,1,1500,1500
OID15688,PID2079,A143,EMP1040,C1403,2021-05-08,1,1725,1725
OID15690,PID2004,A122,EMP1030,C1663,2021-07-19,3,1278,3834
OID15691,PID2086,A132,EMP1026,C1630,2021-08-30,1,123,123
OID15692,PID2054,A153,EMP1022,C1309,2021-05-17,2,127,254
OID15693,PID2084,A114,EMP1019,C1684,2021-02-16,3,1783,5349
OID15694,PID2087,A138,EMP1023,C1468,2021-12-25,1,1022,1022
OID15696,PID2031,A158,EMP1031,C1395,2021-05-02,1,1638,1638
OID15705,PID2009,A173,EMP1020,C1390,2021-07-20,1,584,584
OID15706,PID2067,A168,EMP1024,C1142,2021-02-21,2,1119,2238
OID15709,PID2014,A128,EMP1043,C1617,2021-09-20,1,1809,1809
OID15710,PID2083,A127,EMP1043,C1398,2021-07-18,1,2141,2141
OID15718,PID2076,A125,EMP1006,C1188,2021-08-24,1,1522,1522
OID15720,PID2028,A128,EMP1010,C1694,2021-09-07,1,2283,2283
OID15721,PID2073,A159,EMP1005,C1644,2021-06-14,3,95,285
OID15723,PID2066,A115,EMP1010,C1028,2021-09-22,1,2091,2091
OID15724,PID2000,A148,EMP1036,C1456,2021-03-02,2,2241,4482
OID15725,PID2082,A145,EMP1035,C1408,2021-10-21,3,1103,3309
OID15729,PID2037,A153,EMP1012,C1360,2021-09-26,1,880,880
OID15732,PID2096,A162,EMP1014,C1724,2021-11-17,1,1587,1587
OID15734,PID2001,A128,EMP1010,C1030,2021-01-28,1,951,951
OID15736,PID2011,A111,EMP1040,C1547,2021-07-14,4,530,2120
OID15744,PID2070,A119,EMP1038,C1078,2021-07-22,2,1671,3342
OID15745,PID2079,A164,EMP1020,C1427,2021-12-03,1,1725,1725
OID15749,PID2077,A163,EMP1029,C1374,2021-10-17,3,530,1590
OID15750,PID2004,A103,EMP1044,C1567,2021-05-03,1,1278,1278
OID15753,PID2023,A106,EMP1037,C1538,2021-01-04,1,818,818
OID15758,PID2023,A120,EMP1025,C1158,2021-02-05,3,818,2454
OID15760,PID2071,A104,EMP1033,C1289,2021-03-27,1,136,136
OID15767,PID2018,A133,EMP1028,C1750,2021-07-11,3,1972,5916
OID15768,PID2006,A126,EMP1044,C1633,2021-08-08,4,1826,7304
OID15770,PID2018,A125,EMP1003,C1697,2021-08-08,1,1972,1972
OID15774,PID2040,A139,EMP1040,C1563,2021-05-05,3,1889,5667
OID15776,PID2060,A130,EMP1017,C1248,2021-10-21,3,1467,4401
OID15781,PID2026,A164,EMP1023,C1639,2021-10-15,1,947,947
OID15783,PID2017,A168,EMP1025,C1365,2021-01-30,1,35,35
OID15784,PID2055,A150,EMP1015,C1573,2021-06-20,4,2495,9980
OID15786,PID2069,A173,EMP1027,C1686,2021-01-26,1,378,378
OID15788,PID2002,A110,EMP1039,C1581,2021-07-04,1,847,847
OID15791,PID2018,A166,EMP1025,C1708,2021-02-19,3,1972,5916
OID15799,PID2034,A124,EMP1008,C1196,2021-11-27,2,871,1742
OID15804,PID2100,A149,EMP1038,C1620,2021-11-06,3,799,2397
OID15805,PID2031,A172,EMP1034,C1302,2021-04-23,3,1638,4914
OID15809,PID2027,A123,EMP1017,C1582,2021-03-17,2,2497,4994
OID15812,PID2081,A159,EMP1018,C1506,2021-09-04,3,1566,4698
OID15816,PID2039,A154,EMP1007,C1210,2021-02-07,1,817,817
OID15823,PID2059,A162,EMP1024,C1587,2021-08-03,2,1494,2988
OID15826,PID2093,A137,EMP1017,C1541,2021-07-03,1,112,112
OID15828,PID2047,A137,EMP1024,C1408,2021-01-23,2,290,580
OID15829,PID2083,A157,EMP1005,C1791,2021-03-07,4,2141,8564
OID15833,PID2022,A106,EMP1038,C1194,2021-02-10,3,561,1683
OID15834,PID2043,A172,EMP1002,C1261,2021-06-10,4,545,2180
OID15836,PID2032,A110,EMP1025,C1550,2021-07-25,2,1967,3934
OID15843,PID2022,A102,EMP1022,C1310,2021-07-20,2,561,1122
OID15849,PID2078,A147,EMP1006,C1242,2021-03-24,1,1798,1798
OID15854,PID2039,A138,EMP1002,C1180,2021-03-21,3,817,2451
OID15856,PID2005,A128,EMP1006,C1707,2021-04-08,1,684,684
OID15857,PID2052,A125,EMP1000,C1277,2021-04-29,2,1526,3052
OID15859,PID2078,A129,EMP1030,C1029,2021-06-14,1,1798,1798
OID15860,PID2042,A149,EMP1028,C1102,2021-06-19,3,203,609
OID15863,PID2048,A156,EMP1002,C1194,2021-09-19,3,502,1506
OID15865,PID2029,A133,EMP1039,C1497,2021-09-06,1,1848,1848
OID15871,PID2040,A108,EMP1015,C1221,2021-09-02,1,1889,1889
OID15873,PID2072,A101,EMP1030,C1426,2021-04-20,1,1887,1887
OID15875,PID2012,A124,EMP1007,C1521,2021-12-24,3,1353,4059
OID15879,PID2048,A108,EMP1010,C1140,2021-11-05,3,502,1506
OID15880,PID2014,A100,EMP1000,C1207,2021-11-07,2,1809,3618
OID15881,PID2032,A149,EMP1015,C1700,2021-11-15,1,1967,1967
OID15882,PID2023,A141,EMP1011,C1293,2021-07-04,2,818,1636
OID15883,PID2028,A135,EMP1005,C1049,2021-01-25,1,2283,2283
OID15891,PID2032,A149,EMP1038,C1349,2021-02-15,1,1967,1967
OID15892,PID2048,A103,EMP1006,C1539,2021-11-11,1,502,502
OID15893,PID2047,A164,EMP1030,C1627,2021-07-13,2,290,580
OID15897,PID2068,A173,EMP1003,C1791,2021-12-16,1,1500,1500
OID15898,PID2067,A134,EMP1030,C1636,2021-05-30,4,1119,4476
OID15900,PID2088,A127,EMP1011,C1503,2021-03-26,1,603,603
OID15902,PID2055,A103,EMP1036,C1561,2021-06-24,1,2495,2495
OID15903,PID2021,A109,EMP1031,C1337,2021-07-07,1,217,217
OID15905,PID2043,A110,EMP1039,C1643,2021-09-11,1,545,545
OID15908,PID2046,A164,EMP1010,C1118,2021-01-18,1,2410,2410
OID15909,PID2097,A118,EMP1037,C1171,2021-09-25,1,1052,1052
OID15916,PID2024,A124,EMP1035,C1053,2021-10-20,1,356,356
OID15922,PID2061,A103,EMP1013,C1648,2021-05-13,2,913,1826
OID15926,PID2056,A162,EMP1035,C1286,2021-02-02,1,1635,1635
OID15930,PID2048,A153,EMP1037,C1189,2021-09-06,4,502,2008
OID15932,PID2017,A136,EMP1014,C1576,2021-05-17,3,35,105
OID15936,PID2010,A105,EMP1006,C1613,2021-10-05,1,1812,1812
OID15940,PID2061,A120,EMP1001,C1714,2021-12-26,1,913,913
OID15946,PID2030,A120,EMP1021,C1757,2021-11-19,1,1899,1899
OID15948,PID2081,A152,EMP1034,C1273,2021-02-02,2,1566,3132
OID15952,PID2087,A168,EMP1041,C1496,2021-12-20,3,1022,3066
OID15953,PID2100,A113,EMP1009,C1378,2021-07-20,1,799,799
OID15967,PID2058,A128,EMP1025,C1592,2021-06-16,1,2257,2257
OID15970,PID2073,A142,EMP1017,C1519,2021-04-01,3,95,285
OID15973,PID2043,A148,EMP1011,C1615,2021-12-11,2,545,1090
OID15975,PID2082,A115,EMP1034,C1069,2021-06-03,2,1103,2206
OID15977,PID2077,A170,EMP1038,C1293,2021-07-31,4,530,2120
OID15981,PID2015,A154,EMP1002,C1481,2021-12-14,4,637,2548
OID15982,PID2029,A107,EMP1019,C1647,2021-02-05,4,1848,7392
OID15991,PID2045,A166,EMP1013,C1111,2021-09-13,1,556,556
OID15993,PID2085,A101,EMP1039,C1067,2021-03-18,2,1862,3724
OID15997,PID2080,A120,EMP1041,C1021,2021-12-20,1,2353,2353
OID16000,PID2027,A165,EMP1029,C1465,2021-04-17,3,2497,7491
OID16002,PID2078,A109,EMP1007,C1300,2021-12-18,3,1798,5394
OID16004,PID2049,A153,EMP1004,C1742,2021-08-14,4,826,3304
OID16009,PID2086,A103,EMP1001,C1114,2021-10-22,4,123,492
OID16017,PID2022,A114,EMP1001,C1426,2021-08-03,2,561,1122
OID16023,PID2079,A102,EMP1040,C1471,2021-08-18,1,1725,1725
OID16026,PID2007,A113,EMP1043,C1616,2021-10-01,1,1405,1405
OID16028,PID2049,A116,EMP1032,C1684,2021-02-18,2,826,1652
OID16034,PID2080,A147,EMP1036,C1266,2021-11-20,1,2353,2353
OID16037,PID2030,A152,EMP1023,C1708,2021-04-24,2,1899,3798
OID16038,PID2078,A150,EMP1004,C1686,2021-03-01,4,1798,7192
OID16039,PID2002,A117,EMP1001,C1618,2021-05-27,4,847,3388
OID16041,PID2011,A137,EMP1009,C1189,2021-03-21,4,530,2120
OID16042,PID2059,A128,EMP1008,C1640,2021-06-13,3,1494,4482
OID16043,PID2012,A101,EMP1025,C1168,2021-04-10,1,1353,1353
OID16044,PID2003,A137,EMP1000,C1092,2021-08-05,4,1783,7132
OID16046,PID2096,A124,EMP1039,C1089,2021-12-19,2,1587,3174
OID16047,PID2054,A156,EMP1044,C1520,2021-03-01,1,127,127
OID16048,PID2047,A147,EMP1019,C1731,2021-05-12,3,290,870
OID16050,PID2076,A144,EMP1014,C1138,2021-01-22,1,1522,1522
OID16054,PID2064,A141,EMP1029,C1744,2021-02-23,1,1414,1414
OID16059,PID2076,A122,EMP1030,C1449,2021-07-06,3,1522,4566
OID16060,PID2018,A134,EMP1015,C1498,2021-02-23,1,1972,1972
OID16065,PID2026,A114,EMP1021,C1086,2021-11-15,1,947,947
OID16069,PID2091,A107,EMP1021,C1537,2021-06-24,2,368,736
OID16072,PID2016,A159,EMP1022,C1571,2021-07-17,4,1351,5404
OID16073,PID2092,A160,EMP1037,C1041,2021-01-17,1,1639,1639
OID16075,PID2066,A148,EMP1000,C1346,2021-03-26,2,2091,4182
OID16077,PID2047,A114,EMP1034,C1471,2021-07-20,1,290,290
OID16081,PID2096,A105,EMP1036,C1613,2021-02-10,4,1587,6348
OID16087,PID2056,A123,EMP1008,C1118,2021-05-24,1,1635,1635
OID16091,PID2004,A112,EMP1023,C1126,2021-10-23,2,1278,2556
OID16097,PID2032,A155,EMP1006,C1161,2021-09-07,3,1967,5901
OID16102,PID2046,A153,EMP1002,C1368,2021-11-20,3,2410,7230
OID16104,PID2074,A145,EMP1021,C1399,2021-03-02,1,504,504
OID16112,PID2086,A146,EMP1020,C1046,2021-06-26,2,123,246
OID16113,PID2054,A162,EMP1019,C1571,2021-11-09,4,127,508
OID16122,PID2031,A155,EMP1024,C1014,2021-12-06,4,1638,6552
OID16126,PID2057,A107,EMP1035,C1061,2021-04-28,1,181,181
OID16128,PID2014,A145,EMP1034,C1082,2021-01-22,1,1809,1809
OID16133,PID2098,A155,EMP1027,C1181,2021-05-15,1,1178,1178
OID16150,PID2051,A158,EMP1007,C1356,2021-02-18,1,1077,1077
OID16152,PID2008,A111,EMP1029,C1405,2021-05-21,3,315,945
OID16153,PID2020,A151,EMP1005,C1211,2021-11-19,3,2005,6015
OID16157,PID2015,A172,EMP1019,C1177,2021-09-12,1,637,637
OID16159,PID2073,A128,EMP1037,C1149,2021-01-24,2,95,190
OID16162,PID2022,A107,EMP1001,C1067,2021-07-29,4,561,2244
OID16173,PID2032,A117,EMP1023,C1582,2021-02-25,3,1967,5901
OID16176,PID2077,A125,EMP1010,C1416,2021-11-26,1,530,530
OID16179,PID2064,A101,EMP1021,C1127,2021-06-03,1,1414,1414
OID16181,PID2096,A171,EMP1030,C1484,2021-01-03,1,1587,1587
OID16183,PID2035,A147,EMP1028,C1391,2021-10-30,1,458,458
OID16184,PID2009,A151,EMP1019,C1373,2021-02-15,4,584,2336
OID16188,PID2002,A111,EMP1043,C1386,2021-03-03,1,847,847
OID16190,PID2097,A131,EMP1000,C1449,2021-10-26,1,1052,1052
OID16196,PID2007,A149,EMP1017,C1525,2021-06-17,1,1405,1405
OID16198,PID2097,A171,EMP1021,C1769,2021-09-29,1,1052,1052
OID16201,PID2087,A101,EMP1024,C1536,2021-11-05,3,1022,3066
OID16202,PID2027,A108,EMP1000,C1212,2021-04-28,4,2497,9988
OID16204,PID2040,A134,EMP1015,C1099,2021-10-18,2,1889,3778
OID16208,PID2000,A156,EMP1032,C1659,2021-05-01,1,2241,2241
OID16209,PID2099,A133,EMP1009,C1602,2021-08-17,3,1367,4101
OID16212,PID2077,A172,EMP1014,C1790,2021-12-22,4,530,2120
OID16215,PID2094,A164,EMP1017,C1235,2021-08-28,1,771,771
OID16216,PID2005,A167,EMP1009,C1661,2021-02-24,2,684,1368
OID16217,PID2077,A137,EMP1029,C1325,2021-10-03,3,530,1590
OID16220,PID2092,A163,EMP1035,C1640,2021-08-22,3,1639,4917
OID16222,PID2035,A166,EMP1025,C1751,2021-12-11,1,458,458
OID16225,PID2005,A149,EMP1000,C1181,2021-10-19,1,684,684
OID16228,PID2001,A148,EMP1028,C1057,2021-10-21,1,951,951
OID16229,PID2086,A111,EMP1039,C1093,2021-11-17,2,123,246
OID16230,PID2093,A110,EMP1003,C1276,2021-02-21,1,112,112
OID16233,PID2056,A106,EMP1015,C1155,2021-01-01,1,1635,1635
OID16242,PID2041,A161,EMP1021,C1313,2021-11-02,1,1380,1380
OID16243,PID2012,A130,EMP1007,C1501,2021-04-19,1,1353,1353
OID16246,PID2030,A109,EMP1029,C1264,2021-04-23,2,1899,3798
OID16249,PID2054,A168,EMP1031,C1368,2021-04-02,1,127,127
OID16251,PID2084,A157,EMP1002,C1099,2021-06-08,1,1783,1783
OID16252,PID2013,A111,EMP1033,C1417,2021-04-10,1,368,368
OID16265,PID2025,A167,EMP1044,C1704,2021-11-23,1,667,667
OID16267,PID2072,A154,EMP1002,C1518,2021-05-26,1,1887,1887
OID16273,PID2077,A152,EMP1016,C1002,2021-02-10,3,530,1590
OID16275,PID2043,A133,EMP1041,C1404,2021-07-27,2,545,1090
OID16276,PID2084,A101,EMP1005,C1719,2021-01-26,2,1783,3566
OID16282,PID2067,A129,EMP1024,C1697,2021-01-02,2,1119,2238
OID16289,PID2042,A142,EMP1025,C1574,2021-09-29,1,203,203
OID16294,PID2019,A108,EMP1029,C1101,2021-03-08,2,800,1600
OID16296,PID2091,A158,EMP1002,C1642,2021-01-04,1,368,368
OID16303,PID2003,A120,EMP1025,C1045,2021-08-12,3,1783,5349
OID16316,PID2071,A154,EMP1007,C1239,2021-06-10,4,136,544
OID16320,PID2058,A106,EMP1020,C1688,2021-09-19,2,2257,4514
OID16322,PID2062,A136,EMP1041,C1154,2021-06-22,2,2464,4928
OID16323,PID2071,A116,EMP1008,C1156,2021-08-24,1,136,136
OID16325,PID2039,A111,EMP1036,C1020,2021-03-30,4,817,3268
OID16329,PID2025,A168,EMP1021,C1283,2021-09-17,2,667,1334
OID16331,PID2072,A109,EMP1041,C1147,2021-04-15,1,1887,1887
OID16334,PID2033,A146,EMP1033,C1341,2021-01-18,2,2182,4364
OID16335,PID2097,A101,EMP1036,C1053,2021-06-01,1,1052,1052
OID16346,PID2077,A103,EMP1038,C1343,2021-11-26,1,530,530
OID16351,PID2070,A106,EMP1017,C1094,2021-02-07,1,1671,1671
OID16352,PID2077,A161,EMP1004,C1700,2021-06-02,1,530,530
OID16358,PID2050,A112,EMP1043,C1374,2021-06-30,3,2391,7173
OID16359,PID2081,A133,EMP1007,C1017,2021-01-11,2,1566,3132
OID16360,PID2047,A142,EMP1006,C1781,2021-11-14,3,290,870
OID16363,PID2055,A144,EMP1012,C1795,2021-08-16,1,2495,2495
OID16370,PID2006,A100,EMP1039,C1455,2021-12-01,1,1826,1826
OID16372,PID2036,A103,EMP1021,C1274,2021-07-16,1,1582,1582
OID16373,PID2015,A163,EMP1005,C1231,2021-08-06,2,637,1274
OID16375,PID2080,A143,EMP1042,C1033,2021-07-15,1,2353,2353
OID16376,PID2078,A118,EMP1033,C1167,2021-05-01,4,1798,7192
OID16377,PID2067,A151,EMP1023,C1298,2021-10-04,4,1119,4476
OID16383,PID2077,A173,EMP1011,C1030,2021-02-03,2,530,1060
OID16386,PID2060,A121,EMP1024,C1370,2021-05-18,4,1467,5868
OID16390,PID2074,A147,EMP1009,C1441,2021-12-28,1,504,504
OID16391,PID2006,A137,EMP1012,C1043,2021-05-05,1,1826,1826
OID16392,PID2081,A106,EMP1013,C1022,2021-07-28,1,1566,1566
OID16402,PID2092,A150,EMP1010,C1556,2021-06-28,1,1639,1639
OID16403,PID2033,A149,EMP1043,C1779,2021-10-21,1,2182,2182
OID16409,PID2050,A127,EMP1041,C1645,2021-02-07,1,2391,2391
OID16415,PID2037,A149,EMP1005,C1474,2021-01-16,2,880,1760
OID16423,PID2026,A158,EMP1013,C1308,2021-05-10,4,947,3788
OID16426,PID2025,A138,EMP1022,C1375,2021-02-01,2,667,1334
OID16429,PID2095,A151,EMP1013,C1377,2021-05-20,1,1743,1743
OID16430,PID2070,A159,EMP1031,C1669,2021-05-02,1,1671,1671
OID16431,PID2020,A138,EMP1040,C1100,2021-03-30,1,2005,2005
OID16433,PID2048,A136,EMP1033,C1099,2021-09-02,1,502,502
OID16434,PID2000,A150,EMP1032,C1654,2021-01-26,1,2241,2241
OID16442,PID2084,A121,EMP1041,C1593,2021-06-22,1,1783,1783
OID16443,PID2055,A119,EMP1020,C1376,2021-03-04,4,2495,9980
OID16444,PID2021,A115,EMP1042,C1057,2021-12-16,4,217,868
OID16447,PID2067,A138,EMP1007,C1751,2021-06-04,1,1119,1119
OID16451,PID2041,A130,EMP1020,C1260,2021-12-11,1,1380,1380
OID16454,PID2080,A113,EMP1013,C1761,2021-11-12,2,2353,4706
OID16455,PID2057,A159,EMP1018,C1138,2021-07-17,1,181,181
OID16456,PID2022,A141,EMP1023,C1580,2021-07-06,3,561,1683
OID16462,PID2044,A141,EMP1029,C1147,2021-05-12,2,886,1772
OID16470,PID2017,A128,EMP1044,C1118,2021-06-08,1,35,35
OID16472,PID2086,A134,EMP1011,C1669,2021-11-11,1,123,123
OID16474,PID2016,A107,EMP1034,C1665,2021-11-02,1,1351,1351
OID16475,PID2032,A171,EMP1026,C1212,2021-03-21,3,1967,5901
OID16476,PID2064,A113,EMP1031,C1395,2021-06-02,1,1414,1414
OID16477,PID2098,A137,EMP1012,C1722,2021-10-29,1,1178,1178
OID16481,PID2048,A170,EMP1040,C1080,2021-02-16,1,502,502
OID16488,PID2037,A110,EMP1028,C1344,2021-12-07,1,880,880
OID16490,PID2035,A142,EMP1004,C1275,2021-08-25,1,458,458
OID16491,PID2034,A153,EMP1025,C1383,2021-07-04,4,871,3484
OID16492,PID2080,A136,EMP1030,C1483,2021-05-25,1,2353,2353
OID16495,PID2027,A162,EMP1043,C1601,2021-08-31,1,2497,2497
OID16496,PID2012,A158,EMP1029,C1273,2021-09-06,2,1353,2706
OID16501,PID2047,A170,EMP1006,C1567,2021-03-20,2,290,580
OID16502,PID2012,A125,EMP1024,C1724,2021-12-20,2,1353,2706
OID16504,PID2031,A131,EMP1043,C1559,2021-03-02,1,1638,1638
OID16507,PID2099,A164,EMP1015,C1742,2021-07-18,3,1367,4101
OID16510,PID2005,A118,EMP1023,C1023,2021-05-02,1,684,684
OID16513,PID2061,A153,EMP1014,C1117,2021-03-12,4,913,3652
OID16516,PID2017,A113,EMP1002,C1759,2021-04-19,1,35,35
OID16519,PID2011,A145,EMP1024,C1590,2021-04-17,1,530,530
OID16521,PID2042,A149,EMP1032,C1705,2021-04-11,1,203,203
OID16523,PID2019,A165,EMP1028,C1554,2021-12-17,4,800,3200
OID16526,PID2052,A133,EMP1030,C1710,2021-11-18,4,1526,6104
OID16527,PID2035,A124,EMP1011,C1407,2021-01-13,1,458,458
OID16529,PID2059,A132,EMP1043,C1192,2021-06-09,3,1494,4482
OID16531,PID2083,A139,EMP1016,C1531,2021-07-30,1,2141,2141
OID16535,PID2090,A148,EMP1015,C1250,2021-08-09,4,1338,5352
OID16536,PID2004,A137,EMP1043,C1218,2021-09-13,1,1278,1278
OID16537,PID2018,A151,EMP1021,C1441,2021-12-16,1,1972,1972
OID16539,PID2019,A118,EMP1016,C1087,2021-02-10,4,800,3200
OID16541,PID2034,A125,EMP1016,C1248,2021-01-25,1,871,871
OID16544,PID2001,A148,EMP1026,C1521,2021-03-29,1,951,951
OID16545,PID2066,A105,EMP1001,C1025,2021-04-10,1,2091,2091
OID16547,PID2036,A111,EMP1035,C1787,2021-08-10,3,1582,4746
OID16548,PID2017,A105,EMP1015,C1507,2021-07-25,1,35,35
OID16551,PID2066,A156,EMP1039,C1662,2021-10-21,3,2091,6273
OID16555,PID2042,A142,EMP1035,C1606,2021-02-18,1,203,203
OID16556,PID2005,A147,EMP1010,C1304,2021-09-21,1,684,684
OID16558,PID2043,A155,EMP1013,C1644,2021-01-19,2,545,1090
OID16560,PID2051,A149,EMP1000,C1767,2021-08-17,1,1077,1077
OID16561,PID2000,A109,EMP1021,C1659,2021-12-25,2,2241,4482
OID16562,PID2035,A109,EMP1043,C1707,2021-05-19,2,458,916
OID16566,PID2055,A168,EMP1009,C1083,2021-10-12,1,2495,2495
OID16569,PID2023,A123,EMP1017,C1417,2021-08-16,3,818,2454
OID16570,PID2100,A152,EMP1028,C1796,2021-03-29,1,799,799
OID16571,PID2060,A124,EMP1015,C1375,2021-11-25,3,1467,4401
OID16575,PID2087,A150,EMP1011,C1287,2021-08-06,1,1022,1022
OID16579,PID2045,A101,EMP1036,C1342,2021-01-10,1,556,556
OID16583,PID2095,A108,EMP1041,C1798,2021-05-10,1,1743,1743
OID16585,PID2036,A100,EMP1040,C1738,2021-09-02,1,1582,1582
OID16587,PID2068,A155,EMP1032,C1262,2021-01-04,1,1500,1500
OID16588,PID2092,A168,EMP1020,C1280,2021-04-27,4,1639,6556
OID16589,PID2020,A108,EMP1027,C1164,2021-04-08,2,2005,4010
OID16590,PID2028,A145,EMP1002,C1645,2021-08-21,3,2283,6849
OID16595,PID2092,A154,EMP1037,C1575,2021-09-02,1,1639,1639
OID16608,PID2021,A144,EMP1040,C1736,2021-11-26,1,217,217
OID16618,PID2094,A144,EMP1035,C1455,2021-06-21,1,771,771
OID16622,PID2038,A153,EMP1009,C1139,2021-06-19,3,392,1176
OID16623,PID2063,A118,EMP1004,C1348,2021-06-15,3,1708,5124
OID16624,PID2017,A113,EMP1038,C1513,2021-02-10,3,35,105
OID16626,PID2026,A170,EMP1038,C1161,2021-01-10,3,947,2841
OID16627,PID2035,A172,EMP1012,C1575,2021-07-13,3,458,1374
OID16629,PID2067,A113,EMP1035,C1505,2021-03-24,1,1119,1119
OID16634,PID2023,A145,EMP1030,C1662,2021-11-20,3,818,2454
OID16640,PID2060,A126,EMP1029,C1307,2021-06-22,1,1467,1467
OID16641,PID2044,A130,EMP1042,C1635,2021-10-10,1,886,886
OID16645,PID2074,A165,EMP1023,C1368,2021-09-20,1,504,504
OID16651,PID2090,A104,EMP1022,C1489,2021-09-27,1,1338,1338
OID16654,PID2099,A114,EMP1002,C1152,2021-05-20,2,1367,2734
OID16657,PID2009,A116,EMP1044,C1717,2021-07-11,2,584,1168
OID16661,PID2065,A110,EMP1040,C1715,2021-12-30,2,2396,4792
OID16667,PID2059,A101,EMP1018,C1144,2021-03-19,1,1494,1494
OID16671,PID2016,A103,EMP1024,C1511,2021-06-11,1,1351,1351
OID16675,PID2023,A138,EMP1035,C1502,2021-06-23,3,818,2454
OID16679,PID2072,A163,EMP1038,C1443,2021-12-25,2,1887,3774
OID16681,PID2078,A108,EMP1004,C1175,2021-10-12,1,1798,1798
OID16684,PID2077,A152,EMP1005,C1771,2021-12-30,3,530,1590
OID16685,PID2057,A134,EMP1004,C1585,2021-08-29,4,181,724
OID16689,PID2009,A127,EMP1023,C1571,2021-09-28,2,584,1168
OID16691,PID2027,A152,EMP1043,C1760,2021-09-26,1,2497,2497
OID16692,PID2094,A116,EMP1021,C1790,2021-04-15,1,771,771
OID16697,PID2009,A117,EMP1013,C1580,2021-09-09,1,584,584
OID16702,PID2057,A160,EMP1042,C1761,2021-09-09,2,181,362
OID16703,PID2060,A158,EMP1027,C1752,2021-02-14,1,1467,1467
OID16704,PID2060,A168,EMP1002,C1502,2021-01-26,1,1467,1467
OID16707,PID2085,A169,EMP1011,C1402,2021-11-30,2,1862,3724
OID16708,PID2050,A166,EMP1026,C1135,2021-11-13,2,2391,4782
OID16712,PID2019,A165,EMP1024,C1497,2021-01-11,1,800,800
OID16713,PID2007,A165,EMP1017,C1645,2021-10-06,2,1405,2810
OID16715,PID2011,A116,EMP1008,C1637,2021-11-18,4,530,2120
OID16718,PID2087,A172,EMP1042,C1232,2021-11-16,2,1022,2044
OID16721,PID2075,A155,EMP1002,C1486,2021-03-04,1,400,400
OID16724,PID2074,A161,EMP1020,C1483,2021-05-18,1,504,504
OID16726,PID2090,A134,EMP1017,C1045,2021-05-27,2,1338,2676
OID16727,PID2051,A129,EMP1036,C1183,2021-07-06,1,1077,1077
OID16734,PID2070,A154,EMP1044,C1153,2021-10-12,1,1671,1671
OID16736,PID2028,A135,EMP1033,C1377,2021-04-16,4,2283,9132
OID16737,PID2017,A134,EMP1002,C1592,2021-04-04,1,35,35
OID16743,PID2075,A107,EMP1011,C1419,2021-03-19,3,400,1200
OID16744,PID2022,A133,EMP1041,C1620,2021-06-25,2,561,1122
OID16747,PID2036,A158,EMP1035,C1592,2021-10-12,4,1582,6328
OID16750,PID2071,A105,EMP1023,C1750,2021-02-16,1,136,136
OID16752,PID2036,A147,EMP1041,C1169,2021-09-25,3,1582,4746
OID16753,PID2048,A109,EMP1001,C1785,2021-01-14,1,502,502
OID16757,PID2074,A169,EMP1002,C1046,2021-08-17,1,504,504
OID16763,PID2002,A138,EMP1023,C1095,2021-04-30,2,847,1694
OID16764,PID2050,A156,EMP1009,C1355,2021-04-25,3,2391,7173
OID16765,PID2056,A105,EMP1034,C1418,2021-06-25,1,1635,1635
OID16768,PID2045,A122,EMP1022,C1402,2021-11-29,3,556,1668
OID16770,PID2039,A165,EMP1029,C1506,2021-06-01,2,817,1634
OID16772,PID2076,A112,EMP1012,C1761,2021-11-13,2,1522,3044
OID16775,PID2068,A158,EMP1038,C1366,2021-11-21,4,1500,6000
OID16778,PID2083,A156,EMP1034,C1757,2021-09-09,1,2141,2141
OID16781,PID2046,A121,EMP1027,C1300,2021-12-19,1,2410,2410
OID16783,PID2061,A103,EMP1031,C1693,2021-11-27,1,913,913
OID16786,PID2007,A114,EMP1010,C1232,2021-06-11,2,1405,2810
OID16790,PID2023,A133,EMP1017,C1422,2021-08-11,1,818,818
OID16791,PID2041,A118,EMP1024,C1309,2021-06-22,2,1380,2760
OID16792,PID2019,A145,EMP1005,C1205,2021-03-13,1,800,800
OID16796,PID2017,A114,EMP1006,C1645,2021-03-19,3,35,105
OID16797,PID2083,A116,EMP1003,C1411,2021-06-18,1,2141,2141
OID16798,PID2022,A169,EMP1039,C1680,2021-06-09,1,561,561
OID16800,PID2065,A133,EMP1036,C1203,2021-07-11,1,2396,2396
OID16801,PID2017,A172,EMP1034,C1090,2021-08-08,4,35,140
OID16802,PID2011,A125,EMP1006,C1382,2021-07-26,4,530,2120
OID16803,PID2096,A109,EMP1016,C1596,2021-08-23,3,1587,4761
OID16807,PID2044,A158,EMP1011,C1452,2021-11-20,1,886,886
OID16808,PID2057,A117,EMP1004,C1160,2021-07-01,4,181,724
OID16812,PID2005,A118,EMP1015,C1203,2021-10-06,1,684,684
OID16813,PID2077,A161,EMP1000,C1143,2021-01-23,4,530,2120
OID16814,PID2059,A117,EMP1019,C1664,2021-11-22,4,1494,5976
OID16816,PID2039,A155,EMP1030,C1478,2021-05-11,4,817,3268
OID16822,PID2070,A159,EMP1007,C1496,2021-02-17,1,1671,1671
OID16823,PID2090,A110,EMP1040,C1211,2021-04-23,1,1338,1338
OID16828,PID2073,A161,EMP1035,C1108,2021-12-22,1,95,95
OID16832,PID2040,A100,EMP1009,C1205,2021-09-24,1,1889,1889
OID16835,PID2059,A115,EMP1036,C1440,2021-08-03,1,1494,1494
OID16839,PID2017,A122,EMP1028,C1002,2021-09-06,2,35,70
OID16840,PID2096,A113,EMP1043,C1429,2021-04-03,4,1587,6348
OID16848,PID2011,A125,EMP1026,C1239,2021-09-15,2,530,1060
OID16856,PID2084,A134,EMP1010,C1049,2021-11-12,2,1783,3566
OID16858,PID2092,A168,EMP1022,C1274,2021-10-20,3,1639,4917
OID16859,PID2061,A132,EMP1018,C1002,2021-05-25,4,913,3652
OID16861,PID2095,A128,EMP1004,C1366,2021-08-30,3,1743,5229
OID16864,PID2024,A159,EMP1011,C1033,2021-02-10,1,356,356
OID16867,PID2063,A152,EMP1040,C1784,2021-11-01,1,1708,1708
OID16868,PID2019,A107,EMP1027,C1067,2021-01-28,4,800,3200
OID16870,PID2093,A128,EMP1007,C1274,2021-10-17,3,112,336
OID16871,PID2004,A148,EMP1004,C1743,2021-09-27,1,1278,1278
OID16874,PID2062,A116,EMP1040,C1738,2021-12-14,3,2464,7392
OID16888,PID2056,A142,EMP1034,C1426,2021-01-09,1,1635,1635
OID16893,PID2062,A126,EMP1028,C1179,2021-04-25,4,2464,9856
OID16896,PID2070,A172,EMP1021,C1112,2021-04-12,2,1671,3342
OID16898,PID2042,A116,EMP1013,C1565,2021-03-26,2,203,406
OID16899,PID2072,A110,EMP1011,C1551,2021-05-07,3,1887,5661
OID16900,PID2048,A106,EMP1020,C1461,2021-07-31,3,502,1506
OID16901,PID2089,A108,EMP1011,C1079,2021-03-19,1,2294,2294
OID16902,PID2053,A153,EMP1023,C1732,2021-02-13,1,596,596
OID16908,PID2023,A160,EMP1004,C1136,2021-01-08,1,818,818
OID16913,PID2031,A170,EMP1022,C1224,2021-07-18,3,1638,4914
OID16915,PID2090,A133,EMP1029,C1057,2021-02-28,1,1338,1338
OID16916,PID2058,A173,EMP1025,C1464,2021-03-08,3,2257,6771
OID16918,PID2057,A155,EMP1003,C1567,2021-07-10,3,181,543
OID16924,PID2011,A108,EMP1008,C1185,2021-05-04,1,530,530
OID16925,PID2057,A101,EMP1002,C1047,2021-04-19,1,181,181
OID16926,PID2027,A129,EMP1031,C1603,2021-04-16,1,2497,2497
OID16935,PID2082,A106,EMP1002,C1690,2021-07-10,1,1103,1103
OID16940,PID2093,A109,EMP1040,C1202,2021-01-09,1,112,112
OID16941,PID2021,A142,EMP1041,C1405,2021-12-26,1,217,217
OID16952,PID2045,A127,EMP1018,C1213,2021-12-29,3,556,1668
OID16957,PID2071,A150,EMP1013,C1698,2021-05-01,3,136,408
OID16959,PID2067,A136,EMP1009,C1465,2021-03-31,1,1119,1119
OID16960,PID2059,A110,EMP1023,C1324,2021-04-25,1,1494,1494
OID16962,PID2089,A137,EMP1026,C1598,2021-04-17,1,2294,2294
OID16973,PID2067,A126,EMP1023,C1718,2021-12-08,2,1119,2238
OID16978,PID2087,A168,EMP1032,C1169,2021-07-24,1,1022,1022
OID16979,PID2014,A137,EMP1039,C1568,2021-04-27,1,1809,1809
OID16980,PID2096,A122,EMP1033,C1724,2021-10-22,1,1587,1587
OID16985,PID2053,A122,EMP1007,C1221,2021-04-15,4,596,2384
OID16987,PID2082,A135,EMP1028,C1756,2021-04-16,4,1103,4412
OID16989,PID2095,A131,EMP1009,C1454,2021-02-15,1,1743,1743
OID16992,PID2009,A163,EMP1018,C1506,2021-05-16,1,584,584
OID16997,PID2021,A152,EMP1039,C1206,2021-12-19,3,217,651
OID16998,PID2007,A128,EMP1016,C1526,2021-08-04,3,1405,4215
OID16999,PID2000,A152,EMP1016,C1494,2021-12-29,4,2241,8964
OID17000,PID2015,A162,EMP1013,C1557,2021-04-07,2,637,1274
OID17001,PID2056,A142,EMP1018,C1217,2021-01-23,1,1635,1635
OID17003,PID2026,A114,EMP1040,C1314,2021-09-21,1,947,947
OID17006,PID2008,A159,EMP1006,C1442,2021-11-11,1,315,315
OID17007,PID2039,A105,EMP1032,C1758,2021-06-16,1,817,817
OID17014,PID2012,A155,EMP1030,C1732,2021-05-09,1,1353,1353
OID17016,PID2017,A112,EMP1002,C1479,2021-02-03,1,35,35
OID17025,PID2083,A105,EMP1010,C1306,2021-09-12,1,2141,2141
OID17027,PID2074,A172,EMP1031,C1357,2021-06-18,2,504,1008
OID17028,PID2016,A115,EMP1014,C1225,2021-12-02,1,1351,1351
OID17029,PID2066,A142,EMP1042,C1040,2021-03-02,1,2091,2091
OID17030,PID2077,A139,EMP1022,C1681,2021-05-19,1,530,530
OID17031,PID2090,A168,EMP1035,C1255,2021-05-27,1,1338,1338
OID17037,PID2011,A157,EMP1003,C1074,2021-12-06,1,530,530
OID17041,PID2002,A134,EMP1043,C1007,2021-06-23,1,847,847
OID17042,PID2086,A146,EMP1029,C1252,2021-03-04,1,123,123
OID17046,PID2078,A162,EMP1016,C1703,2021-10-12,3,1798,5394
OID17051,PID2012,A121,EMP1016,C1386,2021-01-06,4,1353,5412
OID17053,PID2032,A124,EMP1036,C1187,2021-11-25,1,1967,1967
OID17054,PID2031,A108,EMP1011,C1616,2021-11-11,1,1638,1638
OID17069,PID2092,A148,EMP1037,C1570,2021-05-30,1,1639,1639
OID17074,PID2076,A147,EMP1018,C1325,2021-02-18,3,1522,4566
OID17078,PID2028,A133,EMP1026,C1072,2021-11-06,3,2283,6849
OID17079,PID2088,A132,EMP1019,C1096,2021-06-20,1,603,603
OID17087,PID2000,A164,EMP1018,C1514,2021-11-04,1,2241,2241
OID17101,PID2100,A116,EMP1022,C1708,2021-03-05,4,799,3196
OID17105,PID2002,A112,EMP1000,C1006,2021-10-20,1,847,847
OID17107,PID2007,A145,EMP1026,C1122,2021-04-16,2,1405,2810
OID17108,PID2038,A123,EMP1014,C1042,2021-01-27,1,392,392
OID17109,PID2030,A163,EMP1041,C1051,2021-10-04,4,1899,7596
OID17111,PID2100,A119,EMP1013,C1240,2021-12-14,2,799,1598
OID17117,PID2095,A134,EMP1004,C1245,2021-05-11,4,1743,6972
OID17118,PID2058,A113,EMP1013,C1657,2021-08-30,1,2257,2257
OID17123,PID2096,A101,EMP1043,C1484,2021-11-01,2,1587,3174
OID17127,PID2062,A167,EMP1001,C1474,2021-12-23,1,2464,2464
OID17130,PID2001,A133,EMP1032,C1382,2021-07-16,1,951,951
OID17135,PID2089,A157,EMP1044,C1217,2021-09-02,2,2294,4588
OID17136,PID2081,A112,EMP1024,C1430,2021-09-07,1,1566,1566
OID17138,PID2027,A104,EMP1018,C1461,2021-02-01,3,2497,7491
OID17139,PID2035,A140,EMP1029,C1501,2021-06-12,3,458,1374
OID17142,PID2003,A120,EMP1033,C1310,2021-04-19,3,1783,5349
OID17146,PID2096,A128,EMP1028,C1359,2021-04-12,1,1587,1587
OID17147,PID2049,A137,EMP1038,C1412,2021-11-21,1,826,826
OID17149,PID2024,A173,EMP1005,C1009,2021-10-09,2,356,712
OID17151,PID2088,A163,EMP1028,C1787,2021-11-25,4,603,2412
OID17158,PID2061,A120,EMP1038,C1421,2021-03-24,2,913,1826
OID17159,PID2074,A128,EMP1028,C1742,2021-07-04,1,504,504
OID17160,PID2089,A121,EMP1014,C1015,2021-05-31,3,2294,6882
OID17161,PID2054,A128,EMP1039,C1437,2021-07-16,3,127,381
OID17162,PID2021,A124,EMP1011,C1393,2021-06-05,4,217,868
OID17163,PID2042,A148,EMP1008,C1211,2021-07-18,3,203,609
OID17168,PID2097,A145,EMP1015,C1502,2021-07-21,1,1052,1052
OID17172,PID2093,A171,EMP1010,C1301,2021-03-23,2,112,224
OID17173,PID2034,A171,EMP1028,C1303,2021-01-13,2,871,1742
OID17178,PID2040,A146,EMP1039,C1662,2021-07-10,1,1889,1889
OID17185,PID2080,A138,EMP1038,C1637,2021-05-02,4,2353,9412
OID17186,PID2045,A127,EMP1027,C1338,2021-08-04,4,556,2224
OID17188,PID2032,A128,EMP1029,C1537,2021-02-05,4,1967,7868
OID17192,PID2078,A159,EMP1009,C1213,2021-05-08,2,1798,3596
OID17194,PID2034,A155,EMP1005,C1744,2021-11-11,3,871,2613
OID17195,PID2093,A172,EMP1014,C1110,2021-09-30,1,112,112
OID17196,PID2042,A103,EMP1000,C1295,2021-01-15,1,203,203
OID17201,PID2010,A114,EMP1038,C1152,2021-04-10,1,1812,1812
OID17204,PID2025,A100,EMP1008,C1668,2021-01-02,1,667,667
OID17205,PID2054,A127,EMP1037,C1016,2021-03-08,3,127,381
OID17211,PID2067,A122,EMP1035,C1542,2021-04-13,1,1119,1119
OID17212,PID2074,A103,EMP1038,C1650,2021-03-16,1,504,504
OID17215,PID2088,A171,EMP1041,C1692,2021-10-17,4,603,2412
OID17217,PID2014,A136,EMP1018,C1133,2021-03-16,3,1809,5427
OID17222,PID2001,A136,EMP1024,C1513,2021-05-17,1,951,951
OID17225,PID2034,A161,EMP1012,C1003,2021-11-14,2,871,1742
OID17232,PID2032,A154,EMP1029,C1336,2021-02-17,1,1967,1967
OID17236,PID2001,A164,EMP1039,C1426,2021-09-20,1,951,951
OID17246,PID2085,A114,EMP1010,C1205,2021-01-18,3,1862,5586
OID17254,PID2070,A169,EMP1016,C1000,2021-06-16,1,1671,1671
OID17255,PID2091,A115,EMP1005,C1682,2021-09-09,1,368,368
OID17256,PID2016,A122,EMP1033,C1157,2021-04-14,1,1351,1351
OID17258,PID2047,A121,EMP1000,C1165,2021-10-02,1,290,290
OID17259,PID2005,A150,EMP1041,C1349,2021-05-03,4,684,2736
OID17260,PID2053,A159,EMP1021,C1071,2021-06-26,3,596,1788
OID17264,PID2058,A126,EMP1008,C1148,2021-01-12,1,2257,2257
OID17267,PID2035,A111,EMP1005,C1528,2021-10-13,4,458,1832
OID17269,PID2082,A171,EMP1019,C1644,2021-01-28,1,1103,1103
OID17278,PID2021,A143,EMP1019,C1394,2021-02-24,1,217,217
OID17280,PID2080,A166,EMP1012,C1138,2021-12-30,3,2353,7059
OID17281,PID2083,A130,EMP1026,C1520,2021-08-23,1,2141,2141
OID17283,PID2081,A168,EMP1040,C1702,2021-01-25,1,1566,1566
OID17284,PID2040,A152,EMP1009,C1753,2021-06-14,2,1889,3778
OID17285,PID2058,A143,EMP1042,C1171,2021-06-26,4,2257,9028
OID17288,PID2072,A158,EMP1019,C1753,2021-06-20,4,1887,7548
OID17289,PID2049,A144,EMP1022,C1383,2021-03-19,1,826,826
OID17291,PID2099,A149,EMP1030,C1137,2021-08-31,2,1367,2734
OID17292,PID2085,A112,EMP1030,C1050,2021-03-26,3,1862,5586
OID17293,PID2078,A157,EMP1024,C1262,2021-12-11,1,1798,1798
OID17294,PID2039,A140,EMP1015,C1524,2021-05-22,1,817,817
OID17295,PID2054,A141,EMP1001,C1403,2021-11-24,1,127,127
OID17297,PID2064,A173,EMP1016,C1434,2021-03-10,2,1414,2828
OID17298,PID2085,A103,EMP1013,C1034,2021-07-07,1,1862,1862
OID17306,PID2006,A166,EMP1040,C1248,2021-02-17,1,1826,1826
OID17307,PID2093,A169,EMP1008,C1204,2021-12-25,4,112,448
OID17312,PID2064,A121,EMP1043,C1556,2021-04-16,3,1414,4242
OID17313,PID2098,A145,EMP1000,C1458,2021-08-24,3,1178,3534
OID17317,PID2021,A164,EMP1009,C1445,2021-02-20,1,217,217
OID17319,PID2092,A146,EMP1042,C1371,2021-10-27,4,1639,6556
OID17321,PID2098,A140,EMP1012,C1290,2021-09-10,3,1178,3534
OID17322,PID2064,A131,EMP1028,C1448,2021-12-18,2,1414,2828
OID17324,PID2004,A152,EMP1024,C1390,2021-10-19,2,1278,2556
OID17325,PID2009,A168,EMP1030,C1609,2021-10-22,3,584,1752
OID17327,PID2040,A162,EMP1010,C1071,2021-08-16,1,1889,1889
OID17329,PID2002,A172,EMP1021,C1030,2021-04-13,2,847,1694
OID17330,PID2077,A148,EMP1020,C1178,2021-12-06,4,530,2120
OID17332,PID2010,A163,EMP1023,C1301,2021-05-14,2,1812,3624
OID17339,PID2004,A135,EMP1021,C1610,2021-07-07,1,1278,1278
OID17342,PID2056,A113,EMP1043,C1389,2021-11-11,1,1635,1635
OID17343,PID2029,A152,EMP1032,C1196,2021-02-04,1,1848,1848
OID17348,PID2056,A168,EMP1022,C1125,2021-05-07,1,1635,1635
OID17352,PID2020,A132,EMP1015,C1514,2021-03-27,3,2005,6015
OID17354,PID2006,A106,EMP1041,C1674,2021-04-17,1,1826,1826
OID17355,PID2089,A168,EMP1019,C1079,2021-03-23,3,2294,6882
OID17362,PID2059,A125,EMP1019,C1043,2021-04-27,4,1494,5976
OID17365,PID2054,A167,EMP1019,C1261,2021-09-18,4,127,508
OID17368,PID2091,A111,EMP1036,C1442,2021-09-07,1,368,368
OID17370,PID2087,A114,EMP1041,C1056,2021-02-18,1,1022,1022
OID17373,PID2097,A109,EMP1004,C1537,2021-02-07,2,1052,2104
OID17374,PID2011,A159,EMP1039,C1645,2021-02-26,3,530,1590
OID17375,PID2055,A135,EMP1035,C1405,2021-10-23,3,2495,7485
OID17376,PID2001,A138,EMP1032,C1417,2021-10-01,2,951,1902
OID17377,PID2094,A144,EMP1028,C1651,2021-04-24,1,771,771
OID17378,PID2017,A137,EMP1030,C1692,2021-04-09,2,35,70
OID17382,PID2017,A124,EMP1007,C1024,2021-07-11,1,35,35
OID17383,PID2084,A160,EMP1027,C1317,2021-02-16,3,1783,5349
OID17384,PID2019,A102,EMP1027,C1531,2021-01-02,4,800,3200
OID17385,PID2076,A139,EMP1012,C1365,2021-05-07,1,1522,1522
OID17387,PID2015,A102,EMP1033,C1483,2021-05-25,3,637,1911
OID17389,PID2016,A161,EMP1012,C1758,2021-05-07,1,1351,1351
OID17392,PID2049,A164,EMP1033,C1081,2021-07-28,1,826,826
OID17393,PID2058,A109,EMP1023,C1027,2021-06-15,2,2257,4514
OID17396,PID2016,A102,EMP1004,C1568,2021-07-01,1,1351,1351
OID17400,PID2065,A152,EMP1004,C1134,2021-08-28,4,2396,9584
OID17413,PID2074,A169,EMP1012,C1341,2021-11-06,2,504,1008
OID17418,PID2052,A105,EMP1016,C1421,2021-02-19,3,1526,4578
OID17423,PID2048,A134,EMP1009,C1751,2021-05-29,1,502,502
OID17429,PID2046,A129,EMP1034,C1115,2021-05-19,2,2410,4820
OID17430,PID2055,A136,EMP1042,C1252,2021-07-31,2,2495,4990
OID17431,PID2089,A108,EMP1036,C1548,2021-04-21,1,2294,2294
OID17434,PID2066,A155,EMP1027,C1675,2021-04-09,1,2091,2091
OID17435,PID2067,A161,EMP1002,C1330,2021-08-02,2,1119,2238
OID17436,PID2019,A123,EMP1004,C1401,2021-04-18,2,800,1600
OID17438,PID2036,A141,EMP1016,C1399,2021-11-09,3,1582,4746
OID17446,PID2021,A155,EMP1040,C1107,2021-03-20,3,217,651
OID17454,PID2017,A136,EMP1003,C1602,2021-02-09,1,35,35
OID17458,PID2022,A127,EMP1002,C1215,2021-10-21,3,561,1683
OID17459,PID2014,A127,EMP1006,C1252,2021-12-29,3,1809,5427
OID17460,PID2066,A137,EMP1013,C1601,2021-08-06,4,2091,8364
OID17461,PID2098,A109,EMP1007,C1331,2021-05-06,1,1178,1178
OID17467,PID2015,A125,EMP1030,C1155,2021-08-30,3,637,1911
OID17470,PID2063,A108,EMP1022,C1347,2021-12-10,3,1708,5124
OID17479,PID2005,A143,EMP1037,C1607,2021-07-10,2,684,1368
OID17485,PID2051,A172,EMP1020,C1098,2021-12-26,1,1077,1077
OID17489,PID2090,A117,EMP1013,C1506,2021-12-21,1,1338,1338
OID17491,PID2046,A105,EMP1036,C1654,2021-06-16,1,2410,2410
OID17492,PID2090,A100,EMP1037,C1392,2021-02-11,1,1338,1338
OID17496,PID2085,A142,EMP1011,C1529,2021-01-12,1,1862,1862
OID17500,PID2083,A121,EMP1025,C1440,2021-05-19,2,2141,4282
OID17502,PID2036,A121,EMP1012,C1375,2021-12-24,1,1582,1582
OID17503,PID2095,A144,EMP1010,C1721,2021-03-30,1,1743,1743
OID17512,PID2025,A121,EMP1011,C1219,2021-07-16,1,667,667
OID17522,PID2044,A124,EMP1038,C1262,2021-12-27,4,886,3544
OID17528,PID2034,A171,EMP1021,C1650,2021-12-18,2,871,1742
OID17531,PID2047,A143,EMP1019,C1032,2021-09-15,1,290,290
OID17533,PID2047,A139,EMP1034,C1528,2021-06-01,2,290,580
OID17535,PID2066,A152,EMP1008,C1094,2021-02-04,4,2091,8364
OID17539,PID2026,A134,EMP1021,C1159,2021-11-07,1,947,947
OID17542,PID2083,A109,EMP1003,C1785,2021-04-24,4,2141,8564
OID17551,PID2021,A140,EMP1041,C1627,2021-01-09,1,217,217
OID17553,PID2052,A159,EMP1001,C1674,2021-09-14,3,1526,4578
OID17555,PID2030,A134,EMP1003,C1164,2021-05-02,1,1899,1899
OID17557,PID2059,A131,EMP1001,C1427,2021-05-19,1,1494,1494
OID17560,PID2010,A140,EMP1001,C1541,2021-02-08,2,1812,3624
OID17562,PID2017,A114,EMP1000,C1342,2021-12-10,1,35,35
OID17564,PID2080,A158,EMP1024,C1169,2021-02-24,2,2353,4706
OID17569,PID2028,A138,EMP1024,C1761,2021-05-12,3,2283,6849
OID17575,PID2061,A122,EMP1011,C1499,2021-09-01,2,913,1826
OID17580,PID2002,A138,EMP1029,C1677,2021-10-16,1,847,847
OID17583,PID2060,A160,EMP1022,C1560,2021-03-07,1,1467,1467
OID17584,PID2051,A158,EMP1006,C1787,2021-12-20,3,1077,3231
OID17588,PID2092,A130,EMP1024,C1766,2021-09-11,3,1639,4917
OID17590,PID2083,A157,EMP1034,C1712,2021-05-08,1,2141,2141
OID17591,PID2078,A167,EMP1018,C1204,2021-07-19,1,1798,1798
OID17595,PID2098,A142,EMP1014,C1780,2021-09-24,1,1178,1178
OID17597,PID2057,A119,EMP1036,C1705,2021-11-02,2,181,362
OID17598,PID2017,A101,EMP1011,C1795,2021-03-26,1,35,35
OID17600,PID2047,A155,EMP1008,C1752,2021-04-03,2,290,580
OID17601,PID2080,A156,EMP1026,C1372,2021-07-28,1,2353,2353
OID17602,PID2094,A136,EMP1035,C1157,2021-03-03,4,771,3084
OID17603,PID2035,A146,EMP1008,C1210,2021-04-16,1,458,458
OID17606,PID2090,A167,EMP1025,C1762,2021-08-05,2,1338,2676
OID17610,PID2091,A158,EMP1036,C1623,2021-11-03,3,368,1104
OID17612,PID2055,A157,EMP1000,C1585,2021-11-19,1,2495,2495
OID17613,PID2086,A150,EMP1020,C1502,2021-04-09,1,123,123
OID17622,PID2010,A107,EMP1007,C1296,2021-07-02,1,1812,1812
OID17627,PID2018,A121,EMP1014,C1291,2021-01-10,2,1972,3944
OID17628,PID2035,A114,EMP1013,C1591,2021-05-11,3,458,1374
OID17631,PID2037,A155,EMP1021,C1765,2021-07-16,1,880,880
OID17633,PID2005,A146,EMP1032,C1507,2021-03-24,1,684,684
OID17634,PID2064,A129,EMP1010,C1587,2021-01-01,3,1414,4242
OID17637,PID2065,A155,EMP1042,C1152,2021-01-16,2,2396,4792
OID17638,PID2048,A168,EMP1015,C1643,2021-12-07,1,502,502
OID17641,PID2027,A166,EMP1043,C1596,2021-05-28,1,2497,2497
OID17642,PID2090,A151,EMP1020,C1159,2021-01-16,1,1338,1338
OID17645,PID2010,A121,EMP1028,C1712,2021-10-20,1,1812,1812
OID17654,PID2030,A131,EMP1007,C1130,2021-06-26,1,1899,1899
OID17657,PID2053,A142,EMP1022,C1319,2021-08-24,1,596,596
OID17665,PID2046,A150,EMP1016,C1688,2021-07-22,1,2410,2410
OID17667,PID2001,A165,EMP1018,C1656,2021-12-06,1,951,951
OID17676,PID2020,A100,EMP1034,C1656,2021-05-29,3,2005,6015
OID17680,PID2031,A167,EMP1022,C1284,2021-12-29,1,1638,1638
OID17682,PID2083,A146,EMP1039,C1063,2021-09-02,1,2141,2141
OID17687,PID2014,A118,EMP1010,C1199,2021-11-26,1,1809,1809
OID17689,PID2046,A173,EMP1017,C1399,2021-09-05,1,2410,2410
OID17693,PID2013,A112,EMP1037,C1431,2021-04-28,3,368,1104
OID17695,PID2072,A114,EMP1029,C1184,2021-04-03,3,1887,5661
OID17699,PID2072,A100,EMP1010,C1639,2021-12-31,4,1887,7548
OID17701,PID2086,A159,EMP1041,C1567,2021-10-22,3,123,369
OID17702,PID2012,A136,EMP1019,C1517,2021-03-18,3,1353,4059
OID17707,PID2024,A110,EMP1025,C1161,2021-08-28,2,356,712
OID17708,PID2039,A126,EMP1008,C1069,2021-01-11,3,817,2451
OID17710,PID2067,A132,EMP1002,C1691,2021-06-15,1,1119,1119
OID17711,PID2063,A134,EMP1008,C1696,2021-11-14,1,1708,1708
OID17712,PID2053,A118,EMP1030,C1660,2021-09-17,1,596,596
OID17715,PID2022,A116,EMP1029,C1174,2021-06-02,3,561,1683
OID17716,PID2089,A141,EMP1010,C1796,2021-09-01,3,2294,6882
OID17718,PID2063,A156,EMP1004,C1648,2021-04-29,4,1708,6832
OID17720,PID2052,A136,EMP1004,C1216,2021-12-19,3,1526,4578
OID17721,PID2088,A118,EMP1027,C1595,2021-11-22,1,603,603
OID17723,PID2053,A141,EMP1019,C1081,2021-09-18,3,596,1788
OID17727,PID2073,A158,EMP1035,C1281,2021-02-22,4,95,380
OID17731,PID2053,A131,EMP1018,C1095,2021-07-08,1,596,596
OID17734,PID2076,A108,EMP1013,C1159,2021-11-06,1,1522,1522
OID17735,PID2053,A131,EMP1012,C1605,2021-01-26,3,596,1788
OID17736,PID2085,A171,EMP1020,C1792,2021-06-17,4,1862,7448
OID17743,PID2054,A153,EMP1032,C1256,2021-05-26,2,127,254
OID17757,PID2001,A120,EMP1033,C1347,2021-12-09,3,951,2853
OID17773,PID2096,A149,EMP1014,C1544,2021-04-17,2,1587,3174
OID17776,PID2009,A133,EMP1035,C1377,2021-04-11,1,584,584
OID17777,PID2084,A110,EMP1001,C1610,2021-02-02,1,1783,1783
OID17779,PID2030,A161,EMP1019,C1016,2021-07-21,2,1899,3798
OID17782,PID2003,A150,EMP1035,C1062,2021-08-19,2,1783,3566
OID17784,PID2054,A160,EMP1013,C1229,2021-03-30,1,127,127
OID17785,PID2077,A100,EMP1030,C1233,2021-09-19,1,530,530
OID17786,PID2095,A142,EMP1024,C1495,2021-11-22,1,1743,1743
OID17788,PID2016,A151,EMP1002,C1181,2021-03-17,4,1351,5404
OID17790,PID2042,A138,EMP1020,C1587,2021-04-30,2,203,406
OID17794,PID2005,A109,EMP1007,C1120,2021-03-21,3,684,2052
OID17796,PID2037,A120,EMP1020,C1195,2021-12-23,4,880,3520
OID17806,PID2040,A160,EMP1024,C1612,2021-05-11,1,1889,1889
OID17808,PID2051,A153,EMP1035,C1569,2021-04-23,1,1077,1077
OID17810,PID2042,A165,EMP1007,C1487,2021-01-08,1,203,203
OID17811,PID2065,A127,EMP1021,C1655,2021-03-15,1,2396,2396
OID17812,PID2091,A161,EMP1007,C1543,2021-04-29,3,368,1104
OID17813,PID2099,A163,EMP1042,C1258,2021-01-15,2,1367,2734
OID17814,PID2009,A170,EMP1001,C1519,2021-06-09,4,584,2336
OID17816,PID2057,A100,EMP1022,C1778,2021-07-19,1,181,181
OID17818,PID2099,A131,EMP1036,C1599,2021-11-08,4,1367,5468
OID17824,PID2094,A116,EMP1020,C1358,2021-12-30,1,771,771
OID17825,PID2085,A106,EMP1015,C1075,2021-11-17,3,1862,5586
OID17826,PID2038,A117,EMP1033,C1679,2021-09-04,4,392,1568
OID17827,PID2021,A135,EMP1027,C1557,2021-07-03,2,217,434
OID17839,PID2094,A101,EMP1040,C1760,2021-02-27,1,771,771
OID17841,PID2037,A163,EMP1006,C1274,2021-10-20,1,880,880
OID17843,PID2040,A160,EMP1007,C1603,2021-03-13,1,1889,1889
OID17844,PID2056,A100,EMP1017,C1692,2021-07-05,1,1635,1635
OID17847,PID2069,A152,EMP1039,C1427,2021-06-20,2,378,756
OID17849,PID2046,A173,EMP1000,C1235,2021-11-16,2,2410,4820
OID17851,PID2080,A157,EMP1001,C1461,2021-08-14,1,2353,2353
OID17853,PID2024,A146,EMP1026,C1470,2021-09-02,3,356,1068
OID17856,PID2099,A113,EMP1029,C1792,2021-07-26,4,1367,5468
OID17857,PID2065,A104,EMP1023,C1164,2021-10-24,2,2396,4792
OID17862,PID2022,A143,EMP1017,C1147,2021-09-09,1,561,561
OID17863,PID2051,A173,EMP1039,C1346,2021-03-11,3,1077,3231
OID17866,PID2044,A144,EMP1017,C1735,2021-06-29,1,886,886
OID17868,PID2028,A154,EMP1010,C1717,2021-06-26,2,2283,4566
OID17873,PID2036,A119,EMP1042,C1384,2021-09-06,3,1582,4746
OID17874,PID2077,A159,EMP1017,C1377,2021-02-18,1,530,530
OID17876,PID2026,A112,EMP1042,C1733,2021-06-30,1,947,947
OID17878,PID2036,A140,EMP1027,C1054,2021-08-03,3,1582,4746
OID17883,PID2049,A101,EMP1018,C1212,2021-04-02,1,826,826
OID17887,PID2032,A148,EMP1014,C1035,2021-09-10,1,1967,1967
OID17889,PID2044,A113,EMP1003,C1174,2021-12-11,1,886,886
OID17890,PID2031,A124,EMP1044,C1245,2021-05-08,3,1638,4914
OID17896,PID2053,A113,EMP1036,C1781,2021-12-27,2,596,1192
OID17902,PID2042,A125,EMP1039,C1121,2021-01-20,1,203,203
OID17907,PID2079,A106,EMP1005,C1534,2021-02-06,3,1725,5175
OID17908,PID2004,A133,EMP1039,C1690,2021-05-19,2,1278,2556
OID17909,PID2095,A112,EMP1035,C1461,2021-08-07,1,1743,1743
OID17923,PID2057,A153,EMP1026,C1782,2021-06-20,1,181,181
OID17939,PID2072,A159,EMP1031,C1767,2021-12-15,2,1887,3774
OID17940,PID2093,A168,EMP1009,C1588,2021-04-04,2,112,224
OID17942,PID2034,A123,EMP1027,C1589,2021-01-26,1,871,871
OID17943,PID2004,A106,EMP1013,C1765,2021-06-02,2,1278,2556
OID17946,PID2027,A125,EMP1010,C1387,2021-02-05,2,2497,4994
OID17950,PID2025,A146,EMP1037,C1044,2021-11-09,4,667,2668
OID17952,PID2075,A146,EMP1008,C1348,2021-10-03,3,400,1200
OID17953,PID2061,A120,EMP1037,C1462,2021-09-07,3,913,2739
OID17955,PID2056,A119,EMP1026,C1053,2021-04-21,1,1635,1635
OID17960,PID2072,A145,EMP1009,C1242,2021-11-22,2,1887,3774
OID17966,PID2012,A161,EMP1044,C1343,2021-08-28,1,1353,1353
OID17968,PID2001,A104,EMP1019,C1252,2021-10-01,1,951,951
OID17972,PID2095,A171,EMP1044,C1454,2021-03-22,1,1743,1743
OID17976,PID2002,A123,EMP1021,C1342,2021-06-04,4,847,3388
OID17979,PID2079,A116,EMP1005,C1320,2021-06-09,1,1725,1725
OID17984,PID2033,A145,EMP1005,C1235,2021-08-15,1,2182,2182
OID17987,PID2093,A146,EMP1008,C1600,2021-05-07,3,112,336
OID17988,PID2055,A116,EMP1003,C1156,2021-05-11,3,2495,7485
OID17990,PID2030,A149,EMP1038,C1727,2021-02-13,1,1899,1899
OID17996,PID2077,A106,EMP1026,C1632,2021-04-11,3,530,1590
OID18004,PID2013,A104,EMP1010,C1310,2021-05-13,1,368,368
OID18015,PID2086,A121,EMP1041,C1063,2021-07-20,3,123,369
OID18016,PID2012,A135,EMP1036,C1048,2021-01-16,1,1353,1353
OID18017,PID2061,A122,EMP1038,C1338,2021-11-07,3,913,2739
OID18018,PID2022,A121,EMP1025,C1286,2021-05-17,3,561,1683
OID18025,PID2060,A119,EMP1009,C1341,2021-04-20,1,1467,1467
OID18027,PID2078,A129,EMP1012,C1728,2021-03-19,1,1798,1798
OID18028,PID2023,A158,EMP1011,C1023,2021-06-06,2,818,1636
OID18029,PID2042,A152,EMP1032,C1718,2021-10-26,4,203,812
OID18035,PID2036,A134,EMP1030,C1029,2021-09-12,1,1582,1582
OID18036,PID2053,A127,EMP1043,C1184,2021-10-13,3,596,1788
OID18038,PID2057,A135,EMP1018,C1297,2021-06-10,1,181,181
OID18043,PID2056,A117,EMP1037,C1754,2021-04-26,1,1635,1635
OID18048,PID2065,A119,EMP1035,C1213,2021-08-16,4,2396,9584
OID18058,PID2011,A123,EMP1026,C1100,2021-01-07,3,530,1590
OID18059,PID2080,A135,EMP1033,C1133,2021-06-02,4,2353,9412
OID18060,PID2029,A135,EMP1014,C1351,2021-07-20,1,1848,1848
OID18070,PID2045,A140,EMP1036,C1649,2021-01-16,1,556,556
OID18073,PID2033,A132,EMP1028,C1140,2021-06-03,1,2182,2182
OID18077,PID2046,A134,EMP1040,C1214,2021-02-11,1,2410,2410
OID18079,PID2051,A117,EMP1000,C1075,2021-10-20,1,1077,1077
OID18080,PID2046,A120,EMP1025,C1353,2021-12-13,3,2410,7230
OID18083,PID2076,A129,EMP1006,C1729,2021-05-25,1,1522,1522
OID18084,PID2072,A103,EMP1044,C1455,2021-05-04,1,1887,1887
OID18087,PID2094,A117,EMP1034,C1292,2021-02-16,1,771,771
OID18091,PID2069,A124,EMP1037,C1619,2021-11-08,1,378,378
OID18092,PID2099,A104,EMP1036,C1038,2021-09-25,2,1367,2734
OID18095,PID2041,A145,EMP1020,C1673,2021-07-25,1,1380,1380
OID18097,PID2044,A149,EMP1038,C1115,2021-10-04,1,886,886
OID18098,PID2001,A107,EMP1034,C1712,2021-12-18,1,951,951
OID18101,PID2045,A141,EMP1044,C1171,2021-01-04,1,556,556
OID18104,PID2069,A107,EMP1009,C1078,2021-12-30,1,378,378
OID18107,PID2051,A158,EMP1029,C1456,2021-03-05,1,1077,1077
OID18108,PID2054,A135,EMP1003,C1175,2021-01-10,3,127,381
OID18109,PID2093,A144,EMP1017,C1647,2021-07-20,2,112,224
OID18111,PID2098,A125,EMP1019,C1719,2021-05-25,2,1178,2356
OID18120,PID2016,A164,EMP1044,C1109,2021-06-18,1,1351,1351
OID18121,PID2005,A151,EMP1021,C1727,2021-08-30,1,684,684
OID18123,PID2010,A145,EMP1008,C1310,2021-06-26,4,1812,7248
OID18125,PID2078,A143,EMP1021,C1345,2021-07-22,4,1798,7192
OID18130,PID2066,A130,EMP1030,C1588,2021-12-16,3,2091,6273
OID18133,PID2036,A159,EMP1003,C1165,2021-11-11,1,1582,1582
OID18136,PID2009,A132,EMP1010,C1499,2021-09-04,3,584,1752
OID18139,PID2069,A164,EMP1017,C1446,2021-02-22,1,378,378
OID18142,PID2042,A173,EMP1013,C1386,2021-10-21,1,203,203
OID18147,PID2017,A134,EMP1007,C1007,2021-07-22,4,35,140
OID18149,PID2071,A144,EMP1018,C1085,2021-07-28,3,136,408
OID18151,PID2034,A124,EMP1007,C1524,2021-02-18,1,871,871
OID18152,PID2081,A103,EMP1001,C1400,2021-04-28,1,1566,1566
OID18158,PID2008,A142,EMP1012,C1245,2021-02-25,1,315,315
OID18159,PID2008,A123,EMP1022,C1506,2021-03-01,1,315,315
OID18161,PID2018,A153,EMP1016,C1171,2021-10-11,1,1972,1972
OID18165,PID2055,A131,EMP1023,C1009,2021-07-06,1,2495,2495
OID18166,PID2039,A108,EMP1017,C1601,2021-02-07,2,817,1634
OID18170,PID2085,A156,EMP1044,C1103,2021-05-20,4,1862,7448
OID18171,PID2089,A158,EMP1038,C1429,2021-10-07,1,2294,2294
OID18173,PID2091,A169,EMP1010,C1255,2021-01-21,3,368,1104
OID18175,PID2099,A111,EMP1035,C1704,2021-11-16,3,1367,4101
OID18183,PID2027,A101,EMP1003,C1047,2021-08-18,1,2497,2497
OID18190,PID2016,A144,EMP1037,C1129,2021-09-20,1,1351,1351
OID18193,PID2038,A135,EMP1044,C1551,2021-08-05,1,392,392
OID18198,PID2042,A129,EMP1028,C1701,2021-05-10,2,203,406
OID18200,PID2053,A170,EMP1003,C1500,2021-02-21,4,596,2384
OID18202,PID2064,A128,EMP1003,C1087,2021-03-06,1,1414,1414
OID18211,PID2080,A108,EMP1014,C1181,2021-10-15,3,2353,7059
OID18213,PID2017,A105,EMP1006,C1106,2021-08-09,1,35,35
OID18215,PID2092,A157,EMP1030,C1411,2021-01-26,1,1639,1639
OID18217,PID2019,A163,EMP1007,C1442,2021-09-08,1,800,800
OID18220,PID2068,A109,EMP1031,C1093,2021-12-16,2,1500,3000
OID18221,PID2068,A149,EMP1011,C1093,2021-04-20,4,1500,6000
OID18222,PID2053,A144,EMP1039,C1357,2021-09-20,1,596,596
OID18230,PID2043,A116,EMP1024,C1299,2021-08-18,1,545,545
OID18232,PID2062,A170,EMP1042,C1130,2021-02-12,2,2464,4928
OID18236,PID2070,A128,EMP1000,C1313,2021-12-29,1,1671,1671
OID18237,PID2002,A104,EMP1029,C1090,2021-11-20,1,847,847
OID18240,PID2021,A157,EMP1021,C1369,2021-07-14,1,217,217
OID18242,PID2074,A144,EMP1022,C1432,2021-02-07,1,504,504
OID18246,PID2031,A136,EMP1038,C1456,2021-10-04,1,1638,1638
OID18251,PID2021,A136,EMP1015,C1021,2021-05-13,3,217,651
OID18255,PID2002,A158,EMP1004,C1210,2021-07-23,3,847,2541
OID18256,PID2090,A126,EMP1038,C1212,2021-09-08,1,1338,1338
OID18258,PID2031,A121,EMP1029,C1604,2021-02-03,1,1638,1638
OID18259,PID2038,A122,EMP1029,C1125,2021-06-13,1,392,392
OID18264,PID2066,A143,EMP1036,C1080,2021-05-18,4,2091,8364
OID18265,PID2010,A109,EMP1000,C1566,2021-06-14,1,1812,1812
OID18269,PID2014,A129,EMP1038,C1204,2021-09-17,1,1809,1809
OID18274,PID2020,A170,EMP1005,C1788,2021-02-17,4,2005,8020
OID18279,PID2090,A153,EMP1024,C1156,2021-09-11,1,1338,1338
OID18281,PID2052,A133,EMP1037,C1303,2021-02-05,3,1526,4578
OID18282,PID2046,A106,EMP1032,C1695,2021-06-02,2,2410,4820
OID18300,PID2047,A139,EMP1019,C1069,2021-01-22,1,290,290
OID18301,PID2051,A119,EMP1040,C1350,2021-10-10,1,1077,1077
OID18304,PID2043,A125,EMP1034,C1363,2021-12-22,3,545,1635
OID18306,PID2010,A127,EMP1005,C1102,2021-10-12,1,1812,1812
OID18312,PID2007,A129,EMP1001,C1409,2021-01-02,4,1405,5620
OID18313,PID2099,A112,EMP1010,C1263,2021-04-14,2,1367,2734
OID18320,PID2074,A148,EMP1036,C1664,2021-06-03,2,504,1008
OID18323,PID2051,A124,EMP1020,C1571,2021-06-16,2,1077,2154
OID18329,PID2037,A124,EMP1030,C1167,2021-05-16,2,880,1760
OID18333,PID2003,A105,EMP1032,C1453,2021-10-16,1,1783,1783
OID18334,PID2005,A141,EMP1019,C1131,2021-11-11,2,684,1368
OID18345,PID2085,A173,EMP1041,C1677,2021-05-30,3,1862,5586
OID18348,PID2096,A143,EMP1040,C1714,2021-09-05,4,1587,6348
OID18355,PID2011,A155,EMP1033,C1098,2021-09-30,3,530,1590
OID18358,PID2004,A134,EMP1019,C1589,2021-10-22,3,1278,3834
OID18359,PID2043,A111,EMP1031,C1410,2021-01-28,1,545,545
OID18360,PID2082,A154,EMP1031,C1498,2021-10-21,4,1103,4412
OID18365,PID2063,A149,EMP1008,C1436,2021-06-24,3,1708,5124
OID18366,PID2074,A127,EMP1036,C1187,2021-07-05,1,504,504
OID18368,PID2074,A152,EMP1016,C1260,2021-05-23,2,504,1008
OID18369,PID2015,A132,EMP1010,C1785,2021-09-05,1,637,637
OID18373,PID2089,A104,EMP1042,C1341,2021-01-18,2,2294,4588
OID18375,PID2001,A135,EMP1015,C1794,2021-12-25,3,951,2853
OID18376,PID2064,A112,EMP1001,C1633,2021-01-02,1,1414,1414
OID18378,PID2062,A123,EMP1030,C1646,2021-02-15,3,2464,7392
OID18379,PID2029,A137,EMP1009,C1211,2021-12-01,3,1848,5544
OID18382,PID2066,A144,EMP1039,C1119,2021-10-12,3,2091,6273
OID18392,PID2099,A110,EMP1039,C1376,2021-02-20,1,1367,1367
OID18394,PID2022,A101,EMP1011,C1770,2021-02-13,3,561,1683
OID18396,PID2042,A136,EMP1017,C1374,2021-11-24,1,203,203
OID18403,PID2045,A172,EMP1008,C1070,2021-06-01,3,556,1668
OID18404,PID2044,A101,EMP1020,C1384,2021-06-28,1,886,886
OID18405,PID2052,A133,EMP1041,C1071,2021-02-25,2,1526,3052
OID18407,PID2012,A161,EMP1013,C1017,2021-12-25,1,1353,1353
OID18410,PID2050,A102,EMP1015,C1243,2021-02-15,3,2391,7173
OID18411,PID2001,A169,EMP1020,C1371,2021-12-03,1,951,951
OID18414,PID2071,A116,EMP1028,C1732,2021-02-08,1,136,136
OID18429,PID2062,A114,EMP1036,C1549,2021-10-01,1,2464,2464
OID18435,PID2084,A106,EMP1004,C1772,2021-01-20,4,1783,7132
OID18436,PID2086,A115,EMP1029,C1374,2021-08-09,3,123,369
OID18438,PID2080,A130,EMP1014,C1704,2021-02-25,3,2353,7059
OID18439,PID2001,A124,EMP1002,C1155,2021-03-19,4,951,3804
OID18441,PID2091,A132,EMP1025,C1687,2021-08-18,1,368,368
OID18444,PID2011,A153,EMP1017,C1737,2021-08-27,1,530,530
OID18445,PID2060,A158,EMP1026,C1510,2021-01-28,4,1467,5868
OID18447,PID2032,A116,EMP1037,C1146,2021-04-20,1,1967,1967
OID18459,PID2057,A156,EMP1003,C1152,2021-06-28,2,181,362
OID18460,PID2030,A122,EMP1040,C1784,2021-01-09,1,1899,1899
OID18461,PID2083,A173,EMP1033,C1527,2021-10-08,1,2141,2141
OID18462,PID2097,A130,EMP1005,C1341,2021-04-16,1,1052,1052
OID18463,PID2061,A124,EMP1020,C1721,2021-01-15,4,913,3652
OID18473,PID2044,A146,EMP1015,C1564,2021-09-17,1,886,886
OID18477,PID2042,A168,EMP1008,C1789,2021-11-28,1,203,203
OID18478,PID2089,A170,EMP1031,C1735,2021-08-22,1,2294,2294
OID18480,PID2072,A105,EMP1031,C1425,2021-01-10,1,1887,1887
OID18484,PID2055,A125,EMP1044,C1557,2021-10-15,2,2495,4990
OID18488,PID2028,A159,EMP1021,C1381,2021-01-16,4,2283,9132
OID18490,PID2040,A146,EMP1018,C1708,2021-01-08,1,1889,1889
OID18492,PID2051,A167,EMP1027,C1485,2021-08-25,1,1077,1077
OID18494,PID2071,A171,EMP1010,C1070,2021-04-22,3,136,408
OID18495,PID2004,A164,EMP1029,C1710,2021-11-05,1,1278,1278
OID18497,PID2057,A172,EMP1036,C1222,2021-05-24,1,181,181
OID18499,PID2089,A126,EMP1039,C1546,2021-07-11,3,2294,6882
OID18504,PID2015,A171,EMP1042,C1068,2021-03-30,1,637,637
OID18505,PID2041,A121,EMP1019,C1119,2021-10-30,1,1380,1380
OID18506,PID2060,A124,EMP1014,C1225,2021-03-24,1,1467,1467
OID18508,PID2054,A120,EMP1014,C1346,2021-06-02,4,127,508
OID18510,PID2058,A129,EMP1027,C1576,2021-07-11,2,2257,4514
OID18512,PID2023,A138,EMP1037,C1138,2021-08-29,3,818,2454
OID18526,PID2092,A167,EMP1044,C1680,2021-04-10,1,1639,1639
OID18530,PID2038,A104,EMP1040,C1252,2021-07-02,2,392,784
OID18533,PID2087,A121,EMP1033,C1769,2021-11-27,1,1022,1022
OID18536,PID2038,A101,EMP1006,C1295,2021-11-25,4,392,1568
OID18543,PID2011,A128,EMP1017,C1729,2021-12-20,3,530,1590
OID18546,PID2011,A105,EMP1028,C1586,2021-01-26,2,530,1060
OID18554,PID2058,A143,EMP1001,C1478,2021-02-13,3,2257,6771
OID18560,PID2078,A114,EMP1015,C1575,2021-01-18,3,1798,5394
OID18561,PID2084,A137,EMP1014,C1374,2021-04-29,3,1783,5349
OID18562,PID2094,A160,EMP1041,C1137,2021-06-21,1,771,771
OID18563,PID2002,A131,EMP1031,C1314,2021-09-09,1,847,847
OID18569,PID2027,A104,EMP1004,C1364,2021-01-16,1,2497,2497
OID18574,PID2057,A107,EMP1023,C1263,2021-10-06,4,181,724
OID18575,PID2033,A137,EMP1037,C1247,2021-10-07,1,2182,2182
OID18579,PID2002,A162,EMP1001,C1799,2021-11-04,1,847,847
OID18582,PID2050,A110,EMP1034,C1798,2021-05-02,3,2391,7173
OID18584,PID2042,A127,EMP1015,C1263,2021-04-08,1,203,203
OID18587,PID2030,A109,EMP1031,C1783,2021-11-10,1,1899,1899
OID18590,PID2087,A157,EMP1023,C1642,2021-06-09,1,1022,1022
OID18592,PID2023,A131,EMP1024,C1531,2021-01-20,4,818,3272
OID18595,PID2001,A113,EMP1017,C1009,2021-09-15,3,951,2853
OID18602,PID2027,A115,EMP1029,C1318,2021-03-16,1,2497,2497
OID18605,PID2017,A150,EMP1006,C1591,2021-06-23,3,35,105
OID18609,PID2038,A109,EMP1005,C1034,2021-01-20,1,392,392
OID18613,PID2044,A161,EMP1034,C1099,2021-09-17,1,886,886
OID18614,PID2035,A126,EMP1025,C1740,2021-09-04,4,458,1832
OID18616,PID2002,A138,EMP1012,C1580,2021-11-07,4,847,3388
OID18621,PID2034,A137,EMP1001,C1639,2021-06-14,1,871,871
OID18625,PID2080,A149,EMP1043,C1013,2021-04-22,3,2353,7059
OID18628,PID2046,A164,EMP1015,C1227,2021-11-24,3,2410,7230
OID18630,PID2092,A139,EMP1027,C1481,2021-02-16,1,1639,1639
OID18634,PID2026,A131,EMP1017,C1446,2021-02-08,4,947,3788
OID18638,PID2024,A163,EMP1036,C1123,2021-03-27,3,356,1068
OID18643,PID2091,A114,EMP1012,C1667,2021-04-10,1,368,368
OID18647,PID2086,A124,EMP1029,C1598,2021-12-10,2,123,246
OID18649,PID2005,A128,EMP1043,C1726,2021-01-26,3,684,2052
OID18652,PID2044,A115,EMP1003,C1561,2021-01-14,1,886,886
OID18655,PID2003,A114,EMP1031,C1125,2021-09-05,2,1783,3566
OID18663,PID2054,A172,EMP1003,C1423,2021-10-01,3,127,381
OID18666,PID2011,A106,EMP1017,C1063,2021-05-16,2,530,1060
OID18667,PID2020,A108,EMP1016,C1525,2021-03-25,1,2005,2005
OID18669,PID2001,A152,EMP1011,C1656,2021-01-28,1,951,951
OID18676,PID2056,A142,EMP1011,C1441,2021-11-04,3,1635,4905
OID18679,PID2092,A152,EMP1031,C1478,2021-05-13,1,1639,1639
OID18690,PID2068,A160,EMP1034,C1566,2021-12-03,3,1500,4500
OID18691,PID2056,A124,EMP1019,C1636,2021-02-09,1,1635,1635
OID18693,PID2038,A171,EMP1037,C1013,2021-12-31,1,392,392
OID18696,PID2015,A105,EMP1020,C1488,2021-06-04,2,637,1274
OID18698,PID2060,A131,EMP1020,C1596,2021-05-04,1,1467,1467
OID18701,PID2086,A149,EMP1006,C1166,2021-05-07,1,123,123
OID18713,PID2061,A152,EMP1024,C1507,2021-06-24,2,913,1826
OID18714,PID2048,A151,EMP1040,C1776,2021-08-31,3,502,1506
OID18717,PID2043,A157,EMP1003,C1584,2021-01-03,4,545,2180
OID18719,PID2053,A124,EMP1000,C1057,2021-10-26,3,596,1788
OID18722,PID2040,A110,EMP1025,C1020,2021-11-23,1,1889,1889
OID18725,PID2056,A137,EMP1020,C1496,2021-08-04,1,1635,1635
OID18727,PID2043,A160,EMP1018,C1768,2021-02-22,2,545,1090
OID18728,PID2036,A134,EMP1041,C1433,2021-07-16,3,1582,4746
OID18729,PID2045,A127,EMP1013,C1098,2021-01-10,4,556,2224
OID18734,PID2020,A140,EMP1022,C1674,2021-06-02,1,2005,2005
OID18737,PID2053,A141,EMP1010,C1797,2021-01-01,1,596,596
OID18738,PID2032,A131,EMP1034,C1124,2021-06-05,1,1967,1967
OID18739,PID2042,A115,EMP1026,C1590,2021-11-09,3,203,609
OID18741,PID2089,A160,EMP1024,C1490,2021-05-08,2,2294,4588
OID18742,PID2005,A104,EMP1036,C1601,2021-05-15,1,684,684
OID18744,PID2002,A126,EMP1004,C1294,2021-03-17,4,847,3388
OID18746,PID2076,A102,EMP1028,C1453,2021-06-17,1,1522,1522
OID18747,PID2094,A159,EMP1020,C1510,2021-08-22,2,771,1542
OID18749,PID2046,A149,EMP1014,C1495,2021-11-01,3,2410,7230
OID18750,PID2011,A131,EMP1035,C1507,2021-07-19,4,530,2120
OID18751,PID2010,A103,EMP1009,C1010,2021-12-03,2,1812,3624
OID18753,PID2085,A172,EMP1031,C1157,2021-06-03,1,1862,1862
OID18755,PID2045,A129,EMP1037,C1788,2021-11-15,1,556,556
OID18758,PID2068,A156,EMP1010,C1603,2021-02-06,3,1500,4500
OID18763,PID2037,A144,EMP1007,C1450,2021-07-27,1,880,880
OID18765,PID2089,A110,EMP1003,C1169,2021-06-04,1,2294,2294
OID18769,PID2045,A123,EMP1001,C1524,2021-03-26,3,556,1668
OID18771,PID2061,A154,EMP1022,C1136,2021-04-21,4,913,3652
OID18779,PID2008,A141,EMP1037,C1097,2021-09-11,3,315,945
OID18780,PID2095,A110,EMP1024,C1002,2021-09-26,4,1743,6972
OID18781,PID2033,A158,EMP1000,C1112,2021-09-03,1,2182,2182
OID18782,PID2019,A166,EMP1035,C1262,2021-07-01,3,800,2400
OID18787,PID2023,A167,EMP1031,C1600,2021-11-27,1,818,818
OID18791,PID2074,A130,EMP1004,C1168,2021-03-23,1,504,504
OID18793,PID2067,A118,EMP1016,C1064,2021-08-05,2,1119,2238
OID18794,PID2068,A145,EMP1035,C1334,2021-11-30,1,1500,1500
OID18795,PID2051,A137,EMP1029,C1719,2021-02-19,1,1077,1077
OID18796,PID2088,A162,EMP1044,C1338,2021-03-26,4,603,2412
OID18800,PID2008,A124,EMP1040,C1786,2021-07-28,4,315,1260
OID18801,PID2044,A145,EMP1012,C1636,2021-11-25,2,886,1772
OID18804,PID2029,A103,EMP1003,C1729,2021-06-20,1,1848,1848
OID18809,PID2057,A125,EMP1044,C1660,2021-12-19,4,181,724
OID18812,PID2007,A105,EMP1006,C1207,2021-11-08,1,1405,1405
OID18815,PID2070,A140,EMP1023,C1516,2021-07-15,1,1671,1671
OID18816,PID2071,A165,EMP1022,C1049,2021-11-13,3,136,408
OID18818,PID2097,A110,EMP1041,C1736,2021-10-10,1,1052,1052
OID18827,PID2062,A100,EMP1037,C1542,2021-03-21,3,2464,7392
OID18828,PID2069,A155,EMP1041,C1213,2021-09-22,1,378,378
OID18833,PID2091,A110,EMP1015,C1657,2021-03-18,3,368,1104
OID18834,PID2001,A141,EMP1015,C1142,2021-05-10,3,951,2853
OID18842,PID2025,A149,EMP1002,C1049,2021-08-09,1,667,667
OID18847,PID2003,A164,EMP1042,C1518,2021-12-28,1,1783,1783
OID18854,PID2035,A159,EMP1006,C1195,2021-02-20,4,458,1832
OID18860,PID2088,A106,EMP1001,C1049,2021-07-11,1,603,603
OID18864,PID2026,A124,EMP1035,C1419,2021-09-01,1,947,947
OID18866,PID2009,A165,EMP1040,C1709,2021-06-23,1,584,584
OID18868,PID2042,A132,EMP1002,C1623,2021-08-10,3,203,609
OID18869,PID2021,A120,EMP1041,C1483,2021-05-18,3,217,651
OID18873,PID2002,A127,EMP1003,C1074,2021-06-01,1,847,847
OID18874,PID2058,A125,EMP1023,C1587,2021-09-20,1,2257,2257
OID18876,PID2097,A161,EMP1017,C1486,2021-06-24,2,1052,2104
OID18877,PID2007,A112,EMP1039,C1453,2021-06-22,3,1405,4215
OID18878,PID2054,A166,EMP1042,C1262,2021-12-29,2,127,254
OID18881,PID2072,A112,EMP1044,C1655,2021-09-26,1,1887,1887
OID18882,PID2032,A124,EMP1032,C1623,2021-02-05,3,1967,5901
OID18887,PID2009,A172,EMP1016,C1089,2021-06-16,1,584,584
OID18891,PID2035,A159,EMP1042,C1152,2021-10-16,2,458,916
OID18895,PID2030,A103,EMP1028,C1135,2021-11-18,3,1899,5697
OID18906,PID2061,A167,EMP1005,C1101,2021-10-10,1,913,913
OID18907,PID2063,A158,EMP1029,C1623,2021-11-10,1,1708,1708
OID18908,PID2079,A113,EMP1003,C1610,2021-03-04,3,1725,5175
OID18910,PID2031,A109,EMP1013,C1189,2021-03-07,1,1638,1638
OID18915,PID2018,A109,EMP1018,C1733,2021-08-26,1,1972,1972
OID18917,PID2068,A126,EMP1022,C1079,2021-12-19,3,1500,4500
OID18925,PID2003,A164,EMP1031,C1272,2021-10-07,1,1783,1783
OID18928,PID2073,A120,EMP1008,C1106,2021-04-23,1,95,95
OID18933,PID2046,A101,EMP1038,C1330,2021-07-15,1,2410,2410
OID18934,PID2092,A162,EMP1027,C1225,2021-09-26,1,1639,1639
OID18935,PID2080,A126,EMP1039,C1378,2021-12-15,4,2353,9412
OID18937,PID2053,A109,EMP1028,C1052,2021-12-15,2,596,1192
OID18938,PID2014,A129,EMP1029,C1018,2021-02-08,1,1809,1809
OID18940,PID2056,A173,EMP1023,C1756,2021-12-01,1,1635,1635
OID18945,PID2096,A170,EMP1004,C1736,2021-03-19,4,1587,6348
OID18946,PID2081,A104,EMP1016,C1645,2021-01-10,4,1566,6264
OID18949,PID2066,A110,EMP1030,C1626,2021-11-14,1,2091,2091
OID18950,PID2085,A145,EMP1039,C1394,2021-01-14,4,1862,7448
OID18954,PID2012,A126,EMP1034,C1799,2021-09-16,1,1353,1353
OID18955,PID2083,A138,EMP1032,C1283,2021-01-08,3,2141,6423
OID18957,PID2012,A108,EMP1031,C1235,2021-09-01,1,1353,1353
OID18958,PID2062,A138,EMP1026,C1212,2021-06-27,3,2464,7392
OID18960,PID2027,A130,EMP1044,C1433,2021-12-12,2,2497,4994
OID18966,PID2036,A160,EMP1018,C1010,2021-05-15,1,1582,1582
OID18968,PID2023,A138,EMP1012,C1066,2021-12-03,1,818,818
OID18977,PID2007,A108,EMP1008,C1272,2021-04-21,1,1405,1405
OID18978,PID2044,A112,EMP1019,C1069,2021-01-27,1,886,886
OID18979,PID2086,A111,EMP1038,C1040,2021-04-04,1,123,123
OID18983,PID2066,A102,EMP1033,C1314,2021-01-23,2,2091,4182
OID18988,PID2006,A120,EMP1040,C1298,2021-09-23,1,1826,1826
OID18990,PID2047,A125,EMP1010,C1176,2021-01-21,3,290,870
OID18991,PID2056,A106,EMP1044,C1504,2021-01-13,3,1635,4905
OID18992,PID2074,A118,EMP1012,C1048,2021-03-31,1,504,504
OID18995,PID2045,A159,EMP1002,C1074,2021-02-21,1,556,556
OID18997,PID2042,A126,EMP1043,C1079,2021-10-17,1,203,203
OID19000,PID2085,A168,EMP1035,C1671,2021-08-10,1,1862,1862
OID19001,PID2033,A105,EMP1042,C1794,2021-04-26,2,2182,4364
OID19002,PID2082,A148,EMP1025,C1361,2021-01-01,4,1103,4412
OID19006,PID2047,A126,EMP1014,C1507,2021-08-25,2,290,580
OID19016,PID2042,A149,EMP1015,C1566,2021-04-09,1,203,203
OID19017,PID2039,A137,EMP1002,C1052,2021-02-01,3,817,2451
OID19025,PID2036,A161,EMP1043,C1285,2021-01-27,4,1582,6328
OID19028,PID2057,A141,EMP1043,C1097,2021-09-04,2,181,362
OID19031,PID2081,A173,EMP1016,C1320,2021-07-01,1,1566,1566
OID19038,PID2041,A103,EMP1024,C1207,2021-07-31,1,1380,1380
OID19039,PID2036,A132,EMP1044,C1099,2021-03-21,3,1582,4746
OID19040,PID2040,A163,EMP1020,C1592,2021-06-21,2,1889,3778
OID19042,PID2035,A103,EMP1001,C1069,2021-01-22,1,458,458
OID19043,PID2099,A164,EMP1031,C1443,2021-09-10,3,1367,4101
OID19044,PID2047,A133,EMP1000,C1772,2021-01-20,3,290,870
OID19045,PID2054,A171,EMP1037,C1790,2021-04-03,3,127,381
OID19048,PID2042,A169,EMP1002,C1708,2021-12-26,3,203,609
OID19051,PID2054,A126,EMP1040,C1541,2021-06-16,4,127,508
OID19053,PID2042,A150,EMP1018,C1736,2021-05-17,1,203,203
OID19057,PID2051,A127,EMP1010,C1773,2021-02-01,3,1077,3231
OID19058,PID2017,A139,EMP1010,C1524,2021-04-10,1,35,35
OID19059,PID2052,A134,EMP1025,C1006,2021-12-30,2,1526,3052
OID19063,PID2061,A169,EMP1043,C1170,2021-06-20,1,913,913
OID19064,PID2073,A126,EMP1027,C1261,2021-03-07,1,95,95
OID19072,PID2022,A163,EMP1009,C1387,2021-06-01,4,561,2244
OID19075,PID2024,A128,EMP1007,C1668,2021-02-19,3,356,1068
OID19076,PID2026,A170,EMP1024,C1594,2021-10-06,1,947,947
OID19080,PID2092,A112,EMP1014,C1408,2021-08-15,2,1639,3278
OID19081,PID2013,A172,EMP1004,C1404,2021-06-16,4,368,1472
OID19083,PID2000,A140,EMP1014,C1503,2021-07-01,1,2241,2241
OID19087,PID2023,A152,EMP1005,C1733,2021-08-31,1,818,818
OID19088,PID2092,A173,EMP1009,C1474,2021-02-04,1,1639,1639
OID19093,PID2070,A169,EMP1011,C1403,2021-07-24,1,1671,1671
OID19094,PID2037,A145,EMP1023,C1797,2021-01-22,4,880,3520
OID19096,PID2004,A132,EMP1043,C1099,2021-04-03,2,1278,2556
OID19101,PID2086,A126,EMP1010,C1442,2021-01-31,2,123,246
OID19103,PID2016,A126,EMP1009,C1624,2021-11-23,4,1351,5404
OID19104,PID2031,A105,EMP1036,C1158,2021-02-07,1,1638,1638
OID19105,PID2068,A149,EMP1012,C1237,2021-05-27,1,1500,1500
OID19110,PID2076,A109,EMP1030,C1799,2021-02-09,1,1522,1522
OID19112,PID2044,A116,EMP1029,C1089,2021-10-12,1,886,886
OID19115,PID2034,A100,EMP1015,C1745,2021-10-08,1,871,871
OID19116,PID2083,A114,EMP1004,C1312,2021-06-04,3,2141,6423
OID19119,PID2073,A132,EMP1002,C1650,2021-05-21,4,95,380
OID19124,PID2020,A172,EMP1001,C1262,2021-11-05,1,2005,2005
OID19133,PID2083,A117,EMP1032,C1681,2021-07-17,1,2141,2141
OID19135,PID2020,A119,EMP1031,C1323,2021-09-13,1,2005,2005
OID19140,PID2062,A165,EMP1012,C1026,2021-07-04,1,2464,2464
OID19141,PID2083,A167,EMP1017,C1768,2021-10-03,4,2141,8564
OID19142,PID2064,A104,EMP1015,C1515,2021-07-22,3,1414,4242
OID19143,PID2008,A148,EMP1038,C1307,2021-01-27,3,315,945
OID19144,PID2054,A156,EMP1027,C1178,2021-01-17,4,127,508
OID19145,PID2049,A170,EMP1008,C1169,2021-08-04,1,826,826
OID19146,PID2067,A117,EMP1040,C1532,2021-05-26,3,1119,3357
OID19147,PID2021,A141,EMP1028,C1191,2021-03-26,1,217,217
OID19155,PID2031,A165,EMP1013,C1414,2021-08-24,3,1638,4914
OID19156,PID2030,A119,EMP1038,C1466,2021-11-19,4,1899,7596
OID19158,PID2045,A117,EMP1030,C1686,2021-05-30,3,556,1668
OID19175,PID2030,A130,EMP1025,C1774,2021-01-16,1,1899,1899
OID19176,PID2073,A127,EMP1031,C1300,2021-01-09,2,95,190
OID19177,PID2041,A106,EMP1011,C1043,2021-12-30,1,1380,1380
OID19179,PID2026,A119,EMP1038,C1168,2021-11-14,1,947,947
OID19183,PID2054,A132,EMP1010,C1195,2021-05-30,2,127,254
OID19184,PID2046,A156,EMP1019,C1196,2021-05-02,1,2410,2410
OID19185,PID2039,A119,EMP1009,C1672,2021-05-11,4,817,3268
OID19186,PID2044,A106,EMP1034,C1159,2021-09-15,3,886,2658
OID19189,PID2012,A153,EMP1030,C1730,2021-08-22,1,1353,1353
OID19190,PID2100,A107,EMP1012,C1291,2021-08-31,3,799,2397
OID19191,PID2032,A142,EMP1031,C1391,2021-06-19,3,1967,5901
OID19197,PID2083,A162,EMP1027,C1702,2021-02-04,1,2141,2141
OID19198,PID2052,A137,EMP1031,C1194,2021-07-15,1,1526,1526
OID19201,PID2045,A135,EMP1019,C1343,2021-02-19,1,556,556
OID19203,PID2016,A113,EMP1012,C1100,2021-09-26,2,1351,2702
OID19210,PID2035,A142,EMP1036,C1363,2021-03-08,3,458,1374
OID19212,PID2100,A164,EMP1042,C1381,2021-10-05,3,799,2397
OID19217,PID2021,A104,EMP1042,C1157,2021-07-30,1,217,217
OID19222,PID2024,A166,EMP1010,C1773,2021-02-03,1,356,356
OID19226,PID2013,A154,EMP1024,C1514,2021-08-03,3,368,1104
OID19231,PID2078,A146,EMP1023,C1269,2021-08-18,4,1798,7192
OID19236,PID2056,A170,EMP1000,C1618,2021-05-14,1,1635,1635
OID19237,PID2000,A151,EMP1036,C1135,2021-10-08,1,2241,2241
OID19249,PID2080,A128,EMP1036,C1578,2021-04-15,1,2353,2353
OID19251,PID2087,A147,EMP1040,C1272,2021-08-09,2,1022,2044
OID19259,PID2048,A116,EMP1036,C1600,2021-02-18,3,502,1506
OID19261,PID2096,A133,EMP1001,C1149,2021-12-21,1,1587,1587
OID19262,PID2078,A151,EMP1035,C1069,2021-08-10,2,1798,3596
OID19269,PID2060,A152,EMP1031,C1683,2021-05-08,4,1467,5868
OID19273,PID2003,A160,EMP1022,C1338,2021-03-01,1,1783,1783
OID19281,PID2053,A115,EMP1008,C1659,2021-09-20,2,596,1192
OID19288,PID2083,A137,EMP1043,C1089,2021-02-11,4,2141,8564
OID19290,PID2012,A141,EMP1016,C1427,2021-10-18,1,1353,1353
OID19291,PID2060,A160,EMP1040,C1665,2021-11-10,1,1467,1467
OID19293,PID2058,A167,EMP1010,C1069,2021-10-27,3,2257,6771
OID19294,PID2059,A133,EMP1012,C1515,2021-07-10,3,1494,4482
OID19297,PID2068,A103,EMP1012,C1197,2021-05-12,2,1500,3000
OID19301,PID2014,A167,EMP1029,C1419,2021-10-03,1,1809,1809
OID19302,PID2099,A150,EMP1032,C1051,2021-04-29,1,1367,1367
OID19306,PID2071,A161,EMP1030,C1624,2021-11-03,3,136,408
OID19307,PID2046,A142,EMP1001,C1675,2021-06-13,3,2410,7230
OID19311,PID2088,A144,EMP1005,C1032,2021-12-02,2,603,1206
OID19312,PID2055,A172,EMP1018,C1164,2021-08-16,3,2495,7485
OID19313,PID2084,A149,EMP1021,C1723,2021-01-28,3,1783,5349
OID19315,PID2054,A105,EMP1034,C1382,2021-12-31,2,127,254
OID19316,PID2027,A144,EMP1043,C1538,2021-09-06,1,2497,2497
OID19319,PID2096,A137,EMP1004,C1240,2021-12-11,1,1587,1587
OID19320,PID2039,A117,EMP1040,C1215,2021-11-15,1,817,817
OID19322,PID2054,A130,EMP1037,C1324,2021-05-04,1,127,127
OID19325,PID2046,A146,EMP1013,C1021,2021-11-28,3,2410,7230
OID19326,PID2091,A170,EMP1019,C1266,2021-06-25,2,368,736
OID19327,PID2030,A115,EMP1029,C1112,2021-08-31,1,1899,1899
OID19330,PID2065,A116,EMP1022,C1418,2021-03-16,1,2396,2396
OID19331,PID2044,A107,EMP1021,C1312,2021-02-13,4,886,3544
OID19334,PID2082,A108,EMP1016,C1765,2021-11-25,1,1103,1103
OID19336,PID2068,A163,EMP1040,C1265,2021-04-18,1,1500,1500
OID19339,PID2028,A132,EMP1030,C1777,2021-06-12,3,2283,6849
OID19344,PID2013,A142,EMP1037,C1002,2021-06-17,4,368,1472
OID19347,PID2093,A137,EMP1004,C1154,2021-01-08,2,112,224
OID19348,PID2079,A130,EMP1000,C1217,2021-01-05,3,1725,5175
OID19349,PID2018,A104,EMP1011,C1310,2021-07-03,1,1972,1972
OID19350,PID2099,A156,EMP1025,C1740,2021-06-19,1,1367,1367
OID19357,PID2049,A155,EMP1005,C1731,2021-12-12,3,826,2478
OID19364,PID2027,A135,EMP1027,C1030,2021-12-24,4,2497,9988
OID19369,PID2097,A116,EMP1035,C1463,2021-11-19,1,1052,1052
OID19376,PID2001,A154,EMP1004,C1229,2021-01-31,2,951,1902
OID19377,PID2078,A148,EMP1022,C1506,2021-06-26,3,1798,5394
OID19379,PID2022,A114,EMP1026,C1438,2021-11-25,2,561,1122
OID19380,PID2082,A163,EMP1038,C1163,2021-07-25,2,1103,2206
OID19389,PID2059,A168,EMP1027,C1520,2021-08-29,3,1494,4482
OID19390,PID2016,A147,EMP1039,C1186,2021-11-29,3,1351,4053
OID19391,PID2061,A112,EMP1005,C1105,2021-05-01,1,913,913
OID19393,PID2034,A170,EMP1036,C1575,2021-12-25,3,871,2613
OID19400,PID2032,A114,EMP1043,C1152,2021-07-13,1,1967,1967
OID19402,PID2042,A108,EMP1031,C1018,2021-09-17,1,203,203
OID19404,PID2054,A108,EMP1017,C1223,2021-10-06,1,127,127
OID19405,PID2085,A116,EMP1013,C1372,2021-08-02,3,1862,5586
OID19406,PID2070,A159,EMP1014,C1709,2021-10-08,1,1671,1671
OID19409,PID2022,A103,EMP1000,C1074,2021-12-18,1,561,561
OID19416,PID2031,A161,EMP1009,C1511,2021-05-07,2,1638,3276
OID19417,PID2063,A112,EMP1035,C1679,2021-07-27,4,1708,6832
OID19418,PID2082,A167,EMP1036,C1082,2021-11-10,4,1103,4412
OID19419,PID2004,A144,EMP1027,C1703,2021-09-10,3,1278,3834
OID19420,PID2046,A116,EMP1004,C1294,2021-05-22,2,2410,4820
OID19422,PID2067,A170,EMP1033,C1004,2021-01-23,2,1119,2238
OID19424,PID2026,A125,EMP1031,C1453,2021-08-29,1,947,947
OID19425,PID2033,A117,EMP1035,C1646,2021-12-17,4,2182,8728
OID19426,PID2061,A136,EMP1035,C1409,2021-03-16,2,913,1826
OID19432,PID2040,A146,EMP1013,C1632,2021-07-16,1,1889,1889
OID19439,PID2050,A102,EMP1001,C1599,2021-01-09,1,2391,2391
OID19442,PID2088,A142,EMP1043,C1453,2021-07-11,3,603,1809
OID19448,PID2013,A113,EMP1026,C1666,2021-07-22,2,368,736
OID19451,PID2092,A149,EMP1006,C1480,2021-09-25,1,1639,1639
OID19452,PID2082,A148,EMP1039,C1206,2021-08-18,1,1103,1103
OID19453,PID2059,A144,EMP1010,C1244,2021-12-23,3,1494,4482
OID19456,PID2044,A142,EMP1017,C1009,2021-09-28,1,886,886
OID19457,PID2021,A149,EMP1001,C1563,2021-11-10,2,217,434
OID19458,PID2069,A141,EMP1007,C1089,2021-01-25,2,378,756
OID19464,PID2034,A154,EMP1026,C1168,2021-08-06,3,871,2613
OID19465,PID2017,A109,EMP1004,C1392,2021-01-15,1,35,35
OID19471,PID2041,A151,EMP1032,C1541,2021-12-13,1,1380,1380
OID19484,PID2067,A171,EMP1042,C1567,2021-07-04,1,1119,1119
OID19486,PID2082,A115,EMP1005,C1483,2021-06-24,1,1103,1103
OID19490,PID2011,A109,EMP1035,C1255,2021-04-09,1,530,530
OID19492,PID2044,A130,EMP1018,C1709,2021-09-15,3,886,2658
OID19498,PID2057,A123,EMP1043,C1224,2021-01-29,2,181,362
OID19499,PID2038,A105,EMP1043,C1581,2021-07-04,1,392,392
OID19501,PID2053,A166,EMP1044,C1494,2021-10-17,1,596,596
OID19505,PID2032,A121,EMP1022,C1588,2021-02-15,3,1967,5901
OID19509,PID2002,A162,EMP1015,C1095,2021-04-26,1,847,847
OID19511,PID2085,A108,EMP1030,C1016,2021-04-22,1,1862,1862
OID19515,PID2009,A106,EMP1036,C1313,2021-11-22,1,584,584
OID19516,PID2003,A122,EMP1014,C1599,2021-02-12,2,1783,3566
OID19518,PID2003,A129,EMP1009,C1794,2021-06-04,1,1783,1783
OID19519,PID2011,A162,EMP1033,C1189,2021-09-06,3,530,1590
OID19522,PID2067,A166,EMP1021,C1729,2021-02-25,4,1119,4476
OID19524,PID2054,A117,EMP1018,C1364,2021-09-26,1,127,127
OID19526,PID2012,A154,EMP1032,C1142,2021-04-26,1,1353,1353
OID19532,PID2001,A131,EMP1033,C1526,2021-07-06,1,951,951
OID19533,PID2050,A120,EMP1038,C1522,2021-01-18,3,2391,7173
OID19534,PID2052,A107,EMP1042,C1290,2021-03-26,1,1526,1526
OID19535,PID2020,A168,EMP1023,C1263,2021-11-02,2,2005,4010
OID19540,PID2075,A102,EMP1013,C1767,2021-09-26,1,400,400
OID19541,PID2029,A155,EMP1026,C1148,2021-07-16,3,1848,5544
OID19543,PID2047,A140,EMP1038,C1343,2021-08-21,1,290,290
OID19544,PID2057,A171,EMP1043,C1048,2021-08-21,2,181,362
OID19550,PID2073,A146,EMP1042,C1385,2021-04-27,1,95,95
OID19552,PID2000,A122,EMP1033,C1438,2021-08-03,1,2241,2241
OID19553,PID2029,A168,EMP1016,C1246,2021-04-03,3,1848,5544
OID19555,PID2068,A128,EMP1039,C1668,2021-10-15,2,1500,3000
OID19558,PID2069,A100,EMP1036,C1789,2021-06-06,1,378,378
OID19559,PID2081,A105,EMP1032,C1231,2021-06-10,1,1566,1566
OID19561,PID2063,A152,EMP1017,C1101,2021-07-24,2,1708,3416
OID19562,PID2078,A122,EMP1030,C1612,2021-12-20,4,1798,7192
OID19563,PID2026,A149,EMP1002,C1322,2021-02-09,1,947,947
OID19566,PID2030,A133,EMP1027,C1506,2021-06-03,2,1899,3798
OID19567,PID2041,A165,EMP1043,C1292,2021-09-29,3,1380,4140
OID19569,PID2043,A133,EMP1044,C1486,2021-11-13,2,545,1090
OID19574,PID2034,A117,EMP1026,C1121,2021-11-09,1,871,871
OID19575,PID2094,A160,EMP1039,C1422,2021-05-03,1,771,771
OID19579,PID2019,A111,EMP1016,C1014,2021-04-11,2,800,1600
OID19581,PID2023,A118,EMP1019,C1571,2021-04-22,1,818,818
OID19585,PID2082,A139,EMP1031,C1402,2021-01-05,2,1103,2206
OID19588,PID2082,A110,EMP1017,C1511,2021-01-24,1,1103,1103
OID19589,PID2010,A171,EMP1009,C1310,2021-12-09,3,1812,5436
OID19590,PID2020,A118,EMP1022,C1497,2021-06-02,3,2005,6015
OID19592,PID2053,A104,EMP1024,C1586,2021-03-15,2,596,1192
OID19595,PID2045,A151,EMP1042,C1563,2021-01-24,1,556,556
OID19596,PID2003,A139,EMP1021,C1439,2021-10-05,2,1783,3566
OID19597,PID2049,A100,EMP1019,C1511,2021-03-01,1,826,826
OID19598,PID2046,A160,EMP1036,C1340,2021-04-29,3,2410,7230
OID19601,PID2012,A105,EMP1040,C1637,2021-06-25,1,1353,1353
OID19611,PID2024,A164,EMP1033,C1630,2021-11-09,1,356,356
OID19614,PID2063,A105,EMP1020,C1709,2021-05-05,1,1708,1708
OID19618,PID2092,A141,EMP1028,C1653,2021-04-29,1,1639,1639
OID19619,PID2021,A153,EMP1025,C1721,2021-05-18,2,217,434
OID19621,PID2095,A119,EMP1024,C1598,2021-01-29,3,1743,5229
OID19624,PID2083,A148,EMP1018,C1183,2021-06-02,3,2141,6423
OID19628,PID2072,A113,EMP1009,C1423,2021-03-06,4,1887,7548
OID19629,PID2031,A130,EMP1044,C1321,2021-06-16,3,1638,4914
OID19630,PID2030,A160,EMP1039,C1016,2021-10-18,1,1899,1899
OID19632,PID2026,A133,EMP1005,C1629,2021-11-26,4,947,3788
OID19640,PID2063,A109,EMP1017,C1734,2021-05-17,1,1708,1708
OID19644,PID2034,A112,EMP1029,C1359,2021-10-14,1,871,871
OID19645,PID2037,A115,EMP1022,C1773,2021-10-27,2,880,1760
OID19647,PID2015,A170,EMP1030,C1401,2021-05-20,3,637,1911
OID19648,PID2076,A149,EMP1009,C1424,2021-04-21,3,1522,4566
OID19649,PID2005,A113,EMP1027,C1655,2021-10-18,1,684,684
OID19651,PID2089,A101,EMP1030,C1546,2021-01-21,1,2294,2294
OID19654,PID2017,A160,EMP1040,C1399,2021-06-02,1,35,35
OID19658,PID2088,A112,EMP1009,C1468,2021-02-16,1,603,603
OID19666,PID2029,A102,EMP1031,C1064,2021-09-06,1,1848,1848
OID19668,PID2031,A105,EMP1001,C1598,2021-06-05,4,1638,6552
OID19669,PID2093,A161,EMP1010,C1310,2021-12-04,1,112,112
OID19670,PID2086,A126,EMP1021,C1515,2021-04-03,3,123,369
OID19671,PID2092,A108,EMP1017,C1420,2021-05-15,3,1639,4917
OID19672,PID2059,A160,EMP1010,C1301,2021-12-27,1,1494,1494
OID19676,PID2079,A101,EMP1004,C1731,2021-06-22,2,1725,3450
OID19680,PID2064,A110,EMP1019,C1438,2021-12-15,1,1414,1414
OID19685,PID2028,A130,EMP1009,C1185,2021-04-10,4,2283,9132
OID19691,PID2088,A123,EMP1040,C1262,2021-03-11,2,603,1206
OID19693,PID2017,A107,EMP1005,C1799,2021-02-07,4,35,140
OID19694,PID2011,A163,EMP1029,C1601,2021-10-13,3,530,1590
OID19695,PID2061,A169,EMP1043,C1715,2021-01-23,1,913,913
OID19698,PID2051,A168,EMP1016,C1509,2021-12-15,3,1077,3231
OID19700,PID2018,A144,EMP1031,C1584,2021-03-27,2,1972,3944
OID19706,PID2078,A149,EMP1028,C1596,2021-10-26,1,1798,1798
OID19708,PID2094,A116,EMP1001,C1125,2021-06-17,2,771,1542
OID19715,PID2034,A125,EMP1031,C1015,2021-01-15,1,871,871
OID19717,PID2058,A155,EMP1015,C1136,2021-10-05,1,2257,2257
OID19723,PID2050,A147,EMP1007,C1773,2021-11-19,3,2391,7173
OID19727,PID2078,A170,EMP1035,C1722,2021-08-30,1,1798,1798
OID19728,PID2080,A161,EMP1010,C1313,2021-02-15,3,2353,7059
OID19734,PID2038,A100,EMP1011,C1583,2021-08-14,1,392,392
OID19736,PID2065,A117,EMP1008,C1596,2021-10-22,2,2396,4792
OID19740,PID2083,A100,EMP1023,C1168,2021-11-02,1,2141,2141
OID19741,PID2098,A113,EMP1026,C1136,2021-06-12,1,1178,1178
OID19742,PID2042,A165,EMP1022,C1225,2021-12-05,4,203,812
OID19744,PID2004,A108,EMP1006,C1244,2021-12-04,3,1278,3834
OID19748,PID2014,A145,EMP1028,C1263,2021-07-12,1,1809,1809
OID19756,PID2040,A169,EMP1003,C1065,2021-05-10,1,1889,1889
OID19761,PID2012,A104,EMP1020,C1409,2021-10-06,1,1353,1353
OID19764,PID2054,A101,EMP1022,C1608,2021-09-04,3,127,381
OID19768,PID2079,A105,EMP1016,C1573,2021-03-16,1,1725,1725
OID19769,PID2018,A128,EMP1042,C1423,2021-07-16,1,1972,1972
OID19774,PID2025,A124,EMP1026,C1281,2021-02-06,4,667,2668
OID19776,PID2063,A142,EMP1031,C1086,2021-06-06,1,1708,1708
OID19782,PID2085,A142,EMP1019,C1447,2021-02-08,2,1862,3724
OID19784,PID2091,A164,EMP1000,C1380,2021-07-27,1,368,368
OID19787,PID2038,A167,EMP1024,C1257,2021-01-13,2,392,784
OID19797,PID2094,A100,EMP1000,C1476,2021-03-10,4,771,3084
OID19804,PID2095,A159,EMP1009,C1698,2021-02-18,1,1743,1743
OID19809,PID2017,A172,EMP1032,C1108,2021-12-12,3,35,105
OID19813,PID2092,A102,EMP1037,C1514,2021-05-22,1,1639,1639
OID19818,PID2055,A136,EMP1017,C1763,2021-03-15,1,2495,2495
OID19823,PID2008,A118,EMP1043,C1264,2021-12-30,3,315,945
OID19826,PID2028,A164,EMP1006,C1248,2021-08-24,1,2283,2283
OID19829,PID2016,A109,EMP1009,C1381,2021-02-28,1,1351,1351
OID19840,PID2021,A140,EMP1039,C1173,2021-06-20,3,217,651
OID19843,PID2000,A141,EMP1013,C1140,2021-08-09,2,2241,4482
OID19844,PID2034,A142,EMP1024,C1463,2021-06-12,2,871,1742
OID19848,PID2045,A158,EMP1012,C1569,2021-05-06,1,556,556
OID19849,PID2018,A133,EMP1037,C1057,2021-04-19,2,1972,3944
OID19853,PID2031,A119,EMP1002,C1023,2021-08-24,1,1638,1638
OID19854,PID2057,A168,EMP1023,C1265,2021-08-14,1,181,181
OID19856,PID2030,A161,EMP1036,C1047,2021-05-20,1,1899,1899
OID19864,PID2007,A173,EMP1044,C1122,2021-06-29,1,1405,1405
OID19865,PID2067,A105,EMP1044,C1793,2021-04-23,4,1119,4476
OID19871,PID2037,A159,EMP1037,C1016,2021-02-21,3,880,2640
OID19873,PID2097,A114,EMP1010,C1645,2021-09-06,4,1052,4208
OID19874,PID2066,A123,EMP1032,C1270,2021-02-20,3,2091,6273
OID19876,PID2069,A143,EMP1002,C1738,2021-08-15,1,378,378
OID19884,PID2066,A131,EMP1011,C1273,2021-01-11,1,2091,2091
OID19887,PID2069,A146,EMP1011,C1012,2021-03-07,1,378,378
OID19888,PID2007,A117,EMP1032,C1290,2021-06-12,1,1405,1405
OID19890,PID2003,A108,EMP1042,C1045,2021-05-12,2,1783,3566
OID19891,PID2063,A145,EMP1038,C1483,2021-07-05,4,1708,6832
OID19895,PID2003,A119,EMP1024,C1658,2021-01-11,2,1783,3566
OID19897,PID2084,A146,EMP1018,C1113,2021-09-17,2,1783,3566
OID19898,PID2045,A154,EMP1038,C1719,2021-10-10,1,556,556
OID19902,PID2060,A133,EMP1028,C1761,2021-04-06,2,1467,2934
OID19903,PID2085,A111,EMP1016,C1408,2021-11-10,1,1862,1862
OID19908,PID2006,A125,EMP1040,C1492,2021-07-22,1,1826,1826
OID19909,PID2041,A173,EMP1020,C1507,2021-05-18,1,1380,1380
OID19920,PID2017,A149,EMP1022,C1145,2021-05-24,1,35,35
OID19923,PID2085,A100,EMP1011,C1180,2021-12-29,1,1862,1862
OID19924,PID2005,A116,EMP1016,C1256,2021-12-06,4,684,2736
OID19930,PID2084,A143,EMP1014,C1715,2021-05-19,1,1783,1783
OID19933,PID2099,A105,EMP1044,C1537,2021-02-21,3,1367,4101
OID19939,PID2034,A123,EMP1024,C1206,2021-03-08,1,871,871
OID19940,PID2050,A143,EMP1004,C1551,2021-05-03,4,2391,9564
OID19941,PID2017,A140,EMP1037,C1246,2021-02-20,3,35,105
OID19946,PID2070,A100,EMP1005,C1800,2021-03-28,1,1671,1671
OID19947,PID2052,A154,EMP1011,C1378,2021-11-12,1,1526,1526
OID19949,PID2025,A147,EMP1027,C1466,2021-12-25,2,667,1334
OID19951,PID2086,A154,EMP1001,C1543,2021-07-11,3,123,369
OID19956,PID2066,A166,EMP1005,C1476,2021-04-18,2,2091,4182
OID19961,PID2010,A162,EMP1033,C1304,2021-07-18,4,1812,7248
OID19966,PID2020,A125,EMP1028,C1784,2021-06-04,1,2005,2005
OID19972,PID2003,A151,EMP1030,C1137,2021-01-24,2,1783,3566
OID19973,PID2092,A151,EMP1012,C1799,2021-10-27,1,1639,1639
OID19976,PID2019,A130,EMP1002,C1133,2021-11-18,2,800,1600
OID19980,PID2082,A139,EMP1021,C1387,2021-09-21,4,1103,4412
OID19983,PID2029,A105,EMP1044,C1614,2021-10-20,3,1848,5544
OID19984,PID2046,A131,EMP1036,C1398,2021-04-28,3,2410,7230
OID19986,PID2006,A148,EMP1019,C1213,2021-05-20,2,1826,3652
OID19992,PID2027,A125,EMP1014,C1364,2021-03-27,2,2497,4994
OID20001,PID2079,A116,EMP1035,C1281,2021-09-03,1,1725,1725
OID20003,PID2040,A171,EMP1017,C1227,2021-12-20,2,1889,3778
OID20007,PID2096,A113,EMP1020,C1427,2021-12-18,2,1587,3174
OID20011,PID2073,A119,EMP1010,C1657,2021-07-06,3,95,285
OID20014,PID2006,A158,EMP1032,C1209,2021-03-18,2,1826,3652
OID20016,PID2071,A161,EMP1016,C1044,2021-06-30,3,136,408
OID20018,PID2050,A159,EMP1024,C1495,2021-04-13,1,2391,2391
OID20019,PID2047,A129,EMP1035,C1339,2021-01-06,1,290,290
OID20021,PID2069,A105,EMP1036,C1161,2021-01-10,1,378,378
OID20023,PID2093,A155,EMP1037,C1662,2021-11-27,2,112,224
OID20029,PID2031,A162,EMP1010,C1725,2021-01-09,1,1638,1638
OID20032,PID2056,A128,EMP1004,C1658,2021-06-26,1,1635,1635
OID20033,PID2024,A139,EMP1003,C1221,2021-07-07,3,356,1068
OID20037,PID2096,A162,EMP1002,C1040,2021-10-18,4,1587,6348
OID20040,PID2089,A152,EMP1002,C1710,2021-02-19,1,2294,2294
OID20044,PID2073,A153,EMP1018,C1190,2021-06-18,1,95,95
OID20046,PID2021,A104,EMP1015,C1722,2021-09-29,2,217,434
OID20047,PID2066,A168,EMP1039,C1192,2021-11-26,3,2091,6273
OID20048,PID2040,A168,EMP1042,C1203,2021-12-05,1,1889,1889
OID20054,PID2048,A172,EMP1000,C1489,2021-09-16,2,502,1004
OID20058,PID2015,A122,EMP1005,C1574,2021-01-29,2,637,1274
OID20059,PID2057,A153,EMP1031,C1660,2021-02-19,2,181,362
OID20063,PID2012,A131,EMP1012,C1335,2021-08-23,1,1353,1353
OID20066,PID2073,A140,EMP1033,C1053,2021-07-01,4,95,380
OID20072,PID2042,A103,EMP1036,C1684,2021-12-21,1,203,203
OID20073,PID2044,A103,EMP1025,C1388,2021-01-07,1,886,886
OID20077,PID2068,A165,EMP1016,C1153,2021-09-07,1,1500,1500
OID20080,PID2007,A118,EMP1001,C1502,2021-03-18,1,1405,1405
OID20089,PID2079,A163,EMP1038,C1775,2021-06-14,2,1725,3450
OID20091,PID2053,A105,EMP1000,C1135,2021-08-22,3,596,1788
OID20092,PID2035,A167,EMP1006,C1146,2021-07-22,4,458,1832
OID20096,PID2003,A121,EMP1040,C1761,2021-12-16,1,1783,1783
OID20100,PID2069,A163,EMP1023,C1678,2021-04-23,1,378,378
OID20102,PID2032,A141,EMP1006,C1650,2021-07-16,1,1967,1967
OID20103,PID2041,A138,EMP1003,C1498,2021-06-28,1,1380,1380
OID20104,PID2046,A102,EMP1004,C1214,2021-09-22,3,2410,7230
OID20110,PID2063,A165,EMP1008,C1553,2021-10-08,1,1708,1708
OID20115,PID2034,A167,EMP1031,C1323,2021-10-04,4,871,3484
OID20117,PID2074,A130,EMP1016,C1104,2021-08-14,4,504,2016
OID20118,PID2055,A100,EMP1021,C1343,2021-10-31,4,2495,9980
OID20120,PID2023,A115,EMP1007,C1522,2021-01-14,1,818,818
OID20124,PID2055,A140,EMP1022,C1313,2021-12-06,2,2495,4990
OID20125,PID2050,A122,EMP1037,C1069,2021-10-22,1,2391,2391
OID20126,PID2073,A152,EMP1005,C1117,2021-12-15,1,95,95
OID20128,PID2042,A154,EMP1012,C1163,2021-01-04,1,203,203
OID20130,PID2061,A164,EMP1044,C1451,2021-07-27,4,913,3652
OID20140,PID2093,A101,EMP1028,C1785,2021-11-14,1,112,112
OID20143,PID2028,A112,EMP1041,C1025,2021-12-18,3,2283,6849
OID20147,PID2041,A112,EMP1025,C1774,2021-07-28,1,1380,1380
OID20149,PID2081,A162,EMP1022,C1185,2021-12-04,2,1566,3132
OID20152,PID2090,A156,EMP1018,C1385,2021-01-16,3,1338,4014
OID20154,PID2017,A111,EMP1042,C1558,2021-10-24,4,35,140
OID20160,PID2061,A153,EMP1000,C1768,2021-05-30,2,913,1826
OID20162,PID2079,A136,EMP1033,C1751,2021-04-07,1,1725,1725
OID20163,PID2094,A142,EMP1020,C1154,2021-06-22,4,771,3084
OID20168,PID2016,A106,EMP1021,C1448,2021-05-21,3,1351,4053
OID20171,PID2056,A112,EMP1015,C1273,2021-09-26,1,1635,1635
OID20173,PID2008,A169,EMP1008,C1219,2021-07-25,2,315,630
OID20174,PID2074,A108,EMP1018,C1557,2021-01-11,1,504,504
OID20175,PID2074,A147,EMP1036,C1595,2021-06-06,1,504,504
OID20179,PID2081,A156,EMP1000,C1460,2021-06-13,1,1566,1566
OID20180,PID2063,A150,EMP1022,C1178,2021-11-30,1,1708,1708
OID20181,PID2023,A165,EMP1003,C1192,2021-04-26,2,818,1636
OID20185,PID2009,A114,EMP1023,C1143,2021-09-26,2,584,1168
OID20186,PID2040,A145,EMP1027,C1474,2021-04-22,2,1889,3778
OID20188,PID2042,A140,EMP1003,C1391,2021-08-06,1,203,203
OID20189,PID2017,A103,EMP1007,C1566,2021-05-28,1,35,35
OID20190,PID2085,A163,EMP1001,C1445,2021-05-02,1,1862,1862
OID20191,PID2025,A171,EMP1010,C1542,2021-01-15,1,667,667
OID20192,PID2014,A154,EMP1027,C1597,2021-09-29,1,1809,1809
OID20194,PID2050,A167,EMP1042,C1083,2021-11-12,1,2391,2391
OID20199,PID2052,A138,EMP1008,C1423,2021-09-16,2,1526,3052
OID20200,PID2089,A116,EMP1027,C1401,2021-06-24,1,2294,2294
OID20204,PID2099,A162,EMP1030,C1466,2021-10-07,1,1367,1367
OID20209,PID2084,A106,EMP1013,C1572,2021-09-11,1,1783,1783
OID20210,PID2040,A134,EMP1036,C1709,2021-08-22,2,1889,3778
OID20220,PID2015,A148,EMP1015,C1351,2021-01-28,2,637,1274
OID20221,PID2100,A149,EMP1009,C1548,2021-11-21,1,799,799
OID20223,PID2097,A143,EMP1038,C1338,2021-01-27,2,1052,2104
OID20231,PID2010,A120,EMP1033,C1060,2021-02-13,3,1812,5436
OID20246,PID2032,A108,EMP1004,C1244,2021-07-31,1,1967,1967
OID20249,PID2080,A118,EMP1034,C1644,2021-02-01,1,2353,2353
OID20264,PID2075,A129,EMP1019,C1503,2021-02-28,2,400,800
OID20269,PID2003,A111,EMP1000,C1404,2021-06-14,1,1783,1783
OID20271,PID2001,A173,EMP1013,C1324,2021-10-04,2,951,1902
OID20276,PID2074,A145,EMP1004,C1386,2021-01-07,4,504,2016
OID20280,PID2013,A162,EMP1020,C1688,2021-02-09,1,368,368
OID20281,PID2093,A136,EMP1019,C1705,2021-03-03,2,112,224
OID20291,PID2006,A122,EMP1029,C1402,2021-07-23,2,1826,3652
OID20294,PID2065,A165,EMP1011,C1143,2021-10-08,3,2396,7188
OID20301,PID2026,A125,EMP1034,C1588,2021-02-05,4,947,3788
OID20303,PID2060,A166,EMP1012,C1525,2021-01-23,1,1467,1467
OID20307,PID2068,A166,EMP1018,C1468,2021-12-30,2,1500,3000
OID20312,PID2025,A163,EMP1017,C1299,2021-08-09,1,667,667
OID20313,PID2043,A149,EMP1015,C1007,2021-02-23,2,545,1090
OID20315,PID2033,A161,EMP1033,C1751,2021-03-30,1,2182,2182
OID20319,PID2042,A133,EMP1043,C1476,2021-04-20,1,203,203
OID20320,PID2025,A161,EMP1023,C1676,2021-04-09,1,667,667
OID20325,PID2074,A159,EMP1003,C1660,2021-03-18,4,504,2016
OID20328,PID2037,A151,EMP1008,C1233,2021-10-20,3,880,2640
OID20329,PID2049,A156,EMP1014,C1450,2021-03-13,4,826,3304
OID20331,PID2003,A118,EMP1020,C1338,2021-02-15,1,1783,1783
OID20334,PID2075,A167,EMP1032,C1634,2021-07-19,3,400,1200
OID20336,PID2040,A154,EMP1017,C1473,2021-07-18,1,1889,1889
OID20338,PID2037,A137,EMP1035,C1210,2021-12-11,2,880,1760
OID20339,PID2051,A152,EMP1020,C1209,2021-09-24,4,1077,4308
OID20340,PID2018,A105,EMP1030,C1106,2021-12-03,1,1972,1972
OID20341,PID2063,A140,EMP1042,C1478,2021-09-28,1,1708,1708
OID20346,PID2034,A146,EMP1004,C1794,2021-02-27,2,871,1742
OID20352,PID2043,A173,EMP1023,C1611,2021-03-05,2,545,1090
OID20354,PID2043,A135,EMP1006,C1132,2021-05-21,2,545,1090
OID20359,PID2096,A100,EMP1015,C1250,2021-12-28,2,1587,3174
OID20362,PID2032,A162,EMP1023,C1517,2021-04-25,1,1967,1967
OID20364,PID2033,A148,EMP1043,C1226,2021-08-26,2,2182,4364
OID20366,PID2065,A107,EMP1036,C1403,2021-10-11,1,2396,2396
OID20367,PID2096,A161,EMP1037,C1113,2021-04-18,3,1587,4761
OID20371,PID2059,A161,EMP1000,C1738,2021-05-05,3,1494,4482
OID20373,PID2029,A169,EMP1019,C1060,2021-10-01,1,1848,1848
OID20374,PID2098,A153,EMP1015,C1136,2021-09-02,3,1178,3534
OID20380,PID2003,A134,EMP1040,C1371,2021-09-21,3,1783,5349
OID20383,PID2089,A116,EMP1027,C1040,2021-10-02,3,2294,6882
OID20384,PID2014,A156,EMP1026,C1721,2021-07-30,1,1809,1809
OID20389,PID2081,A143,EMP1012,C1607,2021-11-28,1,1566,1566
OID20392,PID2100,A115,EMP1006,C1593,2021-02-19,1,799,799
OID20395,PID2070,A107,EMP1023,C1533,2021-10-12,2,1671,3342
OID20397,PID2034,A140,EMP1001,C1451,2021-03-08,3,871,2613
OID20398,PID2097,A112,EMP1021,C1617,2021-10-25,2,1052,2104
OID20401,PID2002,A126,EMP1016,C1644,2021-03-17,1,847,847
OID20402,PID2072,A126,EMP1030,C1689,2021-12-18,1,1887,1887
OID20404,PID2055,A173,EMP1017,C1795,2021-04-14,4,2495,9980
OID20405,PID2067,A120,EMP1033,C1644,2021-11-16,1,1119,1119
OID20407,PID2003,A104,EMP1028,C1040,2021-05-24,2,1783,3566
OID20412,PID2067,A125,EMP1039,C1594,2021-12-14,3,1119,3357
OID20415,PID2064,A111,EMP1008,C1360,2021-01-26,2,1414,2828
OID20416,PID2091,A103,EMP1012,C1633,2021-01-23,2,368,736
OID20423,PID2069,A159,EMP1038,C1681,2021-01-02,1,378,378
OID20432,PID2095,A110,EMP1026,C1071,2021-08-16,1,1743,1743
OID20436,PID2003,A161,EMP1022,C1363,2021-05-18,3,1783,5349
OID20437,PID2067,A157,EMP1035,C1552,2021-11-02,3,1119,3357
OID20444,PID2074,A172,EMP1002,C1414,2021-08-20,1,504,504
OID20445,PID2037,A117,EMP1015,C1207,2021-09-19,3,880,2640
OID20448,PID2025,A152,EMP1003,C1771,2021-03-28,1,667,667
OID20449,PID2091,A134,EMP1011,C1142,2021-11-28,1,368,368
OID20460,PID2066,A131,EMP1009,C1206,2021-08-01,3,2091,6273
OID20462,PID2100,A166,EMP1031,C1072,2021-09-12,1,799,799
OID20467,PID2095,A129,EMP1005,C1289,2021-02-19,2,1743,3486
OID20469,PID2018,A163,EMP1020,C1510,2021-05-09,2,1972,3944
OID20472,PID2076,A147,EMP1031,C1432,2021-02-15,1,1522,1522
OID20475,PID2037,A124,EMP1009,C1547,2021-10-19,1,880,880
OID20478,PID2042,A105,EMP1030,C1590,2021-08-25,1,203,203
OID20483,PID2053,A110,EMP1033,C1432,2021-04-18,1,596,596
OID20487,PID2097,A107,EMP1037,C1268,2021-01-30,3,1052,3156
OID20489,PID2070,A141,EMP1039,C1297,2021-03-17,2,1671,3342
OID20493,PID2006,A129,EMP1019,C1509,2021-07-22,3,1826,5478
OID20497,PID2023,A113,EMP1017,C1046,2021-06-26,1,818,818
OID20498,PID2091,A125,EMP1025,C1478,2021-09-09,4,368,1472
OID20499,PID2061,A173,EMP1007,C1412,2021-12-15,3,913,2739
OID20505,PID2035,A104,EMP1036,C1477,2021-01-22,1,458,458
OID20511,PID2086,A147,EMP1035,C1167,2021-01-15,1,123,123
OID20512,PID2085,A135,EMP1009,C1223,2021-01-02,1,1862,1862
OID20515,PID2052,A123,EMP1021,C1595,2021-11-07,1,1526,1526
OID20519,PID2044,A120,EMP1006,C1758,2021-12-10,3,886,2658
OID20520,PID2025,A166,EMP1027,C1800,2021-12-03,2,667,1334
OID20526,PID2007,A107,EMP1031,C1000,2021-12-12,3,1405,4215
OID20528,PID2066,A151,EMP1039,C1417,2021-07-11,3,2091,6273
OID20532,PID2007,A107,EMP1006,C1268,2021-06-03,1,1405,1405
OID20534,PID2000,A167,EMP1044,C1475,2021-04-11,2,2241,4482
OID20535,PID2056,A114,EMP1024,C1156,2021-03-08,2,1635,3270
OID20537,PID2094,A122,EMP1037,C1365,2021-06-07,1,771,771
OID20539,PID2044,A158,EMP1034,C1692,2021-08-18,1,886,886
OID20540,PID2081,A122,EMP1012,C1112,2021-05-04,1,1566,1566
OID20541,PID2097,A139,EMP1005,C1504,2021-08-19,1,1052,1052
OID20547,PID2036,A165,EMP1014,C1031,2021-02-07,1,1582,1582
OID20558,PID2072,A109,EMP1024,C1204,2021-09-10,3,1887,5661
OID20561,PID2038,A153,EMP1009,C1513,2021-11-15,1,392,392
OID20563,PID2022,A173,EMP1012,C1216,2021-09-17,1,561,561
OID20564,PID2004,A139,EMP1041,C1453,2021-09-02,1,1278,1278
OID20571,PID2100,A154,EMP1030,C1353,2021-01-06,3,799,2397
OID20573,PID2048,A141,EMP1025,C1783,2021-07-06,4,502,2008
OID20575,PID2085,A112,EMP1035,C1328,2021-05-20,1,1862,1862
OID20576,PID2015,A107,EMP1012,C1080,2021-08-21,2,637,1274
OID20579,PID2074,A110,EMP1041,C1066,2021-01-14,3,504,1512
OID20583,PID2087,A134,EMP1009,C1556,2021-08-20,1,1022,1022
OID20584,PID2039,A145,EMP1029,C1246,2021-11-13,4,817,3268
OID20594,PID2022,A153,EMP1040,C1235,2021-07-03,1,561,561
OID20595,PID2048,A101,EMP1027,C1147,2021-08-05,1,502,502
OID20597,PID2063,A130,EMP1026,C1145,2021-05-08,2,1708,3416
OID20602,PID2055,A109,EMP1041,C1117,2021-11-22,1,2495,2495
OID20604,PID2056,A170,EMP1020,C1760,2021-02-15,1,1635,1635
OID20607,PID2027,A143,EMP1041,C1070,2021-11-14,1,2497,2497
OID20609,PID2005,A129,EMP1014,C1631,2021-06-16,2,684,1368
OID20614,PID2026,A139,EMP1026,C1653,2021-02-04,4,947,3788
OID20615,PID2013,A113,EMP1011,C1113,2021-05-29,1,368,368
OID20618,PID2042,A116,EMP1041,C1576,2021-11-24,1,203,203
OID20622,PID2061,A168,EMP1016,C1617,2021-08-24,4,913,3652
OID20626,PID2011,A138,EMP1044,C1396,2021-05-25,4,530,2120
OID20628,PID2013,A139,EMP1021,C1498,2021-07-31,3,368,1104
OID20639,PID2086,A158,EMP1032,C1021,2021-03-10,1,123,123
OID20642,PID2011,A121,EMP1007,C1099,2021-03-31,1,530,530
OID20643,PID2066,A160,EMP1000,C1032,2021-10-21,2,2091,4182
OID20644,PID2053,A155,EMP1042,C1568,2021-09-21,1,596,596
OID20649,PID2059,A161,EMP1028,C1777,2021-08-25,1,1494,1494
OID20655,PID2092,A170,EMP1031,C1789,2021-10-12,1,1639,1639
OID20656,PID2000,A109,EMP1000,C1449,2021-06-28,1,2241,2241
OID20658,PID2037,A170,EMP1015,C1654,2021-09-04,1,880,880
OID20660,PID2030,A138,EMP1015,C1408,2021-06-05,1,1899,1899
OID20662,PID2015,A152,EMP1041,C1596,2021-07-27,3,637,1911
OID20663,PID2099,A144,EMP1005,C1701,2021-06-16,2,1367,2734
OID20664,PID2048,A118,EMP1032,C1287,2021-08-27,2,502,1004
OID20680,PID2044,A143,EMP1039,C1558,2021-06-17,2,886,1772
OID20681,PID2012,A133,EMP1031,C1107,2021-05-23,1,1353,1353
OID20682,PID2074,A108,EMP1012,C1691,2021-11-26,1,504,504
OID20690,PID2077,A132,EMP1034,C1032,2021-09-07,2,530,1060
OID20695,PID2022,A122,EMP1016,C1441,2021-07-21,1,561,561
OID20697,PID2057,A149,EMP1022,C1316,2021-05-01,1,181,181
OID20698,PID2064,A170,EMP1015,C1481,2021-06-28,1,1414,1414
OID20703,PID2012,A104,EMP1038,C1247,2021-03-17,4,1353,5412
OID20707,PID2056,A171,EMP1044,C1693,2021-11-22,1,1635,1635
OID20709,PID2097,A102,EMP1032,C1502,2021-01-05,1,1052,1052
OID20710,PID2045,A136,EMP1040,C1343,2021-10-31,1,556,556
OID20712,PID2094,A156,EMP1023,C1426,2021-08-12,1,771,771
OID20713,PID2012,A169,EMP1004,C1742,2021-04-08,4,1353,5412
OID20714,PID2029,A105,EMP1044,C1471,2021-04-09,1,1848,1848
OID20715,PID2080,A112,EMP1030,C1201,2021-11-27,1,2353,2353
OID20717,PID2059,A130,EMP1009,C1342,2021-11-19,3,1494,4482
OID20720,PID2099,A133,EMP1006,C1446,2021-12-02,2,1367,2734
OID20724,PID2005,A103,EMP1016,C1127,2021-05-20,2,684,1368
OID20725,PID2095,A108,EMP1016,C1184,2021-09-26,2,1743,3486
OID20732,PID2069,A103,EMP1044,C1026,2021-08-20,4,378,1512
OID20733,PID2067,A171,EMP1028,C1146,2021-01-22,1,1119,1119
OID20739,PID2038,A149,EMP1009,C1396,2021-09-23,4,392,1568
OID20742,PID2027,A167,EMP1005,C1130,2021-06-18,4,2497,9988
OID20748,PID2059,A104,EMP1042,C1757,2021-07-19,2,1494,2988
OID20751,PID2068,A173,EMP1021,C1166,2021-09-29,1,1500,1500
OID20753,PID2043,A166,EMP1039,C1743,2021-06-16,3,545,1635
OID20754,PID2012,A122,EMP1042,C1255,2021-04-03,1,1353,1353
OID20755,PID2045,A169,EMP1025,C1296,2021-10-19,1,556,556
OID20756,PID2071,A169,EMP1026,C1788,2021-09-04,3,136,408
OID20768,PID2094,A170,EMP1018,C1074,2021-03-04,1,771,771
OID20769,PID2036,A162,EMP1023,C1320,2021-04-26,1,1582,1582
OID20772,PID2026,A143,EMP1036,C1303,2021-08-30,2,947,1894
OID20778,PID2008,A135,EMP1016,C1201,2021-06-23,2,315,630
OID20783,PID2078,A169,EMP1010,C1800,2021-12-31,4,1798,7192
OID20787,PID2058,A129,EMP1009,C1419,2021-12-24,1,2257,2257
OID20788,PID2024,A129,EMP1000,C1414,2021-04-21,1,356,356
OID20792,PID2080,A116,EMP1038,C1251,2021-12-15,3,2353,7059
OID20798,PID2065,A151,EMP1028,C1254,2021-05-29,1,2396,2396
OID20802,PID2068,A170,EMP1023,C1688,2021-06-08,1,1500,1500
OID20803,PID2005,A158,EMP1017,C1373,2021-10-30,1,684,684
OID20805,PID2096,A117,EMP1001,C1311,2021-02-27,1,1587,1587
OID20806,PID2026,A155,EMP1039,C1491,2021-11-13,3,947,2841
OID20807,PID2018,A120,EMP1031,C1561,2021-07-31,1,1972,1972
OID20808,PID2031,A172,EMP1029,C1474,2021-04-01,4,1638,6552
OID20809,PID2097,A148,EMP1014,C1114,2021-11-11,1,1052,1052
OID20811,PID2064,A115,EMP1006,C1264,2021-04-03,1,1414,1414
OID20816,PID2029,A116,EMP1035,C1681,2021-06-22,2,1848,3696
OID20817,PID2015,A137,EMP1000,C1562,2021-04-17,1,637,637
OID20823,PID2036,A132,EMP1014,C1771,2021-02-09,1,1582,1582
OID20824,PID2044,A159,EMP1003,C1379,2021-10-03,3,886,2658
OID20826,PID2051,A159,EMP1009,C1584,2021-05-08,3,1077,3231
OID20828,PID2019,A126,EMP1006,C1793,2021-04-14,2,800,1600
OID20830,PID2068,A135,EMP1026,C1372,2021-03-20,2,1500,3000
OID20831,PID2042,A116,EMP1033,C1694,2021-11-21,3,203,609
OID20837,PID2064,A117,EMP1016,C1056,2021-03-22,2,1414,2828
OID20838,PID2099,A119,EMP1000,C1714,2021-04-28,1,1367,1367
OID20839,PID2074,A142,EMP1041,C1719,2021-03-27,2,504,1008
OID20842,PID2067,A121,EMP1009,C1592,2021-03-31,1,1119,1119
OID20845,PID2053,A147,EMP1000,C1249,2021-08-29,1,596,596
OID20846,PID2014,A136,EMP1026,C1131,2021-12-06,2,1809,3618
OID20847,PID2019,A128,EMP1016,C1479,2021-03-16,2,800,1600
OID20848,PID2081,A103,EMP1038,C1602,2021-05-30,1,1566,1566
OID20850,PID2027,A123,EMP1010,C1022,2021-09-03,4,2497,9988
OID20852,PID2010,A132,EMP1023,C1666,2021-12-12,1,1812,1812
OID20856,PID2005,A131,EMP1014,C1052,2021-12-09,1,684,684
OID20857,PID2091,A117,EMP1016,C1514,2021-09-16,3,368,1104
OID20858,PID2045,A114,EMP1020,C1404,2021-09-24,1,556,556
OID20859,PID2072,A139,EMP1029,C1260,2021-03-21,2,1887,3774
OID20864,PID2097,A104,EMP1022,C1498,2021-10-28,4,1052,4208
OID20867,PID2082,A160,EMP1026,C1345,2021-08-18,3,1103,3309
OID20870,PID2091,A143,EMP1000,C1198,2021-06-01,1,368,368
OID20872,PID2094,A123,EMP1000,C1325,2021-04-05,2,771,1542
OID20874,PID2021,A157,EMP1001,C1798,2021-08-01,1,217,217
OID20877,PID2076,A103,EMP1032,C1598,2021-01-14,1,1522,1522
OID20878,PID2053,A170,EMP1040,C1392,2021-05-16,1,596,596
OID20879,PID2083,A108,EMP1004,C1574,2021-02-06,2,2141,4282
OID20880,PID2058,A108,EMP1032,C1087,2021-01-16,1,2257,2257
OID20882,PID2095,A114,EMP1020,C1053,2021-04-08,1,1743,1743
OID20883,PID2026,A160,EMP1035,C1505,2021-01-12,1,947,947
OID20888,PID2020,A132,EMP1005,C1495,2021-02-01,3,2005,6015
OID20889,PID2085,A118,EMP1008,C1125,2021-03-15,1,1862,1862
OID20891,PID2069,A163,EMP1014,C1070,2021-12-20,1,378,378
OID20892,PID2098,A146,EMP1031,C1075,2021-04-03,2,1178,2356
OID20895,PID2097,A142,EMP1043,C1515,2021-01-17,1,1052,1052
OID20896,PID2032,A155,EMP1043,C1424,2021-11-28,2,1967,3934
OID20897,PID2040,A147,EMP1024,C1429,2021-03-16,1,1889,1889
OID20901,PID2096,A113,EMP1015,C1409,2021-03-10,1,1587,1587
OID20906,PID2030,A129,EMP1035,C1242,2021-05-04,3,1899,5697
OID20908,PID2070,A110,EMP1032,C1696,2021-04-15,2,1671,3342
OID20912,PID2014,A108,EMP1041,C1360,2021-12-23,3,1809,5427
OID20916,PID2089,A153,EMP1005,C1284,2021-01-19,2,2294,4588
OID20918,PID2055,A168,EMP1005,C1409,2021-09-03,2,2495,4990
OID20923,PID2011,A103,EMP1008,C1222,2021-09-05,1,530,530
OID20926,PID2090,A133,EMP1026,C1659,2021-04-15,3,1338,4014
OID20927,PID2000,A125,EMP1026,C1763,2021-12-23,2,2241,4482
OID20931,PID2093,A143,EMP1003,C1512,2021-11-18,1,112,112
OID20935,PID2000,A150,EMP1005,C1177,2021-03-25,1,2241,2241
OID20937,PID2024,A119,EMP1006,C1174,2021-05-26,1,356,356
OID20940,PID2063,A145,EMP1017,C1380,2021-06-24,3,1708,5124
OID20941,PID2045,A137,EMP1009,C1578,2021-12-20,1,556,556
OID20948,PID2033,A156,EMP1042,C1719,2021-10-08,1,2182,2182
OID20949,PID2007,A136,EMP1032,C1509,2021-07-06,1,1405,1405
OID20953,PID2046,A152,EMP1006,C1722,2021-07-29,2,2410,4820
OID20954,PID2031,A156,EMP1033,C1728,2021-09-29,1,1638,1638
OID20956,PID2034,A164,EMP1000,C1049,2021-08-31,3,871,2613
OID20963,PID2074,A101,EMP1041,C1681,2021-06-20,4,504,2016
OID20965,PID2093,A104,EMP1018,C1613,2021-01-24,3,112,336
OID20966,PID2064,A150,EMP1044,C1475,2021-11-29,1,1414,1414
OID20969,PID2059,A129,EMP1034,C1535,2021-03-08,1,1494,1494
OID20971,PID2000,A100,EMP1026,C1767,2021-04-05,2,2241,4482
OID20972,PID2100,A102,EMP1012,C1074,2021-03-03,2,799,1598
OID20974,PID2034,A158,EMP1023,C1733,2021-12-09,1,871,871
OID20975,PID2024,A158,EMP1031,C1182,2021-08-01,4,356,1424
OID20977,PID2022,A124,EMP1040,C1128,2021-04-24,3,561,1683
OID20978,PID2075,A156,EMP1021,C1427,2021-03-27,2,400,800
OID20985,PID2094,A159,EMP1003,C1756,2021-11-20,2,771,1542
OID20990,PID2045,A148,EMP1023,C1245,2021-04-22,3,556,1668
OID20993,PID2036,A115,EMP1012,C1343,2021-11-29,4,1582,6328
OID21003,PID2043,A124,EMP1001,C1372,2021-09-30,1,545,545
OID21008,PID2089,A123,EMP1038,C1562,2021-06-15,1,2294,2294
OID21010,PID2056,A125,EMP1023,C1594,2021-06-07,1,1635,1635
OID21014,PID2014,A121,EMP1033,C1254,2021-03-21,2,1809,3618
OID21015,PID2083,A111,EMP1003,C1317,2021-07-16,1,2141,2141
OID21016,PID2055,A122,EMP1026,C1061,2021-04-20,1,2495,2495
OID21017,PID2074,A118,EMP1008,C1782,2021-11-26,1,504,504
OID21026,PID2003,A163,EMP1032,C1712,2021-06-25,1,1783,1783
OID21028,PID2011,A108,EMP1007,C1369,2021-11-28,4,530,2120
OID21029,PID2082,A144,EMP1036,C1067,2021-08-09,1,1103,1103
OID21030,PID2026,A116,EMP1035,C1026,2021-11-11,3,947,2841
OID21032,PID2050,A122,EMP1010,C1381,2021-02-19,1,2391,2391
OID21037,PID2068,A132,EMP1008,C1027,2021-07-13,1,1500,1500
OID21039,PID2037,A144,EMP1017,C1607,2021-03-31,1,880,880
OID21041,PID2008,A157,EMP1009,C1707,2021-11-21,1,315,315
OID21043,PID2074,A130,EMP1035,C1003,2021-08-23,1,504,504
OID21045,PID2021,A110,EMP1040,C1444,2021-01-05,3,217,651
OID21046,PID2079,A123,EMP1018,C1101,2021-06-26,3,1725,5175
OID21048,PID2024,A161,EMP1008,C1327,2021-03-22,4,356,1424
OID21050,PID2063,A126,EMP1013,C1675,2021-04-21,1,1708,1708
OID21052,PID2066,A160,EMP1032,C1244,2021-05-10,1,2091,2091
OID21056,PID2004,A147,EMP1020,C1369,2021-01-14,1,1278,1278
OID21057,PID2034,A160,EMP1024,C1737,2021-07-14,1,871,871
OID21060,PID2033,A160,EMP1024,C1421,2021-07-20,1,2182,2182
OID21061,PID2099,A108,EMP1018,C1426,2021-01-14,1,1367,1367
OID21064,PID2061,A160,EMP1000,C1254,2021-10-03,1,913,913
OID21066,PID2021,A162,EMP1021,C1745,2021-07-07,1,217,217
OID21068,PID2008,A132,EMP1031,C1269,2021-03-06,1,315,315
OID21069,PID2015,A135,EMP1036,C1365,2021-07-29,3,637,1911
OID21070,PID2003,A126,EMP1025,C1336,2021-01-27,3,1783,5349
OID21071,PID2026,A106,EMP1012,C1600,2021-02-02,3,947,2841
OID21073,PID2018,A133,EMP1003,C1423,2021-07-06,2,1972,3944
OID21075,PID2049,A111,EMP1006,C1252,2021-08-29,3,826,2478
OID21076,PID2017,A145,EMP1008,C1272,2021-07-17,4,35,140
OID21077,PID2087,A134,EMP1035,C1706,2021-08-25,1,1022,1022
OID21078,PID2045,A108,EMP1034,C1273,2021-11-13,3,556,1668
OID21088,PID2070,A100,EMP1022,C1677,2021-07-27,1,1671,1671
OID21092,PID2074,A166,EMP1017,C1076,2021-06-02,1,504,504
OID21099,PID2082,A124,EMP1039,C1767,2021-03-11,2,1103,2206
OID21107,PID2059,A114,EMP1004,C1561,2021-11-01,1,1494,1494
OID21112,PID2027,A151,EMP1006,C1043,2021-04-07,3,2497,7491
OID21115,PID2090,A156,EMP1043,C1126,2021-06-04,1,1338,1338
OID21116,PID2008,A152,EMP1002,C1022,2021-08-21,1,315,315
OID21117,PID2021,A111,EMP1026,C1528,2021-09-11,1,217,217
OID21119,PID2085,A168,EMP1001,C1442,2021-11-27,1,1862,1862
OID21122,PID2041,A144,EMP1044,C1225,2021-12-02,1,1380,1380
OID21124,PID2036,A135,EMP1034,C1162,2021-08-10,3,1582,4746
OID21129,PID2024,A152,EMP1032,C1264,2021-12-23,3,356,1068
OID21132,PID2059,A130,EMP1019,C1376,2021-05-28,4,1494,5976
OID21133,PID2067,A135,EMP1018,C1573,2021-10-04,1,1119,1119
OID21136,PID2084,A101,EMP1017,C1053,2021-07-19,1,1783,1783
OID21138,PID2098,A102,EMP1006,C1274,2021-10-01,3,1178,3534
OID21139,PID2069,A133,EMP1012,C1657,2021-02-19,3,378,1134
OID21140,PID2067,A113,EMP1030,C1048,2021-03-12,4,1119,4476
OID21144,PID2068,A114,EMP1026,C1344,2021-07-29,3,1500,4500
OID21147,PID2086,A137,EMP1022,C1576,2021-01-01,1,123,123
OID21150,PID2036,A140,EMP1040,C1084,2021-06-26,2,1582,3164
OID21151,PID2021,A168,EMP1015,C1721,2021-04-30,1,217,217
OID21152,PID2078,A119,EMP1000,C1369,2021-09-03,1,1798,1798
OID21155,PID2073,A105,EMP1002,C1764,2021-07-19,1,95,95
OID21157,PID2030,A150,EMP1029,C1729,2021-08-27,4,1899,7596
OID21158,PID2033,A110,EMP1013,C1273,2021-10-30,2,2182,4364
OID21162,PID2026,A100,EMP1019,C1246,2021-11-27,1,947,947
OID21165,PID2050,A111,EMP1010,C1292,2021-05-02,1,2391,2391
OID21168,PID2086,A103,EMP1018,C1334,2021-03-11,1,123,123
OID21171,PID2046,A107,EMP1015,C1263,2021-07-15,1,2410,2410
OID21175,PID2083,A153,EMP1002,C1759,2021-05-07,1,2141,2141
OID21177,PID2083,A151,EMP1035,C1144,2021-04-04,2,2141,4282
OID21180,PID2096,A148,EMP1001,C1392,2021-12-24,1,1587,1587
OID21182,PID2086,A104,EMP1009,C1540,2021-09-10,1,123,123
OID21183,PID2039,A115,EMP1044,C1132,2021-07-23,1,817,817
OID21184,PID2026,A126,EMP1023,C1604,2021-06-08,1,947,947
OID21187,PID2070,A150,EMP1032,C1723,2021-05-10,2,1671,3342
OID21191,PID2013,A161,EMP1032,C1494,2021-03-24,3,368,1104
OID21196,PID2062,A107,EMP1038,C1325,2021-11-17,4,2464,9856
OID21197,PID2061,A131,EMP1040,C1456,2021-03-11,1,913,913
OID21199,PID2062,A101,EMP1021,C1427,2021-06-19,1,2464,2464
OID21200,PID2043,A106,EMP1024,C1429,2021-06-23,1,545,545
OID21208,PID2091,A125,EMP1001,C1754,2021-09-25,1,368,368
OID21209,PID2010,A159,EMP1024,C1539,2021-02-10,1,1812,1812
OID21210,PID2069,A143,EMP1039,C1337,2021-02-07,1,378,378
OID21211,PID2054,A144,EMP1024,C1426,2021-04-10,1,127,127
OID21212,PID2064,A152,EMP1044,C1461,2021-08-27,4,1414,5656
OID21216,PID2007,A106,EMP1041,C1064,2021-02-17,1,1405,1405
OID21218,PID2054,A100,EMP1014,C1593,2021-04-08,3,127,381
OID21229,PID2089,A105,EMP1016,C1188,2021-01-18,3,2294,6882
OID21231,PID2019,A164,EMP1021,C1173,2021-02-24,3,800,2400
OID21235,PID2061,A165,EMP1037,C1110,2021-07-02,1,913,913
OID21237,PID2001,A167,EMP1032,C1369,2021-02-21,4,951,3804
OID21240,PID2079,A173,EMP1004,C1112,2021-10-09,1,1725,1725
OID21252,PID2063,A106,EMP1043,C1493,2021-06-09,3,1708,5124
OID21253,PID2035,A137,EMP1027,C1296,2021-04-24,3,458,1374
OID21254,PID2048,A148,EMP1037,C1747,2021-10-26,1,502,502
OID21264,PID2044,A148,EMP1013,C1159,2021-04-28,3,886,2658
OID21272,PID2057,A168,EMP1004,C1542,2021-11-27,4,181,724
OID21274,PID2087,A143,EMP1008,C1365,2021-08-26,2,1022,2044
OID21275,PID2027,A139,EMP1025,C1246,2021-02-24,4,2497,9988
OID21278,PID2001,A147,EMP1037,C1689,2021-08-23,2,951,1902
OID21284,PID2080,A162,EMP1016,C1698,2021-08-20,2,2353,4706
OID21285,PID2042,A104,EMP1038,C1794,2021-05-04,1,203,203
OID21296,PID2093,A167,EMP1044,C1645,2021-01-28,2,112,224
OID21297,PID2048,A138,EMP1034,C1203,2021-04-20,1,502,502
OID21298,PID2076,A114,EMP1018,C1529,2021-05-17,2,1522,3044
OID21303,PID2081,A149,EMP1041,C1243,2021-01-07,2,1566,3132
OID21306,PID2002,A150,EMP1025,C1445,2021-11-01,4,847,3388
OID21309,PID2057,A142,EMP1024,C1066,2021-05-23,4,181,724
OID21311,PID2039,A124,EMP1027,C1410,2021-11-20,4,817,3268
OID21318,PID2070,A127,EMP1014,C1688,2021-05-26,2,1671,3342
OID21319,PID2043,A132,EMP1040,C1395,2021-07-28,1,545,545
OID21322,PID2024,A145,EMP1002,C1250,2021-02-21,1,356,356
OID21327,PID2077,A154,EMP1010,C1583,2021-12-12,4,530,2120
OID21328,PID2010,A170,EMP1041,C1243,2021-11-05,1,1812,1812
OID21331,PID2020,A119,EMP1007,C1539,2021-11-22,1,2005,2005
OID21333,PID2061,A115,EMP1013,C1309,2021-07-31,1,913,913
OID21335,PID2100,A154,EMP1036,C1769,2021-02-25,1,799,799
OID21339,PID2031,A122,EMP1037,C1235,2021-05-19,4,1638,6552
OID21340,PID2079,A129,EMP1003,C1014,2021-04-08,3,1725,5175
OID21341,PID2021,A147,EMP1034,C1400,2021-04-15,1,217,217
OID21342,PID2033,A104,EMP1014,C1024,2021-12-29,3,2182,6546
OID21343,PID2100,A122,EMP1003,C1562,2021-02-27,2,799,1598
OID21344,PID2034,A115,EMP1044,C1268,2021-02-17,2,871,1742
OID21345,PID2001,A173,EMP1017,C1141,2021-10-28,4,951,3804
OID21347,PID2038,A165,EMP1013,C1698,2021-07-14,3,392,1176
OID21348,PID2037,A135,EMP1013,C1471,2021-10-08,1,880,880
OID21349,PID2059,A101,EMP1033,C1302,2021-06-03,1,1494,1494
OID21350,PID2028,A166,EMP1003,C1101,2021-03-13,2,2283,4566
OID21354,PID2095,A132,EMP1015,C1281,2021-12-06,1,1743,1743
OID21355,PID2086,A122,EMP1006,C1201,2021-07-23,2,123,246
OID21356,PID2036,A128,EMP1002,C1715,2021-07-28,1,1582,1582
OID21358,PID2036,A137,EMP1010,C1279,2021-10-01,1,1582,1582
OID21369,PID2015,A109,EMP1038,C1602,2021-05-12,4,637,2548
OID21370,PID2038,A167,EMP1027,C1664,2021-09-25,1,392,392
OID21371,PID2097,A110,EMP1008,C1306,2021-04-19,3,1052,3156
OID21372,PID2083,A144,EMP1016,C1648,2021-11-14,1,2141,2141
OID21373,PID2010,A101,EMP1037,C1765,2021-06-03,1,1812,1812
OID21374,PID2061,A160,EMP1019,C1138,2021-10-23,1,913,913
OID21375,PID2034,A165,EMP1035,C1596,2021-01-19,1,871,871
OID21377,PID2002,A115,EMP1014,C1032,2021-02-25,3,847,2541
OID21379,PID2007,A130,EMP1003,C1723,2021-03-04,1,1405,1405
OID21380,PID2085,A159,EMP1039,C1089,2021-11-23,1,1862,1862
OID21384,PID2065,A172,EMP1015,C1579,2021-02-13,2,2396,4792
OID21386,PID2092,A134,EMP1015,C1127,2021-04-15,1,1639,1639
OID21387,PID2058,A109,EMP1031,C1615,2021-03-24,1,2257,2257
OID21396,PID2068,A107,EMP1023,C1617,2021-09-24,2,1500,3000
OID21404,PID2023,A113,EMP1035,C1028,2021-09-24,3,818,2454
OID21405,PID2015,A146,EMP1030,C1285,2021-07-05,4,637,2548
OID21411,PID2035,A132,EMP1030,C1598,2021-09-04,1,458,458
OID21418,PID2094,A147,EMP1035,C1413,2021-07-29,1,771,771
OID21419,PID2042,A132,EMP1004,C1709,2021-11-18,2,203,406
OID21422,PID2053,A105,EMP1042,C1625,2021-11-16,1,596,596
OID21425,PID2052,A137,EMP1023,C1181,2021-09-07,3,1526,4578
OID21426,PID2054,A106,EMP1026,C1726,2021-06-22,1,127,127
OID21427,PID2019,A144,EMP1001,C1117,2021-06-17,1,800,800
OID21428,PID2053,A116,EMP1008,C1025,2021-10-05,2,596,1192
OID21431,PID2071,A155,EMP1021,C1156,2021-03-05,4,136,544
OID21435,PID2081,A116,EMP1030,C1024,2021-08-05,1,1566,1566
OID21437,PID2026,A123,EMP1008,C1488,2021-04-07,2,947,1894
OID21438,PID2077,A118,EMP1035,C1783,2021-12-16,1,530,530
OID21439,PID2093,A172,EMP1023,C1014,2021-07-25,1,112,112
OID21441,PID2047,A127,EMP1031,C1757,2021-10-30,2,290,580
OID21442,PID2033,A152,EMP1037,C1541,2021-08-31,1,2182,2182
OID21446,PID2033,A102,EMP1026,C1413,2021-10-04,1,2182,2182
OID21448,PID2045,A115,EMP1025,C1591,2021-10-30,3,556,1668
OID21456,PID2042,A127,EMP1031,C1674,2021-11-24,1,203,203
OID21459,PID2046,A140,EMP1031,C1549,2021-04-27,3,2410,7230
OID21461,PID2054,A162,EMP1033,C1516,2021-05-17,3,127,381
OID21462,PID2056,A124,EMP1023,C1738,2021-07-14,2,1635,3270
OID21463,PID2018,A101,EMP1025,C1439,2021-08-14,1,1972,1972
OID21464,PID2073,A170,EMP1027,C1581,2021-01-03,2,95,190
OID21472,PID2050,A161,EMP1031,C1488,2021-07-27,2,2391,4782
OID21474,PID2005,A124,EMP1041,C1126,2021-02-21,2,684,1368
OID21475,PID2029,A113,EMP1043,C1392,2021-02-20,1,1848,1848
OID21481,PID2081,A163,EMP1016,C1760,2021-12-01,4,1566,6264
OID21483,PID2009,A150,EMP1004,C1436,2021-12-30,2,584,1168
OID21484,PID2065,A146,EMP1028,C1192,2021-09-12,3,2396,7188
OID21486,PID2051,A160,EMP1005,C1442,2021-08-13,1,1077,1077
OID21487,PID2028,A154,EMP1017,C1677,2021-02-21,1,2283,2283
OID21488,PID2005,A111,EMP1036,C1615,2021-08-16,3,684,2052
OID21490,PID2067,A146,EMP1042,C1652,2021-01-05,1,1119,1119
OID21496,PID2063,A147,EMP1002,C1398,2021-06-14,1,1708,1708
OID21501,PID2030,A121,EMP1037,C1237,2021-09-05,2,1899,3798
OID21503,PID2039,A153,EMP1003,C1466,2021-02-28,2,817,1634
OID21506,PID2033,A156,EMP1021,C1370,2021-08-13,1,2182,2182
OID21507,PID2025,A148,EMP1042,C1563,2021-01-14,2,667,1334
OID21509,PID2078,A154,EMP1027,C1232,2021-08-26,1,1798,1798
OID21510,PID2026,A143,EMP1039,C1598,2021-01-11,3,947,2841
OID21514,PID2003,A149,EMP1032,C1562,2021-05-29,3,1783,5349
OID21516,PID2032,A170,EMP1017,C1688,2021-03-24,2,1967,3934
OID21517,PID2067,A172,EMP1011,C1408,2021-06-02,1,1119,1119
OID21518,PID2076,A104,EMP1033,C1316,2021-07-30,1,1522,1522
OID21524,PID2049,A156,EMP1016,C1099,2021-01-18,2,826,1652
OID21525,PID2053,A148,EMP1005,C1420,2021-03-25,2,596,1192
OID21527,PID2093,A100,EMP1023,C1484,2021-06-19,1,112,112
OID21532,PID2013,A107,EMP1034,C1732,2021-09-18,1,368,368
OID21533,PID2003,A108,EMP1036,C1434,2021-10-08,3,1783,5349
OID21534,PID2028,A112,EMP1039,C1568,2021-02-06,1,2283,2283
OID21544,PID2005,A136,EMP1007,C1212,2021-04-18,1,684,684
OID21545,PID2014,A100,EMP1015,C1197,2021-02-23,2,1809,3618
OID21546,PID2002,A143,EMP1038,C1057,2021-10-29,1,847,847
OID21548,PID2000,A151,EMP1041,C1043,2021-12-13,2,2241,4482
OID21550,PID2055,A116,EMP1002,C1734,2021-09-21,1,2495,2495
OID21551,PID2099,A149,EMP1006,C1157,2021-01-06,1,1367,1367
OID21552,PID2050,A108,EMP1038,C1312,2021-05-25,4,2391,9564
OID21553,PID2013,A150,EMP1026,C1313,2021-07-07,1,368,368
OID21555,PID2021,A156,EMP1005,C1511,2021-06-26,4,217,868
OID21557,PID2006,A161,EMP1024,C1660,2021-04-15,1,1826,1826
OID21558,PID2037,A142,EMP1028,C1378,2021-02-16,4,880,3520
OID21559,PID2051,A152,EMP1030,C1497,2021-10-24,1,1077,1077
OID21561,PID2066,A145,EMP1002,C1329,2021-06-11,1,2091,2091
OID21562,PID2011,A145,EMP1023,C1378,2021-06-22,3,530,1590
OID21574,PID2059,A163,EMP1010,C1730,2021-09-15,3,1494,4482
OID21579,PID2043,A100,EMP1043,C1350,2021-09-23,1,545,545
OID21584,PID2038,A157,EMP1038,C1119,2021-08-18,2,392,784
OID21585,PID2004,A161,EMP1000,C1382,2021-05-04,1,1278,1278
OID21590,PID2065,A123,EMP1015,C1340,2021-02-05,1,2396,2396
OID21591,PID2078,A111,EMP1022,C1137,2021-01-21,3,1798,5394
OID21603,PID2004,A131,EMP1009,C1466,2021-01-14,1,1278,1278
OID21604,PID2084,A152,EMP1001,C1328,2021-08-08,4,1783,7132
OID21608,PID2027,A161,EMP1012,C1121,2021-06-23,1,2497,2497
OID21611,PID2080,A171,EMP1013,C1749,2021-08-06,4,2353,9412
OID21612,PID2051,A145,EMP1025,C1235,2021-04-26,1,1077,1077
OID21625,PID2093,A143,EMP1034,C1565,2021-08-20,1,112,112
OID21626,PID2040,A163,EMP1011,C1637,2021-11-25,3,1889,5667
OID21629,PID2000,A132,EMP1004,C1614,2021-03-12,1,2241,2241
OID21630,PID2048,A115,EMP1009,C1654,2021-03-20,3,502,1506
OID21636,PID2016,A165,EMP1038,C1279,2021-08-30,1,1351,1351
OID21638,PID2057,A156,EMP1042,C1209,2021-07-11,1,181,181
OID21642,PID2083,A158,EMP1024,C1036,2021-04-21,3,2141,6423
OID21643,PID2088,A151,EMP1003,C1501,2021-03-23,1,603,603
OID21648,PID2010,A101,EMP1020,C1173,2021-10-03,3,1812,5436
OID21649,PID2073,A129,EMP1035,C1600,2021-04-05,3,95,285
OID21650,PID2064,A120,EMP1004,C1001,2021-07-16,2,1414,2828
OID21651,PID2071,A118,EMP1018,C1699,2021-11-11,2,136,272
OID21652,PID2051,A129,EMP1007,C1648,2021-10-01,2,1077,2154
OID21653,PID2078,A173,EMP1023,C1030,2021-08-10,2,1798,3596
OID21655,PID2098,A137,EMP1034,C1396,2021-02-23,3,1178,3534
OID21658,PID2051,A152,EMP1009,C1746,2021-09-11,2,1077,2154
OID21659,PID2086,A103,EMP1025,C1124,2021-02-04,1,123,123
OID21666,PID2057,A138,EMP1043,C1545,2021-12-02,2,181,362
OID21669,PID2055,A141,EMP1036,C1606,2021-03-21,1,2495,2495
OID21680,PID2000,A111,EMP1005,C1470,2021-11-01,1,2241,2241
OID21686,PID2043,A125,EMP1021,C1424,2021-02-20,1,545,545
OID21690,PID2030,A172,EMP1012,C1606,2021-05-01,3,1899,5697
OID21693,PID2016,A159,EMP1008,C1040,2021-10-21,1,1351,1351
OID21695,PID2060,A159,EMP1009,C1410,2021-12-29,1,1467,1467
OID21696,PID2004,A151,EMP1011,C1096,2021-05-09,3,1278,3834
OID21700,PID2009,A145,EMP1029,C1367,2021-08-14,1,584,584
OID21702,PID2045,A106,EMP1010,C1036,2021-03-29,4,556,2224
OID21704,PID2094,A152,EMP1028,C1727,2021-06-02,1,771,771
OID21707,PID2081,A131,EMP1028,C1171,2021-08-23,3,1566,4698
OID21710,PID2054,A116,EMP1014,C1440,2021-10-07,2,127,254
OID21711,PID2091,A167,EMP1030,C1619,2021-01-04,1,368,368
OID21712,PID2099,A124,EMP1018,C1180,2021-01-17,1,1367,1367
OID21715,PID2076,A132,EMP1036,C1304,2021-10-24,1,1522,1522
OID21718,PID2061,A163,EMP1035,C1734,2021-01-03,1,913,913
OID21721,PID2071,A163,EMP1028,C1012,2021-01-31,4,136,544
OID21723,PID2098,A100,EMP1024,C1531,2021-03-15,3,1178,3534
OID21724,PID2022,A128,EMP1040,C1070,2021-08-03,2,561,1122
OID21726,PID2096,A115,EMP1016,C1715,2021-01-27,1,1587,1587
OID21730,PID2077,A153,EMP1032,C1222,2021-08-18,1,530,530
OID21731,PID2065,A127,EMP1002,C1117,2021-03-27,1,2396,2396
OID21732,PID2076,A124,EMP1031,C1555,2021-09-13,1,1522,1522
OID21733,PID2091,A128,EMP1022,C1219,2021-07-04,1,368,368
OID21734,PID2094,A127,EMP1041,C1644,2021-04-18,1,771,771
OID21735,PID2057,A108,EMP1016,C1473,2021-11-10,1,181,181
OID21736,PID2098,A116,EMP1014,C1426,2021-09-10,4,1178,4712
OID21743,PID2051,A148,EMP1020,C1092,2021-07-22,1,1077,1077
OID21747,PID2067,A103,EMP1011,C1086,2021-08-08,1,1119,1119
OID21752,PID2054,A162,EMP1004,C1346,2021-05-15,2,127,254
OID21758,PID2015,A115,EMP1021,C1447,2021-03-30,1,637,637
OID21762,PID2071,A145,EMP1014,C1236,2021-06-05,1,136,136
OID21766,PID2049,A161,EMP1016,C1412,2021-08-11,1,826,826
OID21782,PID2004,A145,EMP1021,C1727,2021-02-02,2,1278,2556
OID21786,PID2058,A108,EMP1040,C1153,2021-10-06,3,2257,6771
OID21789,PID2083,A116,EMP1014,C1641,2021-07-28,3,2141,6423
OID21792,PID2007,A141,EMP1040,C1104,2021-03-04,1,1405,1405
OID21799,PID2038,A119,EMP1027,C1354,2021-01-07,2,392,784
OID21801,PID2035,A137,EMP1022,C1682,2021-01-11,1,458,458
OID21803,PID2099,A131,EMP1033,C1764,2021-09-09,1,1367,1367
OID21804,PID2041,A112,EMP1042,C1061,2021-09-07,1,1380,1380
OID21807,PID2100,A141,EMP1033,C1702,2021-07-16,1,799,799
OID21811,PID2054,A103,EMP1039,C1634,2021-08-31,1,127,127
OID21812,PID2019,A117,EMP1034,C1419,2021-09-08,3,800,2400
OID21815,PID2085,A170,EMP1002,C1063,2021-07-10,1,1862,1862
OID21817,PID2050,A100,EMP1012,C1251,2021-03-10,1,2391,2391
OID21827,PID2073,A119,EMP1024,C1066,2021-06-07,1,95,95
OID21832,PID2097,A117,EMP1024,C1769,2021-09-05,3,1052,3156
OID21839,PID2019,A156,EMP1024,C1487,2021-12-01,1,800,800
OID21844,PID2056,A134,EMP1036,C1769,2021-12-27,3,1635,4905
OID21846,PID2043,A126,EMP1037,C1318,2021-04-04,3,545,1635
OID21848,PID2074,A101,EMP1016,C1489,2021-11-14,4,504,2016
OID21849,PID2033,A172,EMP1034,C1513,2021-05-22,3,2182,6546
OID21850,PID2084,A126,EMP1022,C1472,2021-03-30,2,1783,3566
OID21858,PID2020,A159,EMP1014,C1481,2021-09-22,1,2005,2005
OID21859,PID2009,A117,EMP1023,C1146,2021-09-21,2,584,1168
OID21861,PID2061,A136,EMP1007,C1598,2021-10-23,3,913,2739
OID21867,PID2062,A154,EMP1014,C1007,2021-04-21,3,2464,7392
OID21871,PID2056,A154,EMP1001,C1092,2021-03-03,2,1635,3270
OID21876,PID2088,A132,EMP1004,C1134,2021-10-24,1,603,603
OID21877,PID2037,A156,EMP1024,C1270,2021-08-09,1,880,880
OID21879,PID2063,A146,EMP1030,C1723,2021-05-17,1,1708,1708
OID21881,PID2046,A127,EMP1018,C1741,2021-03-15,1,2410,2410
OID21882,PID2012,A107,EMP1026,C1774,2021-03-04,1,1353,1353
OID21885,PID2092,A144,EMP1017,C1075,2021-01-06,2,1639,3278
OID21889,PID2033,A163,EMP1014,C1297,2021-12-09,4,2182,8728
OID21890,PID2021,A163,EMP1030,C1580,2021-12-09,1,217,217
OID21893,PID2039,A104,EMP1010,C1662,2021-09-08,1,817,817
OID21894,PID2003,A141,EMP1006,C1405,2021-04-12,1,1783,1783
OID21896,PID2067,A156,EMP1044,C1282,2021-12-04,1,1119,1119
OID21900,PID2080,A120,EMP1037,C1089,2021-01-05,2,2353,4706
OID21901,PID2046,A104,EMP1027,C1572,2021-03-08,3,2410,7230
OID21902,PID2075,A102,EMP1022,C1719,2021-11-17,1,400,400
OID21904,PID2010,A114,EMP1038,C1326,2021-06-16,4,1812,7248
OID21908,PID2018,A109,EMP1030,C1141,2021-04-01,3,1972,5916
OID21912,PID2058,A116,EMP1022,C1267,2021-06-08,1,2257,2257
OID21913,PID2028,A140,EMP1028,C1459,2021-11-08,2,2283,4566
OID21917,PID2072,A115,EMP1032,C1700,2021-02-11,4,1887,7548
OID21918,PID2009,A160,EMP1022,C1266,2021-02-26,1,584,584
OID21919,PID2081,A101,EMP1015,C1413,2021-09-15,1,1566,1566
OID21921,PID2007,A102,EMP1004,C1414,2021-06-25,1,1405,1405
OID21929,PID2036,A113,EMP1026,C1003,2021-11-02,3,1582,4746
OID21930,PID2037,A153,EMP1026,C1434,2021-03-30,1,880,880
OID21933,PID2081,A121,EMP1024,C1647,2021-11-28,2,1566,3132
OID21934,PID2002,A167,EMP1017,C1403,2021-01-21,2,847,1694
OID21935,PID2043,A154,EMP1026,C1065,2021-03-16,2,545,1090
OID21939,PID2085,A158,EMP1024,C1362,2021-10-26,2,1862,3724
OID21941,PID2069,A100,EMP1005,C1455,2021-01-20,1,378,378
OID21945,PID2021,A131,EMP1036,C1793,2021-07-20,1,217,217
OID21946,PID2095,A124,EMP1012,C1783,2021-02-18,1,1743,1743
OID21948,PID2019,A161,EMP1007,C1552,2021-11-11,3,800,2400
OID21960,PID2051,A128,EMP1033,C1525,2021-03-30,1,1077,1077
OID21968,PID2012,A130,EMP1031,C1550,2021-12-09,1,1353,1353
OID21973,PID2007,A109,EMP1036,C1572,2021-06-05,2,1405,2810
OID21974,PID2012,A168,EMP1021,C1693,2021-11-06,3,1353,4059
OID21977,PID2065,A100,EMP1015,C1467,2021-07-08,1,2396,2396
OID21980,PID2050,A159,EMP1038,C1069,2021-07-14,1,2391,2391
OID21981,PID2093,A168,EMP1037,C1317,2021-07-20,1,112,112
OID21982,PID2064,A144,EMP1004,C1028,2021-01-14,4,1414,5656
OID21983,PID2075,A168,EMP1041,C1479,2021-07-02,1,400,400
OID21984,PID2009,A145,EMP1043,C1722,2021-08-22,3,584,1752
OID21985,PID2073,A135,EMP1041,C1563,2021-09-26,3,95,285
OID21989,PID2094,A155,EMP1010,C1379,2021-09-30,1,771,771
OID21992,PID2043,A130,EMP1031,C1583,2021-07-18,1,545,545
OID21994,PID2000,A129,EMP1038,C1507,2021-07-07,2,2241,4482
OID21995,PID2074,A133,EMP1008,C1555,2021-05-30,1,504,504
OID21997,PID2045,A141,EMP1009,C1652,2021-08-29,3,556,1668
OID22004,PID2028,A133,EMP1016,C1263,2021-03-18,2,2283,4566
OID22008,PID2053,A120,EMP1009,C1757,2021-07-09,2,596,1192
OID22011,PID2078,A114,EMP1023,C1020,2021-01-19,1,1798,1798
OID22013,PID2013,A169,EMP1017,C1761,2021-04-28,1,368,368
OID22014,PID2096,A139,EMP1030,C1706,2021-12-11,3,1587,4761
OID22015,PID2096,A124,EMP1007,C1424,2021-02-23,1,1587,1587
OID22016,PID2100,A131,EMP1005,C1557,2021-08-22,3,799,2397
OID22017,PID2045,A106,EMP1033,C1446,2021-11-19,3,556,1668
OID22018,PID2027,A165,EMP1015,C1665,2021-11-06,1,2497,2497
OID22020,PID2032,A104,EMP1003,C1656,2021-06-22,2,1967,3934
OID22025,PID2095,A102,EMP1023,C1529,2021-05-12,1,1743,1743
OID22027,PID2061,A156,EMP1025,C1717,2021-09-24,2,913,1826
OID22033,PID2042,A152,EMP1012,C1607,2021-04-09,3,203,609
OID22041,PID2070,A149,EMP1007,C1740,2021-02-20,1,1671,1671
OID22043,PID2044,A161,EMP1013,C1507,2021-10-22,1,886,886
OID22044,PID2003,A155,EMP1023,C1798,2021-02-09,2,1783,3566
OID22045,PID2063,A138,EMP1038,C1461,2021-06-04,1,1708,1708
OID22048,PID2005,A130,EMP1044,C1268,2021-01-03,3,684,2052
OID22049,PID2097,A165,EMP1032,C1100,2021-08-31,1,1052,1052
OID22064,PID2039,A134,EMP1013,C1636,2021-03-28,4,817,3268
OID22065,PID2024,A171,EMP1000,C1770,2021-05-01,3,356,1068
OID22068,PID2050,A106,EMP1035,C1277,2021-12-29,1,2391,2391
OID22069,PID2099,A146,EMP1011,C1125,2021-10-02,2,1367,2734
OID22074,PID2041,A170,EMP1024,C1732,2021-01-28,1,1380,1380
OID22076,PID2031,A124,EMP1025,C1458,2021-03-15,4,1638,6552
OID22077,PID2030,A113,EMP1005,C1142,2021-07-28,2,1899,3798
OID22080,PID2079,A171,EMP1002,C1281,2021-05-06,1,1725,1725
OID22082,PID2077,A156,EMP1029,C1310,2021-12-15,1,530,530
OID22085,PID2026,A132,EMP1000,C1211,2021-01-14,1,947,947
OID22092,PID2069,A149,EMP1010,C1549,2021-08-25,1,378,378
OID22093,PID2091,A150,EMP1033,C1778,2021-11-10,2,368,736
OID22094,PID2010,A137,EMP1001,C1150,2021-02-26,1,1812,1812
OID22095,PID2011,A164,EMP1041,C1407,2021-01-11,1,530,530
OID22097,PID2098,A166,EMP1044,C1392,2021-05-10,3,1178,3534
OID22098,PID2011,A131,EMP1041,C1685,2021-02-07,3,530,1590
OID22100,PID2034,A116,EMP1030,C1659,2021-02-06,1,871,871
OID22101,PID2090,A106,EMP1040,C1795,2021-08-29,1,1338,1338
OID22104,PID2025,A140,EMP1006,C1273,2021-09-25,1,667,667
OID22105,PID2066,A166,EMP1016,C1675,2021-06-20,2,2091,4182
OID22106,PID2017,A121,EMP1003,C1651,2021-12-29,2,35,70
OID22107,PID2065,A132,EMP1044,C1530,2021-10-16,3,2396,7188
OID22109,PID2007,A166,EMP1004,C1530,2021-06-27,4,1405,5620
OID22111,PID2040,A109,EMP1028,C1607,2021-09-26,3,1889,5667
OID22112,PID2073,A141,EMP1040,C1219,2021-03-29,1,95,95
OID22114,PID2023,A127,EMP1041,C1621,2021-08-15,4,818,3272
OID22117,PID2089,A170,EMP1029,C1364,2021-04-27,1,2294,2294
OID22119,PID2068,A151,EMP1006,C1018,2021-01-28,1,1500,1500
OID22120,PID2018,A152,EMP1002,C1434,2021-03-08,4,1972,7888
OID22125,PID2094,A171,EMP1001,C1390,2021-07-21,1,771,771
OID22126,PID2083,A132,EMP1017,C1019,2021-12-03,4,2141,8564
OID22128,PID2092,A170,EMP1005,C1418,2021-06-05,2,1639,3278
OID22131,PID2049,A116,EMP1032,C1338,2021-05-18,1,826,826
OID22133,PID2046,A123,EMP1013,C1012,2021-06-30,2,2410,4820
OID22135,PID2002,A138,EMP1039,C1430,2021-12-28,2,847,1694
OID22139,PID2051,A108,EMP1008,C1318,2021-12-18,1,1077,1077
OID22143,PID2068,A120,EMP1040,C1134,2021-01-12,3,1500,4500
OID22146,PID2089,A169,EMP1014,C1490,2021-02-27,1,2294,2294
OID22149,PID2011,A153,EMP1001,C1230,2021-05-23,4,530,2120
OID22152,PID2030,A114,EMP1019,C1428,2021-03-05,1,1899,1899
OID22153,PID2067,A154,EMP1018,C1094,2021-11-10,1,1119,1119
OID22154,PID2075,A118,EMP1003,C1341,2021-09-01,4,400,1600
OID22163,PID2029,A102,EMP1004,C1390,2021-04-08,4,1848,7392
OID22167,PID2028,A157,EMP1018,C1326,2021-09-08,4,2283,9132
OID22174,PID2025,A126,EMP1042,C1252,2021-10-08,1,667,667
OID22182,PID2100,A125,EMP1022,C1311,2021-10-24,3,799,2397
OID22184,PID2045,A164,EMP1040,C1403,2021-09-07,1,556,556
OID22186,PID2015,A115,EMP1001,C1288,2021-03-30,3,637,1911
OID22190,PID2020,A106,EMP1024,C1036,2021-12-11,1,2005,2005
OID22193,PID2069,A131,EMP1029,C1066,2021-05-29,1,378,378
OID22198,PID2029,A154,EMP1043,C1513,2021-08-02,1,1848,1848
OID22206,PID2021,A171,EMP1010,C1488,2021-11-27,1,217,217
OID22207,PID2037,A105,EMP1044,C1337,2021-02-09,2,880,1760
OID22209,PID2078,A169,EMP1013,C1732,2021-10-18,3,1798,5394
OID22211,PID2072,A160,EMP1009,C1691,2021-12-30,2,1887,3774
OID22214,PID2005,A123,EMP1037,C1772,2021-04-17,1,684,684
OID22216,PID2015,A109,EMP1043,C1787,2021-04-22,1,637,637
OID22219,PID2000,A103,EMP1022,C1237,2021-12-27,3,2241,6723
OID22220,PID2088,A106,EMP1002,C1329,2021-04-24,3,603,1809
OID22221,PID2039,A161,EMP1039,C1092,2021-07-28,1,817,817
OID22224,PID2085,A125,EMP1026,C1181,2021-07-23,1,1862,1862
OID22225,PID2011,A135,EMP1035,C1777,2021-06-25,3,530,1590
OID22226,PID2059,A157,EMP1043,C1460,2021-12-21,1,1494,1494
OID22228,PID2005,A157,EMP1024,C1203,2021-03-20,1,684,684
OID22230,PID2008,A122,EMP1028,C1614,2021-01-15,1,315,315
OID22233,PID2036,A142,EMP1036,C1335,2021-03-30,3,1582,4746
OID22234,PID2023,A164,EMP1016,C1401,2021-08-27,1,818,818
OID22240,PID2026,A168,EMP1021,C1532,2021-04-11,2,947,1894
OID22242,PID2082,A130,EMP1042,C1501,2021-06-04,1,1103,1103
OID22243,PID2054,A173,EMP1019,C1104,2021-12-10,4,127,508
OID22246,PID2040,A145,EMP1006,C1569,2021-09-09,1,1889,1889
OID22248,PID2097,A158,EMP1007,C1401,2021-08-20,1,1052,1052
OID22250,PID2045,A122,EMP1032,C1202,2021-04-16,1,556,556
OID22254,PID2040,A147,EMP1008,C1326,2021-07-30,1,1889,1889
OID22256,PID2032,A102,EMP1029,C1546,2021-12-10,2,1967,3934
OID22257,PID2049,A113,EMP1009,C1172,2021-08-13,1,826,826
OID22262,PID2030,A149,EMP1018,C1564,2021-11-02,3,1899,5697
OID22263,PID2058,A158,EMP1020,C1526,2021-07-08,4,2257,9028
OID22264,PID2060,A144,EMP1018,C1028,2021-11-28,1,1467,1467
OID22265,PID2070,A109,EMP1043,C1702,2021-06-28,1,1671,1671
OID22272,PID2023,A102,EMP1003,C1075,2021-11-14,4,818,3272
OID22275,PID2065,A154,EMP1009,C1742,2021-11-28,1,2396,2396
OID22276,PID2020,A114,EMP1004,C1702,2021-06-15,1,2005,2005
OID22280,PID2039,A111,EMP1002,C1474,2021-04-06,3,817,2451
OID22281,PID2083,A153,EMP1021,C1512,2021-06-05,2,2141,4282
OID22285,PID2003,A167,EMP1023,C1264,2021-01-20,1,1783,1783
OID22286,PID2038,A159,EMP1029,C1136,2021-11-11,2,392,784
OID22287,PID2024,A158,EMP1010,C1309,2021-01-07,1,356,356
OID22291,PID2068,A141,EMP1006,C1158,2021-06-24,1,1500,1500
OID22292,PID2073,A105,EMP1026,C1174,2021-10-16,1,95,95
OID22293,PID2073,A114,EMP1017,C1533,2021-10-16,2,95,190
OID22294,PID2023,A103,EMP1025,C1588,2021-10-21,2,818,1636
OID22298,PID2010,A160,EMP1018,C1591,2021-04-23,3,1812,5436
OID22301,PID2044,A148,EMP1018,C1693,2021-04-27,1,886,886
OID22302,PID2081,A162,EMP1034,C1781,2021-08-23,4,1566,6264
OID22305,PID2068,A100,EMP1007,C1134,2021-02-13,1,1500,1500
OID22308,PID2079,A108,EMP1018,C1639,2021-05-23,2,1725,3450
OID22312,PID2099,A102,EMP1006,C1629,2021-10-16,2,1367,2734
OID22313,PID2005,A109,EMP1003,C1687,2021-09-09,2,684,1368
OID22315,PID2036,A106,EMP1001,C1063,2021-10-15,2,1582,3164
OID22316,PID2019,A120,EMP1042,C1486,2021-02-08,2,800,1600
OID22317,PID2039,A144,EMP1034,C1716,2021-08-07,1,817,817
OID22318,PID2066,A160,EMP1027,C1289,2021-07-31,1,2091,2091
OID22324,PID2064,A138,EMP1027,C1397,2021-10-13,1,1414,1414
OID22325,PID2022,A101,EMP1016,C1678,2021-04-20,1,561,561
OID22326,PID2016,A126,EMP1016,C1112,2021-10-18,1,1351,1351
OID22328,PID2066,A104,EMP1043,C1444,2021-02-05,1,2091,2091
OID22329,PID2048,A117,EMP1000,C1734,2021-07-28,2,502,1004
OID22330,PID2061,A141,EMP1028,C1352,2021-01-16,3,913,2739
OID22337,PID2069,A103,EMP1039,C1363,2021-06-27,4,378,1512
OID22342,PID2099,A133,EMP1029,C1632,2021-10-13,2,1367,2734
OID22344,PID2026,A105,EMP1043,C1490,2021-10-20,1,947,947
OID22345,PID2045,A132,EMP1032,C1341,2021-03-28,2,556,1112
OID22348,PID2015,A138,EMP1031,C1275,2021-12-24,1,637,637
OID22349,PID2063,A136,EMP1023,C1512,2021-04-18,2,1708,3416
OID22350,PID2051,A148,EMP1012,C1210,2021-07-30,1,1077,1077
OID22357,PID2070,A169,EMP1020,C1448,2021-10-12,3,1671,5013
OID22360,PID2086,A141,EMP1044,C1519,2021-10-31,1,123,123
OID22362,PID2021,A154,EMP1015,C1191,2021-11-06,3,217,651
OID22364,PID2092,A111,EMP1040,C1009,2021-01-15,1,1639,1639
OID22366,PID2008,A133,EMP1009,C1479,2021-11-07,3,315,945
OID22367,PID2082,A134,EMP1019,C1047,2021-10-09,1,1103,1103
OID22368,PID2068,A130,EMP1031,C1061,2021-09-30,1,1500,1500
OID22369,PID2056,A140,EMP1036,C1414,2021-09-04,1,1635,1635
OID22372,PID2019,A162,EMP1007,C1674,2021-01-03,3,800,2400
OID22377,PID2045,A108,EMP1035,C1598,2021-04-17,1,556,556
OID22378,PID2095,A114,EMP1002,C1010,2021-08-06,1,1743,1743
OID22388,PID2074,A151,EMP1038,C1644,2021-08-25,1,504,504
OID22391,PID2005,A113,EMP1031,C1249,2021-07-11,1,684,684
OID22392,PID2054,A102,EMP1024,C1539,2021-06-09,3,127,381
OID22393,PID2083,A137,EMP1001,C1128,2021-03-26,1,2141,2141
OID22398,PID2083,A129,EMP1013,C1374,2021-08-07,2,2141,4282
OID22399,PID2074,A122,EMP1009,C1739,2021-11-16,1,504,504
OID22406,PID2031,A147,EMP1042,C1683,2021-11-15,1,1638,1638
OID22415,PID2081,A156,EMP1012,C1654,2021-08-25,2,1566,3132
OID22418,PID2017,A112,EMP1025,C1212,2021-04-18,1,35,35
OID22419,PID2067,A117,EMP1024,C1104,2021-03-25,4,1119,4476
OID22420,PID2100,A138,EMP1006,C1717,2021-09-17,1,799,799
OID22421,PID2026,A129,EMP1024,C1163,2021-06-27,2,947,1894
OID22422,PID2070,A170,EMP1027,C1330,2021-05-01,1,1671,1671
OID22423,PID2089,A133,EMP1030,C1460,2021-11-02,2,2294,4588
OID22424,PID2023,A130,EMP1006,C1128,2021-07-08,3,818,2454
OID22426,PID2080,A127,EMP1021,C1202,2021-01-04,2,2353,4706
OID22435,PID2074,A139,EMP1002,C1659,2021-11-30,1,504,504
OID22436,PID2047,A154,EMP1044,C1026,2021-11-29,1,290,290
OID22438,PID2029,A130,EMP1041,C1427,2021-06-15,1,1848,1848
OID22441,PID2083,A125,EMP1042,C1221,2021-10-16,1,2141,2141
OID22445,PID2076,A131,EMP1038,C1011,2021-07-09,1,1522,1522
OID22450,PID2061,A137,EMP1033,C1162,2021-09-25,3,913,2739
OID22455,PID2063,A164,EMP1025,C1472,2021-09-16,3,1708,5124
OID22457,PID2096,A125,EMP1013,C1687,2021-03-24,1,1587,1587
OID22458,PID2035,A120,EMP1018,C1023,2021-01-25,1,458,458
OID22462,PID2095,A145,EMP1027,C1582,2021-08-09,1,1743,1743
OID22465,PID2041,A150,EMP1001,C1348,2021-05-18,3,1380,4140
OID22467,PID2045,A162,EMP1036,C1463,2021-05-01,1,556,556
OID22468,PID2038,A131,EMP1004,C1709,2021-03-12,3,392,1176
OID22470,PID2054,A164,EMP1037,C1282,2021-11-10,4,127,508
OID22472,PID2089,A145,EMP1011,C1710,2021-08-08,1,2294,2294
OID22473,PID2003,A169,EMP1036,C1238,2021-09-02,2,1783,3566
OID22474,PID2032,A116,EMP1010,C1137,2021-12-18,4,1967,7868
OID22477,PID2062,A115,EMP1030,C1433,2021-01-11,4,2464,9856
OID22481,PID2061,A136,EMP1036,C1006,2021-08-01,1,913,913
OID22482,PID2094,A165,EMP1032,C1633,2021-02-23,2,771,1542
OID22483,PID2001,A148,EMP1022,C1645,2021-04-23,1,951,951
OID22485,PID2067,A110,EMP1042,C1679,2021-09-01,1,1119,1119
OID22486,PID2050,A129,EMP1011,C1497,2021-08-07,3,2391,7173
OID22487,PID2042,A100,EMP1021,C1411,2021-08-12,2,203,406
OID22492,PID2004,A108,EMP1033,C1454,2021-05-16,3,1278,3834
OID22495,PID2058,A167,EMP1023,C1159,2021-07-28,4,2257,9028
OID22497,PID2080,A130,EMP1041,C1537,2021-01-19,1,2353,2353
OID22500,PID2086,A130,EMP1004,C1495,2021-11-02,2,123,246
OID22504,PID2057,A151,EMP1032,C1683,2021-12-17,2,181,362
OID22509,PID2091,A105,EMP1023,C1624,2021-04-18,3,368,1104
OID22513,PID2014,A167,EMP1012,C1579,2021-01-23,3,1809,5427
OID22514,PID2094,A163,EMP1013,C1651,2021-11-20,2,771,1542
OID22515,PID2019,A125,EMP1037,C1194,2021-07-17,1,800,800
OID22518,PID2027,A123,EMP1042,C1142,2021-06-08,2,2497,4994
OID22522,PID2089,A122,EMP1000,C1024,2021-11-05,1,2294,2294
OID22523,PID2003,A170,EMP1003,C1479,2021-03-07,3,1783,5349
OID22524,PID2090,A156,EMP1022,C1560,2021-08-03,4,1338,5352
OID22525,PID2002,A119,EMP1000,C1534,2021-02-25,3,847,2541
OID22530,PID2003,A118,EMP1000,C1009,2021-07-07,2,1783,3566
OID22531,PID2023,A125,EMP1018,C1093,2021-07-15,4,818,3272
OID22550,PID2001,A124,EMP1012,C1062,2021-03-13,1,951,951
OID22554,PID2042,A161,EMP1009,C1654,2021-03-31,1,203,203
OID22556,PID2024,A119,EMP1025,C1314,2021-06-11,1,356,356
OID22557,PID2027,A107,EMP1044,C1537,2021-04-07,3,2497,7491
OID22559,PID2009,A160,EMP1004,C1414,2021-01-14,4,584,2336
OID22561,PID2066,A114,EMP1039,C1781,2021-05-19,2,2091,4182
OID22564,PID2061,A166,EMP1033,C1680,2021-07-18,1,913,913
OID22566,PID2061,A130,EMP1041,C1370,2021-05-30,1,913,913
OID22568,PID2011,A145,EMP1043,C1626,2021-06-03,1,530,530
OID22570,PID2013,A147,EMP1029,C1274,2021-10-28,4,368,1472
OID22577,PID2041,A162,EMP1022,C1476,2021-05-02,2,1380,2760
OID22578,PID2009,A159,EMP1016,C1224,2021-09-14,3,584,1752
OID22580,PID2060,A119,EMP1012,C1781,2021-01-19,1,1467,1467
OID22582,PID2100,A126,EMP1023,C1482,2021-09-26,2,799,1598
OID22584,PID2058,A119,EMP1034,C1095,2021-10-13,2,2257,4514
OID22588,PID2010,A149,EMP1042,C1540,2021-01-11,3,1812,5436
OID22592,PID2062,A108,EMP1037,C1211,2021-05-28,1,2464,2464
OID22593,PID2096,A125,EMP1033,C1686,2021-06-20,3,1587,4761
OID22598,PID2070,A128,EMP1016,C1524,2021-07-10,2,1671,3342
OID22601,PID2004,A133,EMP1005,C1188,2021-03-04,1,1278,1278
OID22603,PID2063,A137,EMP1022,C1307,2021-10-04,4,1708,6832
OID22606,PID2086,A137,EMP1022,C1633,2021-11-09,4,123,492
OID22609,PID2096,A133,EMP1002,C1451,2021-07-23,2,1587,3174
OID22615,PID2030,A147,EMP1031,C1333,2021-11-25,1,1899,1899
OID22627,PID2060,A119,EMP1033,C1265,2021-10-18,4,1467,5868
OID22628,PID2098,A141,EMP1009,C1782,2021-10-13,2,1178,2356
OID22629,PID2100,A104,EMP1008,C1736,2021-12-28,1,799,799
OID22631,PID2074,A121,EMP1040,C1205,2021-04-08,2,504,1008
OID22632,PID2041,A139,EMP1006,C1197,2021-11-02,3,1380,4140
OID22633,PID2039,A134,EMP1019,C1172,2021-02-20,1,817,817
OID22635,PID2043,A132,EMP1035,C1461,2021-06-18,1,545,545
OID22636,PID2041,A172,EMP1039,C1146,2021-02-25,1,1380,1380
OID22637,PID2041,A153,EMP1015,C1775,2021-03-27,3,1380,4140
OID22640,PID2041,A173,EMP1030,C1623,2021-07-29,1,1380,1380
OID22641,PID2032,A124,EMP1035,C1612,2021-06-19,2,1967,3934
OID22642,PID2032,A168,EMP1008,C1684,2021-12-07,1,1967,1967
OID22649,PID2066,A138,EMP1000,C1141,2021-09-11,3,2091,6273
OID22651,PID2066,A141,EMP1029,C1289,2021-10-05,2,2091,4182
OID22657,PID2028,A112,EMP1014,C1087,2021-08-03,2,2283,4566
OID22658,PID2085,A116,EMP1008,C1397,2021-06-08,1,1862,1862
OID22660,PID2072,A140,EMP1042,C1463,2021-08-02,1,1887,1887
OID22666,PID2049,A125,EMP1018,C1496,2021-06-20,3,826,2478
OID22669,PID2040,A111,EMP1042,C1284,2021-01-12,4,1889,7556
OID22670,PID2066,A173,EMP1009,C1169,2021-07-12,1,2091,2091
OID22672,PID2057,A130,EMP1024,C1362,2021-12-24,1,181,181
OID22678,PID2020,A160,EMP1025,C1586,2021-05-28,2,2005,4010
OID22689,PID2013,A146,EMP1037,C1233,2021-01-20,1,368,368
OID22691,PID2031,A120,EMP1027,C1055,2021-11-26,2,1638,3276
OID22698,PID2082,A125,EMP1002,C1484,2021-07-28,1,1103,1103
OID22700,PID2064,A149,EMP1019,C1743,2021-05-21,4,1414,5656
OID22710,PID2096,A141,EMP1012,C1452,2021-06-19,3,1587,4761
OID22712,PID2094,A109,EMP1008,C1795,2021-06-16,1,771,771
OID22713,PID2048,A138,EMP1031,C1153,2021-07-06,2,502,1004
OID22714,PID2011,A137,EMP1024,C1688,2021-03-14,4,530,2120
OID22716,PID2038,A113,EMP1011,C1275,2021-08-09,1,392,392
OID22717,PID2095,A140,EMP1019,C1774,2021-06-03,1,1743,1743
OID22718,PID2062,A113,EMP1042,C1237,2021-03-01,1,2464,2464
OID22719,PID2070,A154,EMP1015,C1715,2021-12-03,2,1671,3342
OID22720,PID2057,A150,EMP1028,C1634,2021-01-01,1,181,181
OID22721,PID2031,A112,EMP1001,C1577,2021-10-04,2,1638,3276
OID22723,PID2058,A158,EMP1036,C1149,2021-11-04,3,2257,6771
OID22724,PID2047,A113,EMP1026,C1013,2021-01-08,4,290,1160
OID22731,PID2078,A155,EMP1042,C1754,2021-01-05,1,1798,1798
OID22741,PID2074,A167,EMP1012,C1351,2021-02-07,2,504,1008
OID22743,PID2059,A170,EMP1002,C1285,2021-03-01,2,1494,2988
OID22745,PID2008,A157,EMP1001,C1708,2021-08-04,3,315,945
OID22748,PID2031,A115,EMP1030,C1040,2021-04-09,4,1638,6552
OID22753,PID2023,A122,EMP1014,C1643,2021-11-29,1,818,818
OID22755,PID2099,A144,EMP1017,C1541,2021-05-01,4,1367,5468
OID22758,PID2068,A161,EMP1008,C1343,2021-07-07,1,1500,1500
OID22759,PID2041,A112,EMP1028,C1623,2021-05-24,1,1380,1380
OID22761,PID2027,A152,EMP1035,C1239,2021-12-05,1,2497,2497
OID22762,PID2047,A107,EMP1027,C1079,2021-03-04,1,290,290
OID22767,PID2085,A152,EMP1003,C1481,2021-06-05,2,1862,3724
OID22769,PID2006,A139,EMP1027,C1798,2021-04-24,1,1826,1826
OID22775,PID2093,A129,EMP1017,C1389,2021-06-07,1,112,112
OID22780,PID2096,A160,EMP1027,C1429,2021-03-26,1,1587,1587
OID22784,PID2044,A144,EMP1032,C1100,2021-07-13,1,886,886
OID22799,PID2022,A110,EMP1027,C1457,2021-02-26,2,561,1122
OID22802,PID2025,A165,EMP1011,C1316,2021-09-25,2,667,1334
OID22806,PID2024,A133,EMP1020,C1299,2021-12-15,2,356,712
OID22808,PID2031,A170,EMP1037,C1338,2021-06-10,1,1638,1638
OID22812,PID2034,A164,EMP1003,C1666,2021-08-03,3,871,2613
OID22813,PID2012,A140,EMP1025,C1794,2021-04-05,3,1353,4059
OID22816,PID2046,A139,EMP1030,C1335,2021-12-05,1,2410,2410
OID22818,PID2034,A157,EMP1039,C1305,2021-12-15,1,871,871
OID22820,PID2025,A105,EMP1041,C1183,2021-03-06,2,667,1334
OID22822,PID2059,A129,EMP1024,C1029,2021-08-05,1,1494,1494
OID22824,PID2032,A140,EMP1038,C1285,2021-04-15,1,1967,1967
OID22828,PID2028,A133,EMP1011,C1360,2021-06-21,1,2283,2283
OID22829,PID2038,A167,EMP1005,C1519,2021-05-09,1,392,392
OID22831,PID2047,A122,EMP1022,C1002,2021-10-31,1,290,290
OID22839,PID2062,A146,EMP1044,C1254,2021-08-02,3,2464,7392
OID22842,PID2012,A172,EMP1039,C1081,2021-04-22,1,1353,1353
OID22846,PID2019,A122,EMP1021,C1001,2021-04-07,2,800,1600
OID22851,PID2066,A108,EMP1042,C1760,2021-10-15,3,2091,6273
OID22852,PID2095,A101,EMP1017,C1565,2021-11-15,3,1743,5229
OID22853,PID2064,A168,EMP1016,C1782,2021-07-13,4,1414,5656
OID22858,PID2017,A161,EMP1013,C1697,2021-03-22,4,35,140
OID22862,PID2016,A112,EMP1029,C1617,2021-12-30,3,1351,4053
OID22865,PID2085,A131,EMP1044,C1600,2021-05-09,1,1862,1862
OID22868,PID2068,A136,EMP1010,C1306,2021-05-10,3,1500,4500
OID22874,PID2040,A153,EMP1001,C1561,2021-11-20,2,1889,3778
OID22880,PID2032,A119,EMP1000,C1733,2021-12-17,4,1967,7868
OID22882,PID2052,A151,EMP1043,C1414,2021-12-22,4,1526,6104
OID22883,PID2022,A145,EMP1027,C1396,2021-02-28,4,561,2244
OID22887,PID2074,A171,EMP1033,C1468,2021-03-31,4,504,2016
OID22888,PID2013,A121,EMP1014,C1372,2021-01-03,1,368,368
OID22895,PID2016,A148,EMP1041,C1707,2021-11-20,1,1351,1351
OID22896,PID2052,A166,EMP1036,C1418,2021-04-01,1,1526,1526
OID22901,PID2085,A111,EMP1027,C1115,2021-06-13,1,1862,1862
OID22902,PID2096,A116,EMP1004,C1040,2021-02-17,1,1587,1587
OID22905,PID2025,A122,EMP1032,C1367,2021-06-14,2,667,1334
OID22906,PID2004,A100,EMP1043,C1543,2021-05-15,1,1278,1278
OID22911,PID2028,A107,EMP1012,C1284,2021-10-26,1,2283,2283
OID22912,PID2022,A131,EMP1022,C1145,2021-10-12,4,561,2244
OID22913,PID2012,A141,EMP1022,C1175,2021-01-23,2,1353,2706
OID22916,PID2017,A112,EMP1002,C1365,2021-10-11,3,35,105
OID22918,PID2040,A144,EMP1024,C1011,2021-11-24,1,1889,1889
OID22919,PID2059,A114,EMP1012,C1753,2021-09-08,1,1494,1494
OID22929,PID2036,A123,EMP1015,C1783,2021-07-10,1,1582,1582
OID22930,PID2088,A101,EMP1025,C1765,2021-03-06,1,603,603
OID22931,PID2060,A130,EMP1026,C1071,2021-09-03,2,1467,2934
OID22933,PID2015,A140,EMP1022,C1313,2021-02-19,1,637,637
OID22935,PID2003,A151,EMP1007,C1264,2021-11-27,2,1783,3566
OID22946,PID2046,A131,EMP1023,C1359,2021-06-20,4,2410,9640
OID22948,PID2077,A123,EMP1013,C1634,2021-03-05,2,530,1060
OID22950,PID2025,A146,EMP1006,C1546,2021-10-28,2,667,1334
OID22951,PID2027,A160,EMP1026,C1376,2021-06-13,4,2497,9988
OID22953,PID2036,A133,EMP1016,C1489,2021-12-07,3,1582,4746
OID22954,PID2070,A148,EMP1028,C1025,2021-11-25,1,1671,1671
OID22955,PID2021,A149,EMP1030,C1347,2021-03-09,1,217,217
OID22956,PID2051,A100,EMP1018,C1542,2021-01-18,1,1077,1077
OID22957,PID2077,A119,EMP1009,C1227,2021-04-28,1,530,530
OID22963,PID2083,A166,EMP1011,C1602,2021-08-06,1,2141,2141
OID22967,PID2043,A147,EMP1020,C1505,2021-07-04,1,545,545
OID22969,PID2078,A121,EMP1039,C1632,2021-02-02,1,1798,1798
OID22975,PID2007,A168,EMP1033,C1472,2021-06-16,1,1405,1405
OID22978,PID2029,A137,EMP1002,C1132,2021-04-02,4,1848,7392
OID22981,PID2014,A157,EMP1007,C1588,2021-02-01,1,1809,1809
OID22982,PID2086,A163,EMP1007,C1792,2021-01-22,1,123,123
OID22983,PID2093,A164,EMP1039,C1264,2021-01-02,4,112,448
OID22987,PID2100,A138,EMP1000,C1680,2021-07-17,1,799,799
OID22992,PID2048,A138,EMP1030,C1251,2021-11-01,1,502,502
OID22993,PID2040,A167,EMP1030,C1304,2021-03-05,1,1889,1889
OID22994,PID2024,A160,EMP1036,C1267,2021-05-03,1,356,356
OID23000,PID2031,A158,EMP1031,C1458,2021-08-08,4,1638,6552
OID23002,PID2001,A115,EMP1017,C1555,2021-09-18,3,951,2853
OID23005,PID2026,A173,EMP1005,C1107,2021-05-18,4,947,3788
OID23008,PID2021,A151,EMP1020,C1339,2021-08-05,1,217,217
OID23010,PID2041,A126,EMP1035,C1339,2021-03-10,1,1380,1380
OID23011,PID2030,A125,EMP1019,C1629,2021-04-14,3,1899,5697
OID23018,PID2002,A120,EMP1026,C1261,2021-04-11,3,847,2541
OID23021,PID2043,A130,EMP1039,C1646,2021-02-14,1,545,545
OID23027,PID2016,A112,EMP1007,C1095,2021-05-12,1,1351,1351
OID23030,PID2058,A173,EMP1017,C1788,2021-09-18,1,2257,2257
OID23032,PID2027,A167,EMP1020,C1622,2021-06-21,1,2497,2497
OID23033,PID2034,A107,EMP1022,C1660,2021-10-26,1,871,871
OID23036,PID2034,A153,EMP1001,C1160,2021-11-12,1,871,871
OID23037,PID2099,A149,EMP1031,C1357,2021-03-04,2,1367,2734
OID23043,PID2056,A108,EMP1043,C1133,2021-04-25,1,1635,1635
OID23044,PID2084,A120,EMP1007,C1014,2021-04-21,3,1783,5349
OID23047,PID2081,A108,EMP1043,C1533,2021-05-22,1,1566,1566
OID23053,PID2055,A116,EMP1041,C1633,2021-02-12,1,2495,2495
OID23057,PID2019,A101,EMP1008,C1163,2021-01-24,1,800,800
OID23061,PID2058,A106,EMP1013,C1759,2021-04-08,3,2257,6771
OID23062,PID2093,A142,EMP1003,C1498,2021-01-24,4,112,448
OID23065,PID2091,A146,EMP1017,C1097,2021-02-16,1,368,368
OID23066,PID2016,A139,EMP1042,C1467,2021-06-14,1,1351,1351
OID23069,PID2099,A104,EMP1007,C1663,2021-04-19,1,1367,1367
OID23071,PID2056,A123,EMP1038,C1000,2021-07-06,1,1635,1635
OID23073,PID2042,A150,EMP1003,C1711,2021-04-13,4,203,812
OID23074,PID2063,A150,EMP1044,C1554,2021-11-21,1,1708,1708
OID23080,PID2061,A154,EMP1037,C1407,2021-05-22,1,913,913
OID23081,PID2085,A134,EMP1030,C1690,2021-11-26,4,1862,7448
OID23087,PID2018,A102,EMP1035,C1710,2021-06-16,1,1972,1972
OID23089,PID2065,A108,EMP1002,C1232,2021-07-11,1,2396,2396
OID23092,PID2001,A149,EMP1004,C1733,2021-01-20,2,951,1902
OID23095,PID2016,A139,EMP1025,C1383,2021-11-28,1,1351,1351
OID23097,PID2020,A139,EMP1039,C1651,2021-05-15,2,2005,4010
OID23098,PID2044,A109,EMP1002,C1189,2021-08-09,1,886,886
OID23100,PID2020,A173,EMP1028,C1072,2021-10-20,3,2005,6015
OID23101,PID2017,A132,EMP1020,C1150,2021-06-21,1,35,35
OID23103,PID2057,A158,EMP1016,C1142,2021-10-05,1,181,181
OID23106,PID2029,A137,EMP1001,C1212,2021-05-02,2,1848,3696
OID23107,PID2087,A138,EMP1023,C1313,2021-01-19,1,1022,1022
OID23109,PID2079,A126,EMP1038,C1197,2021-10-15,1,1725,1725
OID23113,PID2054,A128,EMP1010,C1523,2021-12-09,1,127,127
OID23118,PID2043,A135,EMP1034,C1164,2021-12-29,1,545,545
OID23119,PID2021,A142,EMP1036,C1415,2021-09-22,3,217,651
OID23121,PID2000,A160,EMP1007,C1561,2021-12-13,1,2241,2241
OID23124,PID2078,A132,EMP1018,C1446,2021-05-30,1,1798,1798
OID23126,PID2014,A170,EMP1000,C1442,2021-06-07,1,1809,1809
OID23127,PID2091,A153,EMP1005,C1307,2021-11-06,1,368,368
OID23131,PID2057,A171,EMP1000,C1766,2021-09-27,1,181,181
OID23133,PID2045,A121,EMP1018,C1345,2021-05-30,2,556,1112
OID23134,PID2065,A109,EMP1017,C1627,2021-10-08,3,2396,7188
OID23135,PID2092,A149,EMP1031,C1643,2021-05-28,3,1639,4917
OID23136,PID2000,A123,EMP1024,C1762,2021-08-31,3,2241,6723
OID23138,PID2035,A150,EMP1017,C1404,2021-04-22,1,458,458
OID23139,PID2022,A159,EMP1038,C1439,2021-09-14,3,561,1683
OID23140,PID2000,A156,EMP1035,C1182,2021-10-12,1,2241,2241
OID23142,PID2007,A157,EMP1024,C1777,2021-07-31,1,1405,1405
OID23145,PID2057,A135,EMP1044,C1759,2021-09-23,1,181,181
OID23149,PID2095,A122,EMP1033,C1408,2021-02-08,2,1743,3486
OID23150,PID2012,A130,EMP1026,C1214,2021-03-07,4,1353,5412
OID23151,PID2067,A110,EMP1034,C1141,2021-08-14,1,1119,1119
OID23155,PID2065,A103,EMP1027,C1316,2021-09-04,3,2396,7188
OID23157,PID2000,A137,EMP1018,C1708,2021-07-12,2,2241,4482
OID23158,PID2056,A152,EMP1035,C1326,2021-02-17,1,1635,1635
OID23160,PID2083,A169,EMP1031,C1626,2021-05-08,1,2141,2141
OID23164,PID2028,A114,EMP1028,C1375,2021-01-16,1,2283,2283
OID23169,PID2024,A114,EMP1043,C1076,2021-05-04,1,356,356
OID23170,PID2062,A133,EMP1039,C1154,2021-02-24,1,2464,2464
OID23172,PID2046,A117,EMP1043,C1530,2021-06-14,2,2410,4820
OID23182,PID2071,A101,EMP1020,C1283,2021-08-05,1,136,136
OID23183,PID2071,A160,EMP1034,C1012,2021-08-13,3,136,408
OID23184,PID2077,A107,EMP1024,C1432,2021-12-31,1,530,530
OID23185,PID2009,A114,EMP1038,C1096,2021-07-25,1,584,584
OID23191,PID2057,A119,EMP1016,C1736,2021-10-27,3,181,543
OID23192,PID2030,A133,EMP1009,C1589,2021-11-23,1,1899,1899
OID23193,PID2054,A102,EMP1040,C1256,2021-11-03,2,127,254
OID23194,PID2042,A136,EMP1002,C1321,2021-04-27,1,203,203
OID23196,PID2098,A151,EMP1044,C1736,2021-05-25,1,1178,1178
OID23201,PID2015,A100,EMP1013,C1776,2021-10-04,1,637,637
OID23204,PID2015,A113,EMP1031,C1532,2021-07-16,3,637,1911
OID23205,PID2065,A103,EMP1028,C1537,2021-01-14,4,2396,9584
OID23207,PID2006,A172,EMP1044,C1580,2021-07-31,3,1826,5478
OID23208,PID2028,A102,EMP1021,C1642,2021-02-24,1,2283,2283
OID23210,PID2028,A117,EMP1040,C1530,2021-05-02,2,2283,4566
OID23212,PID2072,A110,EMP1032,C1204,2021-09-14,1,1887,1887
OID23214,PID2046,A161,EMP1031,C1595,2021-01-22,3,2410,7230
OID23220,PID2038,A167,EMP1020,C1586,2021-06-27,4,392,1568
OID23221,PID2021,A115,EMP1028,C1107,2021-05-31,1,217,217
OID23226,PID2074,A169,EMP1040,C1104,2021-10-17,1,504,504
OID23227,PID2077,A119,EMP1042,C1375,2021-06-19,1,530,530
OID23231,PID2059,A102,EMP1011,C1742,2021-06-01,1,1494,1494
OID23233,PID2091,A100,EMP1036,C1472,2021-11-28,1,368,368
OID23239,PID2017,A122,EMP1027,C1682,2021-05-18,2,35,70
OID23242,PID2011,A119,EMP1008,C1623,2021-06-26,2,530,1060
OID23243,PID2011,A132,EMP1043,C1119,2021-09-27,1,530,530
OID23244,PID2039,A173,EMP1022,C1534,2021-07-02,4,817,3268
OID23253,PID2042,A100,EMP1022,C1533,2021-08-18,1,203,203
OID23260,PID2083,A129,EMP1024,C1400,2021-01-06,2,2141,4282
OID23262,PID2037,A156,EMP1000,C1435,2021-10-04,1,880,880
OID23272,PID2088,A100,EMP1037,C1302,2021-05-03,2,603,1206
OID23273,PID2021,A114,EMP1004,C1238,2021-10-23,2,217,434
OID23275,PID2095,A122,EMP1043,C1722,2021-09-18,2,1743,3486
OID23276,PID2076,A164,EMP1034,C1273,2021-07-20,2,1522,3044
OID23281,PID2070,A142,EMP1002,C1673,2021-03-14,1,1671,1671
OID23290,PID2004,A120,EMP1023,C1226,2021-02-22,3,1278,3834
OID23298,PID2018,A163,EMP1024,C1045,2021-01-31,1,1972,1972
OID23299,PID2031,A167,EMP1015,C1022,2021-06-18,1,1638,1638
OID23303,PID2071,A172,EMP1005,C1378,2021-06-28,3,136,408
OID23304,PID2085,A143,EMP1034,C1205,2021-01-30,4,1862,7448
OID23307,PID2062,A158,EMP1023,C1778,2021-10-30,3,2464,7392
OID23308,PID2085,A159,EMP1024,C1248,2021-12-11,1,1862,1862
OID23315,PID2031,A152,EMP1000,C1717,2021-09-14,1,1638,1638
OID23317,PID2056,A168,EMP1013,C1059,2021-03-10,1,1635,1635
OID23318,PID2006,A120,EMP1007,C1660,2021-07-17,1,1826,1826
OID23322,PID2060,A110,EMP1038,C1217,2021-09-19,1,1467,1467
OID23323,PID2020,A168,EMP1031,C1791,2021-05-01,1,2005,2005
OID23324,PID2052,A142,EMP1004,C1157,2021-10-30,1,1526,1526
OID23325,PID2087,A164,EMP1035,C1145,2021-05-20,1,1022,1022
OID23332,PID2003,A148,EMP1032,C1779,2021-11-26,4,1783,7132
OID23336,PID2098,A158,EMP1039,C1191,2021-09-22,2,1178,2356
OID23338,PID2085,A113,EMP1041,C1343,2021-06-20,4,1862,7448
OID23339,PID2080,A100,EMP1014,C1014,2021-01-16,1,2353,2353
OID23341,PID2044,A121,EMP1023,C1372,2021-04-19,1,886,886
OID23343,PID2004,A131,EMP1009,C1328,2021-07-05,1,1278,1278
OID23344,PID2074,A123,EMP1002,C1537,2021-03-13,3,504,1512
OID23345,PID2016,A157,EMP1032,C1629,2021-04-25,1,1351,1351
OID23348,PID2046,A114,EMP1011,C1303,2021-10-15,2,2410,4820
OID23351,PID2034,A127,EMP1036,C1625,2021-02-23,3,871,2613
OID23354,PID2046,A166,EMP1041,C1460,2021-01-02,3,2410,7230
OID23363,PID2047,A142,EMP1022,C1581,2021-06-30,2,290,580
OID23368,PID2079,A117,EMP1033,C1685,2021-11-09,4,1725,6900
OID23371,PID2012,A136,EMP1000,C1556,2021-05-02,1,1353,1353
OID23372,PID2032,A165,EMP1035,C1204,2021-02-16,4,1967,7868
OID23374,PID2064,A148,EMP1036,C1074,2021-11-06,1,1414,1414
OID23378,PID2088,A158,EMP1007,C1569,2021-07-31,4,603,2412
OID23384,PID2002,A132,EMP1006,C1529,2021-07-27,1,847,847
OID23386,PID2041,A132,EMP1023,C1780,2021-05-12,1,1380,1380
OID23388,PID2029,A168,EMP1042,C1204,2021-07-28,3,1848,5544
OID23394,PID2039,A100,EMP1001,C1156,2021-04-02,1,817,817
OID23397,PID2003,A144,EMP1037,C1185,2021-02-01,1,1783,1783
OID23398,PID2057,A172,EMP1018,C1151,2021-01-25,3,181,543
OID23403,PID2026,A143,EMP1011,C1528,2021-09-02,1,947,947
OID23406,PID2033,A156,EMP1000,C1169,2021-05-25,2,2182,4364
OID23407,PID2031,A131,EMP1032,C1088,2021-10-10,1,1638,1638
OID23409,PID2027,A138,EMP1020,C1024,2021-04-17,4,2497,9988
OID23412,PID2039,A112,EMP1014,C1011,2021-02-18,4,817,3268
OID23417,PID2075,A108,EMP1021,C1656,2021-11-09,1,400,400
OID23424,PID2032,A160,EMP1001,C1482,2021-02-09,3,1967,5901
OID23427,PID2071,A108,EMP1030,C1334,2021-03-23,3,136,408
OID23430,PID2031,A165,EMP1043,C1790,2021-05-11,2,1638,3276
OID23431,PID2040,A139,EMP1024,C1443,2021-11-21,1,1889,1889
OID23435,PID2088,A107,EMP1031,C1454,2021-01-03,1,603,603
OID23437,PID2048,A104,EMP1019,C1509,2021-04-22,3,502,1506
OID23439,PID2062,A113,EMP1039,C1024,2021-06-13,1,2464,2464
OID23448,PID2049,A137,EMP1017,C1601,2021-06-28,1,826,826
OID23451,PID2040,A146,EMP1013,C1790,2021-08-01,4,1889,7556
OID23453,PID2081,A146,EMP1010,C1641,2021-01-25,1,1566,1566
OID23455,PID2079,A146,EMP1006,C1035,2021-11-05,1,1725,1725
OID23457,PID2057,A173,EMP1041,C1766,2021-10-21,3,181,543
OID23460,PID2037,A166,EMP1042,C1692,2021-05-21,1,880,880
OID23462,PID2001,A145,EMP1007,C1514,2021-08-16,2,951,1902
OID23467,PID2060,A105,EMP1044,C1059,2021-05-02,1,1467,1467
OID23469,PID2084,A129,EMP1028,C1493,2021-04-24,1,1783,1783
OID23470,PID2040,A163,EMP1027,C1440,2021-03-28,3,1889,5667
OID23473,PID2027,A150,EMP1023,C1658,2021-11-20,4,2497,9988
OID23475,PID2016,A156,EMP1020,C1597,2021-01-06,2,1351,2702
OID23476,PID2024,A105,EMP1023,C1687,2021-12-16,3,356,1068
OID23477,PID2027,A169,EMP1003,C1716,2021-12-05,3,2497,7491
OID23481,PID2065,A118,EMP1022,C1627,2021-02-22,1,2396,2396
OID23484,PID2052,A170,EMP1012,C1360,2021-03-17,2,1526,3052
OID23487,PID2025,A159,EMP1041,C1724,2021-10-19,1,667,667
OID23489,PID2060,A172,EMP1027,C1138,2021-09-05,1,1467,1467
OID23491,PID2029,A112,EMP1005,C1281,2021-05-27,4,1848,7392
OID23493,PID2049,A112,EMP1007,C1243,2021-09-13,3,826,2478
OID23497,PID2054,A172,EMP1026,C1531,2021-10-16,2,127,254
OID23499,PID2011,A162,EMP1036,C1671,2021-08-09,3,530,1590
OID23500,PID2034,A108,EMP1041,C1040,2021-10-04,2,871,1742
OID23504,PID2012,A140,EMP1028,C1077,2021-09-08,4,1353,5412
OID23513,PID2041,A123,EMP1028,C1461,2021-05-03,3,1380,4140
OID23515,PID2058,A122,EMP1025,C1743,2021-02-11,3,2257,6771
OID23520,PID2075,A154,EMP1030,C1523,2021-06-24,1,400,400
OID23522,PID2049,A142,EMP1001,C1643,2021-01-28,2,826,1652
OID23523,PID2009,A112,EMP1032,C1541,2021-09-16,1,584,584
OID23530,PID2026,A102,EMP1030,C1313,2021-10-26,1,947,947
OID23532,PID2037,A168,EMP1010,C1764,2021-03-06,1,880,880
OID23533,PID2000,A117,EMP1014,C1717,2021-02-19,1,2241,2241
OID23535,PID2006,A101,EMP1034,C1755,2021-04-04,2,1826,3652
OID23540,PID2028,A115,EMP1002,C1128,2021-12-30,1,2283,2283
OID23542,PID2069,A109,EMP1028,C1483,2021-06-06,2,378,756
OID23544,PID2011,A125,EMP1024,C1130,2021-05-08,3,530,1590
OID23545,PID2060,A113,EMP1000,C1360,2021-07-08,1,1467,1467
OID23549,PID2000,A133,EMP1020,C1230,2021-05-19,1,2241,2241
OID23553,PID2054,A159,EMP1040,C1176,2021-09-30,1,127,127
OID23558,PID2082,A129,EMP1021,C1460,2021-09-14,3,1103,3309
OID23564,PID2038,A103,EMP1013,C1321,2021-09-11,4,392,1568
OID23578,PID2073,A114,EMP1021,C1129,2021-02-02,1,95,95
OID23580,PID2060,A127,EMP1027,C1096,2021-12-04,1,1467,1467
OID23581,PID2076,A120,EMP1019,C1039,2021-07-08,1,1522,1522
OID23585,PID2025,A171,EMP1015,C1691,2021-05-17,1,667,667
OID23590,PID2024,A150,EMP1004,C1383,2021-04-19,1,356,356
OID23591,PID2020,A152,EMP1007,C1195,2021-04-02,2,2005,4010
OID23593,PID2020,A153,EMP1041,C1420,2021-07-12,3,2005,6015
OID23599,PID2004,A135,EMP1035,C1460,2021-12-25,4,1278,5112
OID23601,PID2095,A150,EMP1029,C1038,2021-11-27,1,1743,1743
OID23605,PID2011,A166,EMP1033,C1424,2021-04-05,1,530,530
OID23616,PID2023,A139,EMP1014,C1022,2021-05-03,3,818,2454
OID23618,PID2077,A133,EMP1041,C1338,2021-09-07,1,530,530
OID23620,PID2092,A102,EMP1001,C1450,2021-12-28,3,1639,4917
OID23624,PID2087,A133,EMP1040,C1289,2021-09-14,3,1022,3066
OID23630,PID2081,A162,EMP1037,C1346,2021-07-25,1,1566,1566
OID23631,PID2061,A166,EMP1004,C1294,2021-08-07,4,913,3652
OID23637,PID2041,A130,EMP1000,C1502,2021-07-31,3,1380,4140
OID23638,PID2059,A109,EMP1038,C1710,2021-06-02,3,1494,4482
OID23644,PID2020,A109,EMP1001,C1109,2021-11-30,1,2005,2005
OID23650,PID2064,A112,EMP1038,C1471,2021-10-23,1,1414,1414
OID23654,PID2052,A144,EMP1033,C1289,2021-12-04,3,1526,4578
OID23660,PID2055,A102,EMP1020,C1257,2021-09-27,1,2495,2495
OID23661,PID2054,A170,EMP1008,C1092,2021-03-03,1,127,127
OID23662,PID2049,A137,EMP1018,C1487,2021-06-21,3,826,2478
OID23664,PID2033,A101,EMP1032,C1180,2021-09-06,1,2182,2182
OID23666,PID2025,A172,EMP1009,C1408,2021-10-09,1,667,667
OID23667,PID2057,A161,EMP1040,C1579,2021-05-09,1,181,181
OID23671,PID2082,A106,EMP1019,C1234,2021-01-10,1,1103,1103
OID23672,PID2075,A100,EMP1038,C1597,2021-06-20,1,400,400
OID23674,PID2087,A137,EMP1029,C1677,2021-03-01,3,1022,3066
OID23677,PID2077,A113,EMP1034,C1656,2021-01-31,1,530,530
OID23680,PID2024,A143,EMP1007,C1344,2021-11-18,1,356,356
OID23681,PID2026,A119,EMP1030,C1115,2021-04-11,1,947,947
OID23686,PID2094,A138,EMP1016,C1722,2021-08-19,1,771,771
OID23688,PID2071,A146,EMP1032,C1613,2021-08-11,2,136,272
OID23689,PID2078,A119,EMP1040,C1614,2021-08-03,1,1798,1798
OID23691,PID2029,A163,EMP1009,C1440,2021-05-20,3,1848,5544
OID23692,PID2077,A109,EMP1042,C1206,2021-07-26,3,530,1590
OID23694,PID2056,A126,EMP1023,C1246,2021-02-03,4,1635,6540
OID23695,PID2067,A158,EMP1005,C1548,2021-09-14,3,1119,3357
OID23697,PID2033,A115,EMP1030,C1563,2021-01-14,1,2182,2182
OID23698,PID2045,A170,EMP1004,C1613,2021-01-28,3,556,1668
OID23700,PID2002,A154,EMP1013,C1748,2021-05-02,4,847,3388
OID23703,PID2056,A158,EMP1031,C1415,2021-06-02,2,1635,3270
OID23704,PID2075,A107,EMP1029,C1274,2021-04-26,1,400,400
OID23708,PID2014,A128,EMP1044,C1615,2021-08-04,1,1809,1809
OID23712,PID2013,A107,EMP1013,C1056,2021-09-22,1,368,368
OID23715,PID2051,A128,EMP1035,C1768,2021-07-29,1,1077,1077
OID23717,PID2014,A101,EMP1002,C1614,2021-05-10,1,1809,1809
OID23719,PID2057,A168,EMP1031,C1523,2021-08-09,2,181,362
OID23721,PID2039,A165,EMP1032,C1485,2021-05-15,1,817,817
OID23726,PID2030,A137,EMP1022,C1649,2021-04-11,1,1899,1899
OID23728,PID2076,A126,EMP1005,C1311,2021-10-07,2,1522,3044
OID23729,PID2018,A117,EMP1004,C1373,2021-05-16,1,1972,1972
OID23732,PID2094,A133,EMP1018,C1251,2021-11-29,3,771,2313
OID23737,PID2023,A108,EMP1043,C1142,2021-08-14,2,818,1636
OID23738,PID2017,A127,EMP1003,C1170,2021-10-27,1,35,35
OID23739,PID2049,A102,EMP1021,C1201,2021-06-22,4,826,3304
OID23741,PID2097,A123,EMP1040,C1107,2021-10-16,1,1052,1052
OID23744,PID2034,A101,EMP1012,C1570,2021-05-28,4,871,3484
OID23746,PID2052,A110,EMP1018,C1722,2021-10-11,3,1526,4578
OID23748,PID2009,A123,EMP1034,C1661,2021-03-07,3,584,1752
OID23749,PID2094,A148,EMP1020,C1089,2021-04-28,1,771,771
OID23750,PID2073,A171,EMP1025,C1475,2021-01-24,2,95,190
OID23751,PID2059,A114,EMP1044,C1253,2021-11-20,2,1494,2988
OID23755,PID2000,A145,EMP1024,C1736,2021-02-20,4,2241,8964
OID23759,PID2067,A155,EMP1000,C1284,2021-01-29,3,1119,3357
OID23764,PID2065,A153,EMP1026,C1246,2021-07-16,4,2396,9584
OID23772,PID2066,A113,EMP1031,C1210,2021-09-14,1,2091,2091
OID23775,PID2012,A134,EMP1022,C1730,2021-08-18,3,1353,4059
OID23777,PID2062,A151,EMP1026,C1790,2021-04-17,1,2464,2464
OID23781,PID2054,A168,EMP1034,C1252,2021-09-27,2,127,254
OID23783,PID2050,A149,EMP1006,C1172,2021-09-06,2,2391,4782
OID23784,PID2080,A107,EMP1028,C1227,2021-02-03,2,2353,4706
OID23785,PID2022,A172,EMP1022,C1288,2021-11-18,4,561,2244
OID23788,PID2031,A131,EMP1001,C1316,2021-10-18,2,1638,3276
OID23792,PID2047,A118,EMP1044,C1496,2021-05-24,1,290,290
OID23793,PID2039,A134,EMP1025,C1598,2021-04-10,1,817,817
OID23794,PID2034,A111,EMP1025,C1306,2021-09-08,1,871,871
OID23798,PID2093,A136,EMP1020,C1675,2021-10-29,1,112,112
OID23801,PID2088,A101,EMP1041,C1129,2021-10-25,1,603,603
OID23809,PID2082,A109,EMP1001,C1408,2021-01-03,1,1103,1103
OID23814,PID2068,A115,EMP1026,C1775,2021-02-24,4,1500,6000
OID23815,PID2045,A148,EMP1013,C1406,2021-06-16,1,556,556
OID23818,PID2068,A134,EMP1027,C1322,2021-06-28,1,1500,1500
OID23821,PID2020,A106,EMP1021,C1714,2021-08-08,1,2005,2005
OID23822,PID2037,A135,EMP1011,C1764,2021-08-19,1,880,880
OID23826,PID2068,A120,EMP1012,C1647,2021-08-05,1,1500,1500
OID23827,PID2098,A133,EMP1035,C1071,2021-05-07,1,1178,1178
OID23828,PID2057,A111,EMP1017,C1211,2021-05-03,4,181,724
OID23831,PID2058,A119,EMP1030,C1005,2021-10-08,1,2257,2257
OID23835,PID2033,A168,EMP1040,C1052,2021-11-06,3,2182,6546
OID23837,PID2067,A153,EMP1003,C1346,2021-09-12,1,1119,1119
OID23838,PID2059,A168,EMP1012,C1594,2021-12-05,2,1494,2988
OID23847,PID2060,A131,EMP1029,C1279,2021-09-09,1,1467,1467
OID23849,PID2053,A101,EMP1008,C1204,2021-10-14,3,596,1788
OID23853,PID2056,A150,EMP1044,C1274,2021-06-06,1,1635,1635
OID23856,PID2072,A166,EMP1026,C1134,2021-04-27,4,1887,7548
OID23860,PID2085,A131,EMP1001,C1231,2021-09-11,3,1862,5586
OID23861,PID2044,A153,EMP1043,C1251,2021-02-03,1,886,886
OID23873,PID2027,A158,EMP1002,C1287,2021-04-29,1,2497,2497
OID23874,PID2082,A161,EMP1008,C1045,2021-04-08,1,1103,1103
OID23880,PID2002,A119,EMP1004,C1356,2021-10-15,1,847,847
OID23885,PID2031,A113,EMP1022,C1379,2021-11-30,2,1638,3276
OID23886,PID2093,A127,EMP1036,C1181,2021-02-19,1,112,112
OID23892,PID2003,A133,EMP1040,C1042,2021-06-24,1,1783,1783
OID23893,PID2030,A104,EMP1030,C1230,2021-12-25,1,1899,1899
OID23896,PID2008,A134,EMP1031,C1509,2021-05-05,4,315,1260
OID23899,PID2061,A167,EMP1039,C1423,2021-04-03,1,913,913
OID23903,PID2027,A146,EMP1009,C1251,2021-11-03,1,2497,2497
OID23905,PID2034,A118,EMP1019,C1397,2021-05-12,1,871,871
OID23907,PID2059,A105,EMP1043,C1044,2021-05-08,1,1494,1494
OID23910,PID2093,A167,EMP1023,C1389,2021-02-17,1,112,112
OID23913,PID2058,A133,EMP1003,C1433,2021-11-01,3,2257,6771
OID23916,PID2066,A167,EMP1041,C1140,2021-05-06,1,2091,2091
OID23918,PID2060,A141,EMP1033,C1367,2021-05-27,1,1467,1467
OID23923,PID2062,A104,EMP1005,C1180,2021-06-14,2,2464,4928
OID23932,PID2040,A100,EMP1017,C1138,2021-04-26,1,1889,1889
OID23933,PID2081,A168,EMP1007,C1217,2021-04-14,1,1566,1566
OID23934,PID2025,A161,EMP1009,C1003,2021-07-25,2,667,1334
OID23936,PID2073,A138,EMP1039,C1269,2021-05-19,3,95,285
OID23945,PID2014,A146,EMP1037,C1378,2021-08-01,1,1809,1809
OID23947,PID2060,A118,EMP1027,C1739,2021-06-04,2,1467,2934
OID23948,PID2079,A168,EMP1031,C1473,2021-04-18,4,1725,6900
OID23952,PID2090,A121,EMP1040,C1606,2021-07-13,3,1338,4014
OID23955,PID2013,A141,EMP1015,C1555,2021-08-13,2,368,736
OID23957,PID2014,A130,EMP1024,C1765,2021-01-02,1,1809,1809
OID23958,PID2052,A146,EMP1004,C1500,2021-03-03,1,1526,1526
OID23959,PID2001,A159,EMP1036,C1423,2021-02-05,1,951,951
OID23960,PID2008,A154,EMP1044,C1411,2021-05-19,2,315,630
OID23963,PID2043,A151,EMP1016,C1363,2021-10-08,1,545,545
OID23965,PID2063,A119,EMP1023,C1454,2021-06-06,1,1708,1708
OID23969,PID2019,A149,EMP1044,C1183,2021-04-14,1,800,800
OID23971,PID2004,A120,EMP1014,C1527,2021-06-04,1,1278,1278
OID23975,PID2028,A168,EMP1001,C1263,2021-07-02,2,2283,4566
OID23976,PID2073,A164,EMP1021,C1476,2021-09-19,3,95,285
OID23981,PID2098,A135,EMP1005,C1007,2021-06-28,2,1178,2356
OID23982,PID2015,A111,EMP1014,C1419,2021-03-05,1,637,637
OID23983,PID2018,A113,EMP1041,C1118,2021-03-24,3,1972,5916
OID23985,PID2036,A141,EMP1042,C1701,2021-08-27,1,1582,1582
OID23988,PID2046,A154,EMP1005,C1077,2021-05-07,1,2410,2410
OID23989,PID2093,A154,EMP1022,C1369,2021-08-04,1,112,112
OID23993,PID2059,A109,EMP1008,C1671,2021-05-21,1,1494,1494
OID24000,PID2073,A158,EMP1028,C1510,2021-05-04,4,95,380
OID24004,PID2032,A107,EMP1017,C1478,2021-06-07,2,1967,3934
OID24010,PID2023,A112,EMP1021,C1171,2021-12-29,1,818,818
OID24013,PID2035,A118,EMP1031,C1739,2021-10-16,1,458,458
OID24019,PID2006,A126,EMP1017,C1564,2021-12-15,1,1826,1826
OID24026,PID2024,A143,EMP1025,C1368,2021-04-28,1,356,356
OID24027,PID2005,A131,EMP1027,C1072,2021-02-19,1,684,684
OID24029,PID2087,A138,EMP1029,C1097,2021-12-16,3,1022,3066
OID24030,PID2044,A165,EMP1009,C1388,2021-09-12,4,886,3544
OID24042,PID2030,A162,EMP1026,C1215,2021-10-17,1,1899,1899
OID24045,PID2065,A129,EMP1036,C1038,2021-05-03,3,2396,7188
OID24048,PID2018,A112,EMP1010,C1173,2021-05-17,1,1972,1972
OID24052,PID2091,A162,EMP1026,C1049,2021-02-15,2,368,736
OID24057,PID2092,A117,EMP1026,C1111,2021-05-28,3,1639,4917
OID24058,PID2053,A149,EMP1016,C1291,2021-06-08,1,596,596
OID24061,PID2008,A111,EMP1011,C1153,2021-10-11,1,315,315
OID24064,PID2007,A171,EMP1042,C1054,2021-01-11,2,1405,2810
OID24065,PID2036,A139,EMP1019,C1453,2021-01-26,1,1582,1582
OID24068,PID2060,A105,EMP1021,C1374,2021-11-19,1,1467,1467
OID24070,PID2099,A157,EMP1007,C1251,2021-12-18,1,1367,1367
OID24071,PID2028,A165,EMP1016,C1589,2021-04-28,1,2283,2283
OID24072,PID2025,A107,EMP1004,C1060,2021-11-29,1,667,667
OID24076,PID2042,A121,EMP1036,C1054,2021-02-25,4,203,812
OID24079,PID2064,A151,EMP1023,C1595,2021-05-17,1,1414,1414
OID24081,PID2021,A157,EMP1015,C1720,2021-08-13,1,217,217
OID24083,PID2090,A151,EMP1011,C1417,2021-06-05,4,1338,5352
OID24085,PID2059,A165,EMP1017,C1435,2021-03-26,2,1494,2988
OID24089,PID2037,A124,EMP1038,C1455,2021-11-14,4,880,3520
OID24093,PID2060,A164,EMP1033,C1266,2021-12-04,3,1467,4401
OID24095,PID2018,A109,EMP1000,C1524,2021-07-05,1,1972,1972
OID24097,PID2014,A134,EMP1030,C1720,2021-08-27,3,1809,5427
OID24098,PID2080,A170,EMP1022,C1775,2021-09-18,1,2353,2353
OID24101,PID2012,A124,EMP1026,C1004,2021-07-12,1,1353,1353
OID24102,PID2028,A128,EMP1017,C1164,2021-11-26,1,2283,2283
OID24103,PID2063,A148,EMP1036,C1476,2021-01-16,4,1708,6832
OID24104,PID2054,A156,EMP1022,C1720,2021-02-19,1,127,127
OID24105,PID2062,A103,EMP1010,C1200,2021-05-04,3,2464,7392
OID24108,PID2077,A127,EMP1034,C1438,2021-08-09,3,530,1590
OID24111,PID2047,A145,EMP1016,C1661,2021-03-09,4,290,1160
OID24114,PID2040,A117,EMP1036,C1342,2021-03-14,2,1889,3778
OID24119,PID2074,A101,EMP1014,C1423,2021-05-29,2,504,1008
OID24120,PID2072,A129,EMP1006,C1513,2021-10-10,1,1887,1887
OID24123,PID2037,A125,EMP1014,C1592,2021-05-15,3,880,2640
OID24126,PID2075,A159,EMP1038,C1625,2021-02-08,1,400,400
OID24127,PID2076,A158,EMP1026,C1522,2021-12-21,1,1522,1522
OID24128,PID2001,A130,EMP1001,C1704,2021-03-17,1,951,951
OID24130,PID2006,A168,EMP1029,C1314,2021-06-20,1,1826,1826
OID24134,PID2045,A119,EMP1007,C1690,2021-07-14,1,556,556
OID24137,PID2070,A140,EMP1029,C1540,2021-01-08,1,1671,1671
OID24138,PID2096,A128,EMP1038,C1738,2021-04-18,3,1587,4761
OID24140,PID2065,A104,EMP1003,C1107,2021-11-01,1,2396,2396
OID24141,PID2014,A108,EMP1017,C1601,2021-09-05,1,1809,1809
OID24144,PID2094,A104,EMP1043,C1712,2021-11-20,4,771,3084
OID24159,PID2067,A116,EMP1000,C1078,2021-10-30,1,1119,1119
OID24162,PID2073,A119,EMP1005,C1388,2021-09-30,1,95,95
OID24164,PID2001,A173,EMP1038,C1535,2021-08-02,1,951,951
OID24166,PID2079,A158,EMP1034,C1451,2021-09-14,1,1725,1725
OID24170,PID2025,A143,EMP1039,C1192,2021-12-24,1,667,667
OID24171,PID2011,A150,EMP1033,C1206,2021-12-03,1,530,530
OID24172,PID2009,A117,EMP1032,C1688,2021-12-09,3,584,1752
OID24173,PID2020,A156,EMP1031,C1627,2021-06-02,1,2005,2005
OID24174,PID2067,A140,EMP1001,C1610,2021-03-12,1,1119,1119
OID24175,PID2009,A120,EMP1021,C1605,2021-10-09,1,584,584
OID24176,PID2076,A118,EMP1009,C1335,2021-08-23,4,1522,6088
OID24180,PID2032,A167,EMP1027,C1294,2021-05-04,3,1967,5901
OID24183,PID2021,A130,EMP1017,C1536,2021-01-31,1,217,217
OID24185,PID2073,A153,EMP1037,C1682,2021-09-09,2,95,190
OID24189,PID2087,A159,EMP1026,C1192,2021-07-12,1,1022,1022
OID24191,PID2009,A137,EMP1017,C1118,2021-07-20,1,584,584
OID24193,PID2035,A127,EMP1021,C1204,2021-05-28,1,458,458
OID24194,PID2059,A135,EMP1031,C1019,2021-11-23,4,1494,5976
OID24195,PID2039,A115,EMP1032,C1144,2021-06-15,4,817,3268
OID24203,PID2081,A102,EMP1040,C1550,2021-02-20,3,1566,4698
OID24208,PID2010,A129,EMP1022,C1522,2021-11-06,3,1812,5436
OID24210,PID2018,A160,EMP1005,C1391,2021-01-20,2,1972,3944
OID24216,PID2050,A137,EMP1018,C1211,2021-09-05,2,2391,4782
OID24217,PID2054,A113,EMP1040,C1239,2021-03-03,2,127,254
OID24218,PID2076,A146,EMP1016,C1623,2021-04-04,3,1522,4566
OID24222,PID2078,A153,EMP1034,C1386,2021-07-31,4,1798,7192
OID24223,PID2017,A125,EMP1042,C1766,2021-08-11,2,35,70
OID24226,PID2043,A158,EMP1007,C1636,2021-04-02,4,545,2180
OID24229,PID2070,A146,EMP1023,C1742,2021-11-11,3,1671,5013
OID24230,PID2007,A114,EMP1027,C1186,2021-01-08,3,1405,4215
OID24232,PID2036,A132,EMP1013,C1279,2021-05-15,1,1582,1582
OID24240,PID2048,A166,EMP1017,C1096,2021-02-02,4,502,2008
OID24242,PID2080,A170,EMP1003,C1032,2021-08-26,2,2353,4706
OID24250,PID2042,A122,EMP1002,C1086,2021-04-14,1,203,203
OID24254,PID2070,A100,EMP1000,C1185,2021-07-29,2,1671,3342
OID24260,PID2038,A143,EMP1037,C1559,2021-03-01,3,392,1176
OID24262,PID2058,A121,EMP1019,C1609,2021-11-14,1,2257,2257
OID24263,PID2057,A171,EMP1041,C1275,2021-01-28,4,181,724
OID24264,PID2015,A169,EMP1020,C1325,2021-03-24,2,637,1274
OID24269,PID2070,A155,EMP1026,C1767,2021-07-31,3,1671,5013
OID24270,PID2014,A102,EMP1019,C1713,2021-09-27,1,1809,1809
OID24278,PID2008,A115,EMP1008,C1232,2021-07-19,1,315,315
OID24287,PID2093,A131,EMP1003,C1385,2021-08-09,1,112,112
OID24293,PID2035,A142,EMP1000,C1786,2021-07-07,2,458,916
OID24296,PID2003,A124,EMP1033,C1402,2021-10-17,1,1783,1783
OID24303,PID2055,A171,EMP1032,C1039,2021-11-22,1,2495,2495
OID24305,PID2014,A133,EMP1006,C1573,2021-07-15,1,1809,1809
OID24308,PID2046,A153,EMP1004,C1405,2021-06-03,1,2410,2410
OID24309,PID2072,A143,EMP1006,C1128,2021-07-10,1,1887,1887
OID24312,PID2097,A149,EMP1034,C1461,2021-06-06,3,1052,3156
OID24315,PID2050,A102,EMP1004,C1726,2021-10-17,4,2391,9564
OID24316,PID2018,A147,EMP1005,C1756,2021-10-11,2,1972,3944
OID24318,PID2009,A124,EMP1024,C1149,2021-11-22,3,584,1752
OID24321,PID2016,A149,EMP1003,C1310,2021-12-08,1,1351,1351
OID24323,PID2022,A162,EMP1033,C1302,2021-10-09,2,561,1122
OID24326,PID2076,A167,EMP1008,C1490,2021-02-16,1,1522,1522
OID24328,PID2055,A106,EMP1031,C1137,2021-08-27,1,2495,2495
OID24330,PID2055,A139,EMP1003,C1189,2021-09-17,3,2495,7485
OID24333,PID2038,A127,EMP1011,C1163,2021-02-27,1,392,392
OID24341,PID2064,A164,EMP1020,C1585,2021-05-04,1,1414,1414
OID24343,PID2078,A114,EMP1008,C1247,2021-12-24,2,1798,3596
OID24347,PID2003,A118,EMP1029,C1564,2021-01-16,1,1783,1783
OID24353,PID2099,A102,EMP1010,C1053,2021-06-27,2,1367,2734
OID24354,PID2010,A149,EMP1028,C1637,2021-09-11,1,1812,1812
OID24355,PID2069,A164,EMP1003,C1201,2021-11-23,2,378,756
OID24357,PID2092,A166,EMP1037,C1080,2021-10-30,1,1639,1639
OID24358,PID2098,A133,EMP1032,C1399,2021-03-28,4,1178,4712
OID24363,PID2048,A127,EMP1039,C1165,2021-01-19,1,502,502
OID24365,PID2075,A145,EMP1023,C1227,2021-10-01,2,400,800
OID24371,PID2026,A111,EMP1042,C1245,2021-11-29,3,947,2841
OID24376,PID2018,A164,EMP1021,C1201,2021-02-02,3,1972,5916
OID24377,PID2004,A131,EMP1027,C1763,2021-12-22,3,1278,3834
OID24378,PID2055,A104,EMP1022,C1767,2021-09-20,1,2495,2495
OID24379,PID2091,A135,EMP1011,C1643,2021-11-22,4,368,1472
OID24380,PID2071,A148,EMP1005,C1095,2021-06-11,1,136,136
OID24381,PID2036,A134,EMP1031,C1243,2021-08-25,4,1582,6328
OID24382,PID2012,A173,EMP1017,C1236,2021-04-03,1,1353,1353
OID24390,PID2033,A107,EMP1002,C1319,2021-10-17,1,2182,2182
OID24395,PID2025,A155,EMP1022,C1463,2021-03-06,2,667,1334
OID24396,PID2074,A173,EMP1006,C1334,2021-01-12,4,504,2016
OID24397,PID2100,A153,EMP1013,C1435,2021-06-29,1,799,799
OID24401,PID2078,A131,EMP1005,C1754,2021-11-14,1,1798,1798
OID24405,PID2064,A168,EMP1024,C1525,2021-06-03,1,1414,1414
OID24410,PID2085,A128,EMP1041,C1769,2021-08-18,1,1862,1862
OID24413,PID2052,A163,EMP1041,C1795,2021-08-14,1,1526,1526
OID24418,PID2058,A151,EMP1024,C1790,2021-02-15,4,2257,9028
OID24420,PID2059,A102,EMP1030,C1079,2021-09-30,1,1494,1494
OID24425,PID2041,A149,EMP1012,C1745,2021-05-22,1,1380,1380
OID24427,PID2084,A119,EMP1031,C1190,2021-05-07,3,1783,5349
OID24436,PID2029,A145,EMP1001,C1380,2021-05-17,4,1848,7392
OID24437,PID2053,A156,EMP1006,C1657,2021-02-13,1,596,596
OID24440,PID2021,A109,EMP1009,C1421,2021-11-25,2,217,434
OID24442,PID2002,A135,EMP1029,C1673,2021-12-13,1,847,847
OID24443,PID2023,A121,EMP1012,C1430,2021-03-21,2,818,1636
OID24445,PID2095,A155,EMP1001,C1579,2021-10-27,4,1743,6972
OID24452,PID2030,A120,EMP1000,C1491,2021-02-04,1,1899,1899
OID24454,PID2056,A168,EMP1011,C1295,2021-08-08,4,1635,6540
OID24455,PID2073,A163,EMP1035,C1374,2021-05-09,1,95,95
OID24456,PID2047,A162,EMP1041,C1149,2021-12-28,2,290,580
OID24465,PID2070,A118,EMP1017,C1255,2021-09-25,1,1671,1671
OID24467,PID2075,A110,EMP1003,C1272,2021-02-12,1,400,400
OID24469,PID2022,A107,EMP1030,C1265,2021-03-23,4,561,2244
OID24477,PID2051,A112,EMP1039,C1318,2021-12-24,2,1077,2154
OID24479,PID2024,A146,EMP1006,C1434,2021-05-17,2,356,712
OID24483,PID2026,A166,EMP1024,C1582,2021-08-21,4,947,3788
OID24484,PID2052,A105,EMP1006,C1757,2021-08-12,1,1526,1526
OID24485,PID2076,A124,EMP1023,C1424,2021-06-06,2,1522,3044
OID24487,PID2063,A107,EMP1026,C1082,2021-01-21,1,1708,1708
OID24488,PID2008,A129,EMP1009,C1545,2021-04-05,1,315,315
OID24492,PID2066,A105,EMP1009,C1452,2021-09-20,3,2091,6273
OID24493,PID2017,A131,EMP1029,C1373,2021-11-10,1,35,35
OID24495,PID2002,A100,EMP1040,C1256,2021-09-14,3,847,2541
OID24496,PID2071,A141,EMP1018,C1083,2021-11-10,3,136,408
OID24497,PID2052,A131,EMP1018,C1795,2021-08-11,1,1526,1526
OID24498,PID2049,A169,EMP1036,C1436,2021-07-04,1,826,826
OID24499,PID2053,A170,EMP1024,C1336,2021-12-04,3,596,1788
OID24500,PID2098,A132,EMP1002,C1518,2021-09-06,1,1178,1178
OID24501,PID2064,A159,EMP1000,C1072,2021-06-11,1,1414,1414
OID24502,PID2057,A171,EMP1028,C1258,2021-11-13,3,181,543
OID24504,PID2031,A131,EMP1008,C1519,2021-08-04,3,1638,4914
OID24505,PID2059,A110,EMP1042,C1766,2021-10-25,1,1494,1494
OID24506,PID2010,A119,EMP1004,C1288,2021-03-07,1,1812,1812
OID24509,PID2015,A126,EMP1018,C1740,2021-10-22,2,637,1274
OID24511,PID2028,A132,EMP1000,C1178,2021-07-16,3,2283,6849
OID24514,PID2057,A101,EMP1026,C1774,2021-10-13,3,181,543
OID24518,PID2069,A153,EMP1001,C1620,2021-04-22,2,378,756
OID24525,PID2005,A155,EMP1022,C1407,2021-06-01,3,684,2052
OID24528,PID2035,A153,EMP1021,C1480,2021-03-17,3,458,1374
OID24529,PID2012,A150,EMP1026,C1695,2021-01-29,1,1353,1353
OID24530,PID2002,A155,EMP1044,C1670,2021-07-13,4,847,3388
OID24533,PID2066,A128,EMP1003,C1005,2021-07-01,2,2091,4182
OID24536,PID2072,A167,EMP1026,C1185,2021-08-19,1,1887,1887
OID24538,PID2057,A103,EMP1017,C1450,2021-10-15,1,181,181
OID24540,PID2036,A104,EMP1018,C1494,2021-02-10,2,1582,3164
OID24541,PID2076,A137,EMP1023,C1167,2021-01-09,1,1522,1522
OID24542,PID2093,A122,EMP1034,C1303,2021-12-16,2,112,224
OID24544,PID2075,A112,EMP1002,C1040,2021-01-20,1,400,400
OID24547,PID2037,A173,EMP1044,C1114,2021-08-14,2,880,1760
OID24550,PID2092,A135,EMP1027,C1775,2021-09-24,3,1639,4917
OID24551,PID2004,A157,EMP1033,C1016,2021-10-29,1,1278,1278
OID24553,PID2047,A163,EMP1014,C1756,2021-03-18,1,290,290
OID24554,PID2016,A111,EMP1013,C1768,2021-03-15,1,1351,1351
OID24557,PID2036,A109,EMP1016,C1210,2021-09-23,1,1582,1582
OID24561,PID2093,A170,EMP1014,C1279,2021-05-12,4,112,448
OID24563,PID2044,A101,EMP1024,C1098,2021-12-13,1,886,886
OID24564,PID2084,A164,EMP1019,C1221,2021-03-14,1,1783,1783
OID24565,PID2021,A129,EMP1035,C1790,2021-02-09,1,217,217
OID24569,PID2030,A129,EMP1010,C1713,2021-06-26,2,1899,3798
OID24574,PID2043,A170,EMP1013,C1033,2021-03-06,2,545,1090
OID24579,PID2093,A135,EMP1002,C1554,2021-10-11,1,112,112
OID24582,PID2098,A135,EMP1029,C1692,2021-08-30,1,1178,1178
OID24584,PID2092,A153,EMP1017,C1677,2021-08-20,4,1639,6556
OID24588,PID2078,A167,EMP1028,C1038,2021-07-21,1,1798,1798
OID24590,PID2073,A168,EMP1041,C1771,2021-02-12,1,95,95
OID24591,PID2059,A132,EMP1038,C1717,2021-06-01,1,1494,1494
OID24592,PID2023,A140,EMP1039,C1613,2021-06-11,1,818,818
OID24594,PID2089,A132,EMP1041,C1400,2021-11-22,2,2294,4588
OID24600,PID2089,A120,EMP1041,C1077,2021-01-23,2,2294,4588
OID24601,PID2019,A130,EMP1031,C1309,2021-01-06,1,800,800
OID24602,PID2028,A104,EMP1000,C1606,2021-09-08,3,2283,6849
OID24603,PID2022,A165,EMP1016,C1087,2021-08-28,3,561,1683
OID24606,PID2085,A138,EMP1041,C1194,2021-09-01,2,1862,3724
OID24607,PID2034,A119,EMP1019,C1660,2021-01-14,1,871,871
OID24608,PID2065,A109,EMP1022,C1544,2021-10-07,1,2396,2396
OID24611,PID2069,A130,EMP1026,C1542,2021-09-03,1,378,378
OID24614,PID2012,A106,EMP1022,C1596,2021-12-10,3,1353,4059
OID24617,PID2010,A145,EMP1026,C1030,2021-05-04,4,1812,7248
OID24618,PID2009,A123,EMP1002,C1507,2021-01-24,1,584,584
OID24637,PID2044,A122,EMP1017,C1539,2021-03-23,3,886,2658
OID24638,PID2045,A131,EMP1039,C1211,2021-04-05,3,556,1668
OID24647,PID2049,A132,EMP1030,C1687,2021-05-24,2,826,1652
OID24651,PID2077,A149,EMP1016,C1020,2021-01-25,4,530,2120
OID24652,PID2016,A139,EMP1025,C1422,2021-03-22,1,1351,1351
OID24653,PID2087,A108,EMP1009,C1682,2021-05-09,4,1022,4088
OID24657,PID2053,A139,EMP1040,C1389,2021-03-29,1,596,596
OID24664,PID2076,A152,EMP1005,C1347,2021-04-06,4,1522,6088
OID24668,PID2014,A100,EMP1029,C1755,2021-02-15,1,1809,1809
OID24669,PID2099,A155,EMP1039,C1042,2021-03-13,2,1367,2734
OID24673,PID2031,A111,EMP1036,C1257,2021-06-19,2,1638,3276
OID24674,PID2064,A122,EMP1008,C1154,2021-02-12,2,1414,2828
OID24676,PID2100,A111,EMP1015,C1687,2021-05-23,3,799,2397
OID24680,PID2042,A173,EMP1029,C1147,2021-10-21,3,203,609
OID24681,PID2047,A135,EMP1001,C1420,2021-08-12,2,290,580
OID24685,PID2092,A154,EMP1011,C1411,2021-11-09,1,1639,1639
OID24689,PID2016,A147,EMP1040,C1362,2021-12-13,3,1351,4053
OID24693,PID2078,A157,EMP1002,C1525,2021-06-26,2,1798,3596
OID24696,PID2052,A139,EMP1006,C1487,2021-07-05,1,1526,1526
OID24697,PID2088,A171,EMP1011,C1696,2021-01-22,2,603,1206
OID24700,PID2046,A151,EMP1004,C1264,2021-06-13,1,2410,2410
OID24702,PID2033,A132,EMP1001,C1712,2021-02-22,3,2182,6546
OID24703,PID2060,A109,EMP1019,C1439,2021-05-25,4,1467,5868
OID24704,PID2068,A154,EMP1021,C1418,2021-04-18,1,1500,1500
OID24705,PID2050,A105,EMP1014,C1344,2021-09-20,1,2391,2391
OID24707,PID2080,A123,EMP1016,C1647,2021-06-20,2,2353,4706
OID24710,PID2000,A166,EMP1020,C1078,2021-04-23,1,2241,2241
OID24711,PID2015,A114,EMP1042,C1438,2021-07-11,4,637,2548
OID24714,PID2055,A154,EMP1041,C1417,2021-01-14,2,2495,4990
OID24717,PID2093,A166,EMP1039,C1333,2021-09-13,3,112,336
OID24718,PID2071,A119,EMP1003,C1523,2021-05-30,1,136,136
OID24720,PID2023,A145,EMP1020,C1542,2021-09-05,4,818,3272
OID24730,PID2064,A148,EMP1010,C1147,2021-11-20,2,1414,2828
OID24731,PID2065,A127,EMP1030,C1467,2021-01-31,1,2396,2396
OID24732,PID2040,A143,EMP1042,C1322,2021-10-16,1,1889,1889
OID24735,PID2046,A108,EMP1022,C1615,2021-07-25,1,2410,2410
OID24737,PID2062,A170,EMP1003,C1303,2021-12-27,3,2464,7392
OID24740,PID2088,A141,EMP1023,C1630,2021-11-18,2,603,1206
OID24744,PID2088,A133,EMP1008,C1473,2021-05-21,2,603,1206
OID24751,PID2016,A121,EMP1005,C1695,2021-01-26,3,1351,4053
OID24752,PID2051,A159,EMP1044,C1132,2021-05-10,2,1077,2154
OID24753,PID2049,A149,EMP1002,C1561,2021-04-14,3,826,2478
OID24754,PID2039,A143,EMP1032,C1601,2021-12-21,4,817,3268
OID24758,PID2076,A173,EMP1028,C1308,2021-05-11,3,1522,4566
OID24760,PID2039,A107,EMP1028,C1501,2021-04-05,3,817,2451
OID24766,PID2034,A168,EMP1044,C1134,2021-08-03,3,871,2613
OID24767,PID2064,A126,EMP1017,C1323,2021-01-10,1,1414,1414
OID24775,PID2011,A133,EMP1019,C1747,2021-12-18,4,530,2120
OID24777,PID2090,A136,EMP1023,C1277,2021-02-10,2,1338,2676
OID24781,PID2043,A127,EMP1019,C1460,2021-04-19,1,545,545
OID24789,PID2086,A173,EMP1024,C1578,2021-04-24,1,123,123
OID24790,PID2062,A135,EMP1005,C1162,2021-10-08,1,2464,2464
OID24793,PID2060,A163,EMP1026,C1299,2021-11-08,1,1467,1467
OID24801,PID2025,A150,EMP1005,C1336,2021-06-06,2,667,1334
OID24804,PID2088,A167,EMP1044,C1088,2021-05-25,1,603,603
OID24805,PID2023,A132,EMP1013,C1569,2021-06-23,2,818,1636
OID24806,PID2091,A109,EMP1021,C1343,2021-03-13,1,368,368
OID24810,PID2065,A170,EMP1009,C1487,2021-01-26,3,2396,7188
OID24817,PID2097,A148,EMP1035,C1598,2021-12-26,1,1052,1052
OID24819,PID2086,A171,EMP1028,C1593,2021-08-24,1,123,123
OID24825,PID2064,A124,EMP1009,C1532,2021-12-20,4,1414,5656
OID24829,PID2033,A126,EMP1003,C1332,2021-03-21,1,2182,2182
OID24834,PID2098,A119,EMP1004,C1105,2021-09-07,1,1178,1178
OID24840,PID2036,A162,EMP1006,C1078,2021-11-06,1,1582,1582
OID24842,PID2024,A106,EMP1017,C1707,2021-05-15,1,356,356
OID24846,PID2042,A157,EMP1032,C1165,2021-09-01,1,203,203
OID24848,PID2089,A157,EMP1019,C1285,2021-08-05,3,2294,6882
OID24849,PID2077,A101,EMP1034,C1769,2021-05-23,4,530,2120
OID24856,PID2000,A143,EMP1023,C1633,2021-12-14,2,2241,4482
OID24857,PID2076,A117,EMP1034,C1555,2021-01-14,3,1522,4566
OID24859,PID2030,A149,EMP1043,C1725,2021-12-09,3,1899,5697
OID24869,PID2004,A160,EMP1039,C1270,2021-01-22,4,1278,5112
OID24871,PID2058,A148,EMP1002,C1141,2021-08-25,4,2257,9028
OID24873,PID2049,A159,EMP1041,C1665,2021-10-15,3,826,2478
OID24878,PID2064,A150,EMP1015,C1772,2021-12-18,1,1414,1414
OID24879,PID2015,A104,EMP1034,C1005,2021-08-31,1,637,637
OID24880,PID2063,A109,EMP1028,C1080,2021-05-19,1,1708,1708
OID24881,PID2083,A170,EMP1015,C1674,2021-10-18,4,2141,8564
OID24882,PID2029,A119,EMP1011,C1395,2021-09-06,2,1848,3696
OID24884,PID2054,A122,EMP1024,C1037,2021-04-28,1,127,127
OID24891,PID2064,A147,EMP1035,C1082,2021-12-13,1,1414,1414
OID24894,PID2073,A118,EMP1014,C1548,2021-02-15,3,95,285
OID24895,PID2063,A137,EMP1044,C1188,2021-04-22,1,1708,1708
OID24897,PID2030,A166,EMP1020,C1753,2021-02-26,3,1899,5697
OID24899,PID2026,A111,EMP1023,C1345,2021-09-29,1,947,947
OID24901,PID2031,A132,EMP1031,C1453,2021-11-26,3,1638,4914
OID24904,PID2043,A111,EMP1034,C1451,2021-06-20,4,545,2180
OID24905,PID2086,A151,EMP1012,C1384,2021-12-16,1,123,123
OID24906,PID2046,A148,EMP1001,C1793,2021-06-14,3,2410,7230
OID24909,PID2075,A126,EMP1006,C1542,2021-04-04,1,400,400
OID24910,PID2094,A132,EMP1009,C1746,2021-01-11,2,771,1542
OID24911,PID2056,A149,EMP1013,C1560,2021-03-04,1,1635,1635
OID24913,PID2055,A138,EMP1042,C1638,2021-05-31,2,2495,4990
OID24914,PID2049,A140,EMP1007,C1434,2021-04-03,1,826,826
OID24917,PID2002,A150,EMP1021,C1068,2021-01-18,1,847,847
OID24918,PID2016,A131,EMP1039,C1321,2021-03-03,1,1351,1351
OID24923,PID2046,A125,EMP1038,C1608,2021-01-05,3,2410,7230
OID24927,PID2072,A110,EMP1009,C1236,2021-04-28,1,1887,1887
OID24930,PID2090,A146,EMP1001,C1081,2021-09-21,4,1338,5352
OID24935,PID2073,A165,EMP1026,C1218,2021-04-04,1,95,95
OID24937,PID2030,A149,EMP1025,C1307,2021-02-16,1,1899,1899
OID24944,PID2024,A159,EMP1034,C1235,2021-02-01,3,356,1068
OID24945,PID2034,A130,EMP1044,C1187,2021-06-20,2,871,1742
OID24947,PID2072,A120,EMP1043,C1107,2021-07-23,3,1887,5661
OID24952,PID2092,A110,EMP1006,C1216,2021-05-10,1,1639,1639
OID24953,PID2060,A132,EMP1004,C1221,2021-03-12,1,1467,1467
OID24954,PID2064,A134,EMP1022,C1682,2021-01-04,1,1414,1414
OID24955,PID2042,A104,EMP1034,C1425,2021-02-09,2,203,406
OID24958,PID2060,A133,EMP1009,C1339,2021-09-23,1,1467,1467
OID24960,PID2049,A153,EMP1022,C1593,2021-09-26,4,826,3304
OID24961,PID2048,A148,EMP1028,C1532,2021-07-28,2,502,1004
OID24965,PID2008,A136,EMP1040,C1305,2021-04-04,2,315,630
OID24970,PID2060,A140,EMP1012,C1038,2021-06-24,4,1467,5868
OID24971,PID2075,A160,EMP1004,C1258,2021-04-25,2,400,800
OID24972,PID2016,A151,EMP1044,C1164,2021-01-21,1,1351,1351
OID24974,PID2088,A167,EMP1037,C1498,2021-11-21,2,603,1206
OID24976,PID2017,A170,EMP1035,C1645,2021-03-11,1,35,35
OID24978,PID2081,A122,EMP1030,C1676,2021-02-02,2,1566,3132
OID24981,PID2037,A113,EMP1038,C1616,2021-08-18,1,880,880
OID24983,PID2024,A156,EMP1031,C1783,2021-01-16,4,356,1424
OID24987,PID2017,A160,EMP1010,C1060,2021-03-15,4,35,140
OID24988,PID2079,A142,EMP1010,C1305,2021-04-19,1,1725,1725
OID24996,PID2006,A113,EMP1032,C1765,2021-08-19,1,1826,1826
OID25000,PID2075,A162,EMP1011,C1064,2021-09-30,3,400,1200
OID10008,PID2076,A157,EMP1015,C1121,2022-02-13,2,1522,3044
OID10013,PID2087,A160,EMP1020,C1461,2022-01-28,1,1022,1022
OID10015,PID2037,A103,EMP1010,C1510,2022-03-14,2,880,1760
OID10016,PID2097,A130,EMP1023,C1133,2022-07-26,1,1052,1052
OID10018,PID2005,A158,EMP1037,C1240,2022-03-28,1,684,684
OID10020,PID2036,A127,EMP1013,C1155,2022-10-18,2,1582,3164
OID10030,PID2028,A138,EMP1017,C1495,2022-01-01,1,2283,2283
OID10039,PID2024,A134,EMP1023,C1448,2022-12-13,1,356,356
OID10041,PID2010,A146,EMP1022,C1562,2022-03-04,1,1812,1812
OID10047,PID2010,A143,EMP1038,C1084,2022-01-04,2,1812,3624
OID10051,PID2029,A167,EMP1003,C1274,2022-07-10,3,1848,5544
OID10056,PID2040,A118,EMP1007,C1160,2022-08-26,4,1889,7556
OID10057,PID2028,A139,EMP1017,C1732,2022-06-14,3,2283,6849
OID10058,PID2016,A107,EMP1027,C1526,2022-11-22,3,1351,4053
OID10059,PID2016,A173,EMP1019,C1767,2022-08-13,1,1351,1351
OID10062,PID2041,A142,EMP1016,C1641,2022-11-05,1,1380,1380
OID10067,PID2018,A107,EMP1027,C1358,2022-04-11,3,1972,5916
OID10073,PID2079,A103,EMP1026,C1402,2022-09-01,3,1725,5175
OID10075,PID2029,A128,EMP1029,C1100,2022-02-15,2,1848,3696
OID10076,PID2092,A122,EMP1031,C1470,2022-03-27,1,1639,1639
OID10078,PID2063,A170,EMP1042,C1222,2022-01-14,3,1708,5124
OID10082,PID2070,A111,EMP1040,C1519,2022-02-21,1,1671,1671
OID10084,PID2084,A147,EMP1005,C1241,2022-08-07,3,1783,5349
OID10088,PID2043,A124,EMP1035,C1579,2022-05-03,1,545,545
OID10091,PID2051,A115,EMP1017,C1707,2022-01-30,1,1077,1077
OID10097,PID2024,A167,EMP1007,C1396,2022-06-23,4,356,1424
OID10099,PID2006,A158,EMP1032,C1538,2022-02-26,3,1826,5478
OID10107,PID2054,A146,EMP1005,C1052,2022-05-08,1,127,127
OID10110,PID2066,A107,EMP1013,C1342,2022-08-19,4,2091,8364
OID10111,PID2051,A141,EMP1021,C1233,2022-07-17,3,1077,3231
OID10112,PID2039,A151,EMP1034,C1171,2022-02-24,3,817,2451
OID10115,PID2046,A161,EMP1008,C1364,2022-01-07,1,2410,2410
OID10116,PID2076,A101,EMP1029,C1415,2022-07-24,1,1522,1522
OID10119,PID2001,A167,EMP1010,C1339,2022-01-29,1,951,951
OID10124,PID2012,A150,EMP1019,C1508,2022-07-06,1,1353,1353
OID10126,PID2054,A138,EMP1030,C1337,2022-09-27,1,127,127
OID10127,PID2066,A134,EMP1027,C1612,2022-07-20,2,2091,4182
OID10135,PID2015,A118,EMP1041,C1149,2022-06-24,1,637,637
OID10137,PID2093,A172,EMP1006,C1704,2022-03-18,1,112,112
OID10144,PID2020,A136,EMP1042,C1770,2022-11-17,3,2005,6015
OID10152,PID2027,A146,EMP1043,C1314,2022-05-01,4,2497,9988
OID10156,PID2068,A169,EMP1006,C1529,2022-08-18,3,1500,4500
OID10157,PID2025,A148,EMP1043,C1243,2022-07-05,2,667,1334
OID10159,PID2003,A137,EMP1036,C1086,2022-04-19,1,1783,1783
OID10167,PID2004,A144,EMP1043,C1286,2022-10-27,1,1278,1278
OID10172,PID2076,A101,EMP1005,C1507,2022-03-06,1,1522,1522
OID10176,PID2008,A124,EMP1032,C1369,2022-09-11,3,315,945
OID10177,PID2064,A109,EMP1027,C1057,2022-04-14,1,1414,1414
OID10182,PID2062,A161,EMP1026,C1657,2022-02-28,3,2464,7392
OID10183,PID2035,A106,EMP1014,C1444,2022-11-18,2,458,916
OID10184,PID2015,A114,EMP1025,C1480,2022-10-30,1,637,637
OID10186,PID2022,A133,EMP1025,C1064,2022-06-19,2,561,1122
OID10187,PID2100,A126,EMP1002,C1757,2022-05-31,3,799,2397
OID10195,PID2085,A156,EMP1025,C1694,2022-12-06,4,1862,7448
OID10197,PID2067,A134,EMP1002,C1717,2022-09-06,1,1119,1119
OID10198,PID2072,A136,EMP1006,C1584,2022-04-29,1,1887,1887
OID10200,PID2034,A124,EMP1012,C1098,2022-06-28,1,871,871
OID10204,PID2018,A112,EMP1030,C1214,2022-12-10,1,1972,1972
OID10211,PID2023,A155,EMP1005,C1277,2022-02-24,1,818,818
OID10214,PID2068,A149,EMP1044,C1274,2022-01-26,1,1500,1500
OID10217,PID2030,A102,EMP1021,C1174,2022-03-26,1,1899,1899
OID10220,PID2053,A158,EMP1033,C1150,2022-09-04,1,596,596
OID10225,PID2048,A118,EMP1043,C1776,2022-04-20,2,502,1004
OID10227,PID2069,A103,EMP1024,C1768,2022-02-16,2,378,756
OID10228,PID2075,A135,EMP1001,C1314,2022-07-19,2,400,800
OID10234,PID2096,A168,EMP1022,C1490,2022-11-12,1,1587,1587
OID10237,PID2080,A140,EMP1017,C1578,2022-12-11,1,2353,2353
OID10239,PID2046,A146,EMP1030,C1028,2022-05-14,1,2410,2410
OID10240,PID2012,A130,EMP1010,C1670,2022-12-22,1,1353,1353
OID10244,PID2072,A168,EMP1002,C1702,2022-12-24,1,1887,1887
OID10250,PID2075,A135,EMP1003,C1274,2022-07-18,2,400,800
OID10251,PID2040,A116,EMP1012,C1631,2022-12-10,3,1889,5667
OID10252,PID2091,A173,EMP1031,C1602,2022-10-17,4,368,1472
OID10253,PID2075,A109,EMP1005,C1514,2022-03-05,3,400,1200
OID10255,PID2064,A102,EMP1036,C1184,2022-02-26,2,1414,2828
OID10257,PID2001,A140,EMP1036,C1082,2022-01-11,1,951,951
OID10258,PID2043,A168,EMP1009,C1273,2022-09-11,4,545,2180
OID10260,PID2027,A130,EMP1033,C1028,2022-02-09,3,2497,7491
OID10263,PID2070,A162,EMP1042,C1758,2022-11-26,1,1671,1671
OID10265,PID2074,A149,EMP1003,C1096,2022-09-04,2,504,1008
OID10267,PID2036,A173,EMP1000,C1773,2022-04-08,2,1582,3164
OID10269,PID2095,A136,EMP1012,C1506,2022-10-10,4,1743,6972
OID10270,PID2012,A130,EMP1002,C1003,2022-10-17,1,1353,1353
OID10273,PID2010,A113,EMP1030,C1666,2022-12-11,1,1812,1812
OID10277,PID2096,A140,EMP1035,C1061,2022-07-13,1,1587,1587
OID10285,PID2050,A145,EMP1030,C1743,2022-10-26,1,2391,2391
OID10287,PID2052,A136,EMP1020,C1392,2022-11-14,1,1526,1526
OID10288,PID2097,A150,EMP1044,C1459,2022-01-19,1,1052,1052
OID10289,PID2056,A165,EMP1044,C1523,2022-01-03,1,1635,1635
OID10293,PID2069,A122,EMP1038,C1254,2022-07-27,1,378,378
OID10296,PID2070,A139,EMP1041,C1152,2022-08-02,3,1671,5013
OID10298,PID2015,A116,EMP1020,C1250,2022-10-31,1,637,637
OID10300,PID2032,A126,EMP1043,C1376,2022-11-18,1,1967,1967
OID10309,PID2068,A157,EMP1008,C1755,2022-11-06,1,1500,1500
OID10310,PID2091,A111,EMP1011,C1198,2022-03-15,2,368,736
OID10311,PID2088,A159,EMP1010,C1727,2022-05-27,3,603,1809
OID10312,PID2042,A114,EMP1010,C1515,2022-04-24,3,203,609
OID10315,PID2080,A104,EMP1018,C1425,2022-11-19,2,2353,4706
OID10327,PID2050,A112,EMP1039,C1773,2022-05-09,4,2391,9564
OID10329,PID2090,A152,EMP1043,C1388,2022-02-02,2,1338,2676
OID10330,PID2037,A139,EMP1008,C1635,2022-11-12,3,880,2640
OID10332,PID2077,A116,EMP1032,C1325,2022-05-22,3,530,1590
OID10342,PID2094,A106,EMP1013,C1213,2022-03-13,1,771,771
OID10344,PID2033,A146,EMP1005,C1492,2022-01-11,1,2182,2182
OID10354,PID2070,A159,EMP1022,C1392,2022-05-13,3,1671,5013
OID10357,PID2074,A154,EMP1043,C1798,2022-07-10,4,504,2016
OID10361,PID2034,A132,EMP1024,C1020,2022-06-26,1,871,871
OID10366,PID2059,A107,EMP1006,C1107,2022-03-23,3,1494,4482
OID10368,PID2024,A105,EMP1037,C1784,2022-09-24,1,356,356
OID10371,PID2099,A170,EMP1037,C1672,2022-12-27,1,1367,1367
OID10374,PID2091,A171,EMP1043,C1090,2022-01-27,3,368,1104
OID10375,PID2058,A116,EMP1023,C1503,2022-08-17,1,2257,2257
OID10376,PID2024,A128,EMP1002,C1426,2022-03-03,4,356,1424
OID10379,PID2044,A137,EMP1032,C1338,2022-12-29,1,886,886
OID10382,PID2038,A171,EMP1005,C1450,2022-03-25,3,392,1176
OID10386,PID2058,A167,EMP1024,C1141,2022-03-18,3,2257,6771
OID10388,PID2007,A148,EMP1015,C1402,2022-02-23,1,1405,1405
OID10389,PID2090,A132,EMP1036,C1620,2022-11-13,2,1338,2676
OID10391,PID2065,A104,EMP1004,C1595,2022-04-20,1,2396,2396
OID10392,PID2090,A155,EMP1038,C1084,2022-12-30,1,1338,1338
OID10393,PID2023,A151,EMP1020,C1543,2022-12-18,1,818,818
OID10394,PID2095,A136,EMP1001,C1736,2022-09-30,1,1743,1743
OID10397,PID2049,A124,EMP1036,C1082,2022-10-06,2,826,1652
OID10398,PID2077,A158,EMP1009,C1103,2022-03-10,4,530,2120
OID10402,PID2032,A159,EMP1044,C1237,2022-10-16,3,1967,5901
OID10404,PID2015,A171,EMP1044,C1015,2022-10-30,1,637,637
OID10406,PID2010,A149,EMP1023,C1054,2022-09-02,3,1812,5436
OID10412,PID2047,A130,EMP1002,C1666,2022-01-22,1,290,290
OID10415,PID2029,A159,EMP1006,C1625,2022-01-16,1,1848,1848
OID10418,PID2083,A129,EMP1040,C1787,2022-06-11,3,2141,6423
OID10422,PID2015,A137,EMP1006,C1514,2022-02-05,1,637,637
OID10424,PID2019,A107,EMP1021,C1151,2022-08-21,2,800,1600
OID10437,PID2056,A127,EMP1038,C1654,2022-01-04,3,1635,4905
OID10446,PID2042,A145,EMP1035,C1610,2022-11-01,4,203,812
OID10448,PID2005,A128,EMP1028,C1208,2022-01-02,2,684,1368
OID10450,PID2020,A163,EMP1013,C1553,2022-05-28,1,2005,2005
OID10451,PID2097,A143,EMP1021,C1299,2022-11-09,1,1052,1052
OID10453,PID2100,A138,EMP1028,C1589,2022-11-14,1,799,799
OID10458,PID2026,A119,EMP1013,C1648,2022-01-04,4,947,3788
OID10459,PID2017,A119,EMP1025,C1571,2022-08-09,2,35,70
OID10471,PID2081,A152,EMP1000,C1024,2022-06-17,2,1566,3132
OID10483,PID2022,A123,EMP1034,C1562,2022-03-14,4,561,2244
OID10489,PID2067,A117,EMP1002,C1306,2022-01-28,1,1119,1119
OID10493,PID2001,A108,EMP1021,C1083,2022-03-05,1,951,951
OID10494,PID2029,A172,EMP1019,C1726,2022-05-07,1,1848,1848
OID10500,PID2051,A118,EMP1044,C1673,2022-09-05,3,1077,3231
OID10502,PID2086,A163,EMP1019,C1317,2022-03-31,2,123,246
OID10504,PID2054,A132,EMP1039,C1234,2022-11-14,1,127,127
OID10505,PID2041,A156,EMP1002,C1455,2022-09-21,4,1380,5520
OID10506,PID2007,A118,EMP1009,C1715,2022-04-20,1,1405,1405
OID10518,PID2028,A105,EMP1007,C1236,2022-02-13,3,2283,6849
OID10523,PID2056,A166,EMP1033,C1710,2022-12-05,3,1635,4905
OID10526,PID2040,A170,EMP1005,C1295,2022-04-20,1,1889,1889
OID10531,PID2060,A136,EMP1011,C1683,2022-02-14,1,1467,1467
OID10534,PID2077,A161,EMP1017,C1479,2022-03-07,1,530,530
OID10536,PID2043,A114,EMP1000,C1730,2022-01-17,1,545,545
OID10540,PID2024,A111,EMP1000,C1382,2022-07-09,1,356,356
OID10543,PID2034,A115,EMP1038,C1786,2022-10-29,1,871,871
OID10544,PID2069,A151,EMP1044,C1640,2022-10-17,1,378,378
OID10548,PID2048,A173,EMP1007,C1154,2022-10-06,3,502,1506
OID10549,PID2020,A134,EMP1011,C1231,2022-12-19,1,2005,2005
OID10551,PID2091,A131,EMP1012,C1769,2022-04-28,1,368,368
OID10555,PID2066,A160,EMP1015,C1280,2022-03-26,2,2091,4182
OID10556,PID2097,A113,EMP1017,C1010,2022-01-08,1,1052,1052
OID10558,PID2096,A100,EMP1018,C1720,2022-02-10,3,1587,4761
OID10560,PID2029,A127,EMP1023,C1334,2022-08-13,3,1848,5544
OID10561,PID2058,A113,EMP1014,C1431,2022-10-12,2,2257,4514
OID10562,PID2081,A172,EMP1011,C1364,2022-09-30,1,1566,1566
OID10563,PID2004,A164,EMP1025,C1045,2022-01-16,1,1278,1278
OID10565,PID2056,A153,EMP1018,C1357,2022-04-22,2,1635,3270
OID10567,PID2041,A119,EMP1033,C1775,2022-02-21,1,1380,1380
OID10568,PID2051,A102,EMP1017,C1532,2022-03-17,1,1077,1077
OID10570,PID2045,A157,EMP1000,C1124,2022-11-09,1,556,556
OID10571,PID2032,A158,EMP1012,C1395,2022-10-27,1,1967,1967
OID10575,PID2077,A133,EMP1018,C1152,2022-05-19,1,530,530
OID10579,PID2042,A141,EMP1020,C1368,2022-02-18,2,203,406
OID10582,PID2070,A126,EMP1024,C1239,2022-05-01,2,1671,3342
OID10584,PID2019,A142,EMP1039,C1682,2022-11-18,1,800,800
OID10590,PID2022,A139,EMP1027,C1625,2022-08-17,4,561,2244
OID10593,PID2093,A142,EMP1022,C1559,2022-02-18,1,112,112
OID10596,PID2072,A103,EMP1023,C1317,2022-02-16,1,1887,1887
OID10598,PID2078,A140,EMP1023,C1663,2022-09-21,2,1798,3596
OID10605,PID2035,A130,EMP1037,C1767,2022-09-14,1,458,458
OID10608,PID2020,A173,EMP1001,C1720,2022-03-20,4,2005,8020
OID10610,PID2063,A112,EMP1031,C1079,2022-02-28,1,1708,1708
OID10611,PID2014,A151,EMP1007,C1126,2022-04-20,1,1809,1809
OID10612,PID2006,A101,EMP1017,C1181,2022-07-24,1,1826,1826
OID10615,PID2064,A151,EMP1038,C1190,2022-01-13,3,1414,4242
OID10617,PID2018,A108,EMP1023,C1446,2022-12-29,1,1972,1972
OID10619,PID2098,A121,EMP1038,C1247,2022-12-30,2,1178,2356
OID10620,PID2077,A129,EMP1016,C1798,2022-09-17,1,530,530
OID10621,PID2038,A141,EMP1040,C1390,2022-03-09,1,392,392
OID10624,PID2068,A121,EMP1021,C1659,2022-01-16,2,1500,3000
OID10627,PID2090,A122,EMP1038,C1092,2022-02-15,4,1338,5352
OID10630,PID2042,A162,EMP1011,C1335,2022-01-06,3,203,609
OID10631,PID2077,A130,EMP1019,C1780,2022-02-04,1,530,530
OID10632,PID2036,A153,EMP1043,C1559,2022-11-17,4,1582,6328
OID10633,PID2041,A148,EMP1031,C1038,2022-07-15,3,1380,4140
OID10635,PID2044,A130,EMP1036,C1386,2022-02-04,3,886,2658
OID10640,PID2008,A116,EMP1000,C1692,2022-03-07,3,315,945
OID10648,PID2017,A166,EMP1005,C1171,2022-11-14,1,35,35
OID10651,PID2049,A149,EMP1002,C1095,2022-05-19,4,826,3304
OID10652,PID2045,A165,EMP1015,C1701,2022-08-28,3,556,1668
OID10653,PID2060,A120,EMP1006,C1746,2022-01-10,1,1467,1467
OID10655,PID2032,A101,EMP1040,C1532,2022-09-30,2,1967,3934
OID10656,PID2013,A121,EMP1002,C1272,2022-06-15,1,368,368
OID10662,PID2055,A144,EMP1005,C1295,2022-10-14,2,2495,4990
OID10663,PID2061,A119,EMP1041,C1528,2022-04-29,1,913,913
OID10665,PID2091,A137,EMP1034,C1655,2022-04-19,3,368,1104
OID10667,PID2060,A163,EMP1035,C1640,2022-12-21,1,1467,1467
OID10668,PID2060,A106,EMP1013,C1665,2022-06-23,3,1467,4401
OID10671,PID2069,A130,EMP1027,C1075,2022-03-18,1,378,378
OID10673,PID2026,A105,EMP1025,C1611,2022-08-08,2,947,1894
OID10674,PID2055,A133,EMP1029,C1414,2022-05-23,2,2495,4990
OID10675,PID2051,A151,EMP1007,C1525,2022-09-29,3,1077,3231
OID10677,PID2028,A136,EMP1018,C1024,2022-03-29,1,2283,2283
OID10681,PID2052,A143,EMP1021,C1560,2022-01-26,4,1526,6104
OID10689,PID2019,A120,EMP1016,C1728,2022-05-04,4,800,3200
OID10691,PID2009,A101,EMP1019,C1333,2022-08-28,2,584,1168
OID10694,PID2044,A111,EMP1018,C1766,2022-11-14,1,886,886
OID10695,PID2042,A131,EMP1016,C1541,2022-05-09,1,203,203
OID10696,PID2033,A140,EMP1039,C1514,2022-08-15,1,2182,2182
OID10699,PID2004,A103,EMP1035,C1698,2022-04-15,2,1278,2556
OID10701,PID2004,A130,EMP1035,C1508,2022-04-21,4,1278,5112
OID10705,PID2083,A144,EMP1020,C1576,2022-09-10,1,2141,2141
OID10711,PID2046,A167,EMP1015,C1611,2022-09-21,1,2410,2410
OID10712,PID2035,A156,EMP1034,C1440,2022-02-15,1,458,458
OID10716,PID2054,A112,EMP1016,C1450,2022-03-20,2,127,254
OID10723,PID2097,A125,EMP1015,C1139,2022-05-21,2,1052,2104
OID10724,PID2033,A150,EMP1017,C1500,2022-10-24,3,2182,6546
OID10725,PID2065,A158,EMP1039,C1346,2022-07-18,4,2396,9584
OID10727,PID2037,A158,EMP1041,C1143,2022-08-25,3,880,2640
OID10729,PID2021,A115,EMP1034,C1148,2022-01-09,2,217,434
OID10730,PID2021,A144,EMP1008,C1414,2022-08-17,3,217,651
OID10731,PID2042,A167,EMP1020,C1285,2022-01-10,3,203,609
OID10737,PID2007,A100,EMP1017,C1626,2022-02-03,2,1405,2810
OID10741,PID2040,A121,EMP1009,C1573,2022-01-10,1,1889,1889
OID10745,PID2090,A159,EMP1041,C1438,2022-03-25,4,1338,5352
OID10747,PID2039,A104,EMP1020,C1592,2022-03-13,1,817,817
OID10748,PID2000,A141,EMP1022,C1346,2022-01-09,4,2241,8964
OID10757,PID2057,A130,EMP1000,C1042,2022-04-05,2,181,362
OID10760,PID2070,A156,EMP1015,C1599,2022-03-10,2,1671,3342
OID10765,PID2027,A158,EMP1011,C1239,2022-10-07,1,2497,2497
OID10766,PID2068,A153,EMP1019,C1599,2022-09-16,3,1500,4500
OID10769,PID2043,A154,EMP1035,C1285,2022-01-08,1,545,545
OID10777,PID2088,A160,EMP1009,C1200,2022-10-06,1,603,603
OID10780,PID2046,A116,EMP1019,C1290,2022-12-21,4,2410,9640
OID10786,PID2005,A152,EMP1015,C1701,2022-06-18,1,684,684
OID10789,PID2037,A157,EMP1005,C1476,2022-08-12,1,880,880
OID10791,PID2030,A122,EMP1001,C1215,2022-11-26,3,1899,5697
OID10792,PID2097,A161,EMP1010,C1251,2022-11-24,1,1052,1052
OID10794,PID2065,A166,EMP1043,C1760,2022-07-07,2,2396,4792
OID10798,PID2072,A126,EMP1011,C1713,2022-11-05,4,1887,7548
OID10800,PID2099,A115,EMP1025,C1082,2022-04-08,2,1367,2734
OID10803,PID2032,A142,EMP1003,C1357,2022-02-28,4,1967,7868
OID10810,PID2058,A147,EMP1027,C1704,2022-10-24,4,2257,9028
OID10811,PID2100,A131,EMP1003,C1569,2022-02-23,1,799,799
OID10812,PID2094,A113,EMP1007,C1307,2022-02-23,3,771,2313
OID10817,PID2063,A172,EMP1043,C1578,2022-02-07,1,1708,1708
OID10819,PID2050,A128,EMP1017,C1600,2022-01-22,1,2391,2391
OID10824,PID2068,A149,EMP1028,C1212,2022-05-04,1,1500,1500
OID10825,PID2011,A102,EMP1030,C1714,2022-05-25,1,530,530
OID10827,PID2074,A166,EMP1001,C1678,2022-06-05,3,504,1512
OID10830,PID2008,A108,EMP1026,C1395,2022-07-04,4,315,1260
OID10833,PID2006,A131,EMP1026,C1533,2022-05-04,1,1826,1826
OID10834,PID2041,A157,EMP1033,C1711,2022-11-10,4,1380,5520
OID10835,PID2011,A126,EMP1021,C1242,2022-04-26,1,530,530
OID10836,PID2014,A130,EMP1003,C1200,2022-03-15,3,1809,5427
OID10842,PID2047,A137,EMP1034,C1129,2022-08-15,2,290,580
OID10844,PID2046,A112,EMP1033,C1422,2022-08-27,1,2410,2410
OID10852,PID2040,A145,EMP1021,C1349,2022-08-14,1,1889,1889
OID10856,PID2036,A123,EMP1001,C1104,2022-02-11,1,1582,1582
OID10859,PID2042,A112,EMP1042,C1435,2022-07-09,1,203,203
OID10862,PID2005,A136,EMP1031,C1671,2022-07-18,4,684,2736
OID10865,PID2014,A102,EMP1035,C1171,2022-02-28,3,1809,5427
OID10866,PID2076,A123,EMP1004,C1329,2022-07-26,1,1522,1522
OID10867,PID2026,A110,EMP1020,C1189,2022-08-20,1,947,947
OID10868,PID2013,A124,EMP1041,C1756,2022-12-05,1,368,368
OID10869,PID2004,A156,EMP1025,C1771,2022-08-20,4,1278,5112
OID10871,PID2085,A171,EMP1038,C1547,2022-02-01,1,1862,1862
OID10873,PID2080,A161,EMP1011,C1283,2022-10-18,3,2353,7059
OID10874,PID2099,A140,EMP1042,C1056,2022-02-02,3,1367,4101
OID10877,PID2063,A166,EMP1022,C1515,2022-12-30,1,1708,1708
OID10881,PID2040,A144,EMP1022,C1536,2022-01-22,3,1889,5667
OID10882,PID2038,A144,EMP1025,C1576,2022-10-05,3,392,1176
OID10883,PID2020,A156,EMP1013,C1224,2022-06-08,2,2005,4010
OID10884,PID2088,A152,EMP1031,C1722,2022-05-20,1,603,603
OID10889,PID2073,A156,EMP1026,C1164,2022-05-22,1,95,95
OID10896,PID2022,A141,EMP1025,C1558,2022-04-22,2,561,1122
OID10899,PID2042,A125,EMP1031,C1723,2022-01-29,1,203,203
OID10904,PID2053,A134,EMP1021,C1721,2022-12-25,1,596,596
OID10905,PID2013,A102,EMP1016,C1059,2022-05-06,1,368,368
OID10907,PID2003,A127,EMP1028,C1100,2022-07-18,1,1783,1783
OID10908,PID2080,A110,EMP1026,C1246,2022-01-10,1,2353,2353
OID10916,PID2060,A107,EMP1020,C1748,2022-07-26,2,1467,2934
OID10923,PID2010,A124,EMP1011,C1540,2022-06-15,1,1812,1812
OID10927,PID2022,A103,EMP1010,C1037,2022-10-20,1,561,561
OID10928,PID2035,A165,EMP1031,C1527,2022-04-13,1,458,458
OID10930,PID2048,A133,EMP1027,C1605,2022-12-14,1,502,502
OID10931,PID2023,A154,EMP1036,C1767,2022-08-14,1,818,818
OID10932,PID2085,A155,EMP1009,C1414,2022-07-24,1,1862,1862
OID10934,PID2013,A115,EMP1034,C1704,2022-12-02,1,368,368
OID10943,PID2042,A125,EMP1025,C1287,2022-04-09,1,203,203
OID10945,PID2088,A159,EMP1006,C1782,2022-01-24,1,603,603
OID10950,PID2053,A146,EMP1000,C1364,2022-04-05,1,596,596
OID10953,PID2096,A152,EMP1024,C1630,2022-02-24,2,1587,3174
OID10957,PID2057,A104,EMP1039,C1687,2022-08-29,2,181,362
OID10960,PID2003,A124,EMP1042,C1309,2022-11-23,3,1783,5349
OID10961,PID2036,A147,EMP1023,C1243,2022-12-08,1,1582,1582
OID10962,PID2042,A126,EMP1014,C1111,2022-04-24,4,203,812
OID10966,PID2043,A115,EMP1019,C1610,2022-05-25,1,545,545
OID10969,PID2027,A115,EMP1026,C1784,2022-01-26,1,2497,2497
OID10981,PID2050,A118,EMP1019,C1770,2022-04-08,1,2391,2391
OID10985,PID2082,A121,EMP1025,C1454,2022-05-13,2,1103,2206
OID10986,PID2073,A161,EMP1006,C1158,2022-08-04,2,95,190
OID10987,PID2090,A166,EMP1028,C1664,2022-03-07,1,1338,1338
OID10989,PID2078,A138,EMP1011,C1757,2022-04-13,2,1798,3596
OID10990,PID2067,A128,EMP1024,C1202,2022-04-17,1,1119,1119
OID10991,PID2092,A100,EMP1012,C1284,2022-06-14,1,1639,1639
OID10992,PID2084,A118,EMP1037,C1330,2022-09-25,3,1783,5349
OID10994,PID2078,A147,EMP1016,C1565,2022-03-31,3,1798,5394
OID10995,PID2047,A172,EMP1017,C1688,2022-11-13,1,290,290
OID11000,PID2047,A165,EMP1036,C1753,2022-08-29,1,290,290
OID11007,PID2045,A145,EMP1042,C1685,2022-10-18,1,556,556
OID11009,PID2031,A151,EMP1008,C1716,2022-11-14,2,1638,3276
OID11011,PID2088,A107,EMP1006,C1258,2022-04-12,1,603,603
OID11013,PID2087,A129,EMP1039,C1266,2022-03-06,1,1022,1022
OID11017,PID2005,A129,EMP1036,C1708,2022-06-05,1,684,684
OID11018,PID2083,A161,EMP1025,C1482,2022-02-24,2,2141,4282
OID11023,PID2099,A166,EMP1011,C1512,2022-01-02,4,1367,5468
OID11026,PID2034,A172,EMP1025,C1190,2022-02-05,1,871,871
OID11031,PID2059,A164,EMP1014,C1202,2022-01-06,1,1494,1494
OID11036,PID2046,A111,EMP1038,C1567,2022-10-31,1,2410,2410
OID11037,PID2028,A147,EMP1037,C1714,2022-02-20,1,2283,2283
OID11040,PID2098,A163,EMP1041,C1063,2022-03-11,3,1178,3534
OID11043,PID2081,A103,EMP1020,C1326,2022-04-15,1,1566,1566
OID11046,PID2059,A137,EMP1021,C1085,2022-02-15,4,1494,5976
OID11050,PID2084,A104,EMP1014,C1345,2022-04-03,3,1783,5349
OID11051,PID2005,A127,EMP1014,C1207,2022-06-13,1,684,684
OID11052,PID2015,A133,EMP1005,C1106,2022-04-27,2,637,1274
OID11061,PID2078,A148,EMP1027,C1222,2022-05-24,1,1798,1798
OID11064,PID2067,A145,EMP1023,C1080,2022-04-11,2,1119,2238
OID11066,PID2085,A139,EMP1033,C1375,2022-12-20,2,1862,3724
OID11070,PID2062,A123,EMP1018,C1281,2022-03-03,1,2464,2464
OID11072,PID2010,A121,EMP1011,C1240,2022-07-31,1,1812,1812
OID11073,PID2095,A126,EMP1039,C1539,2022-03-23,2,1743,3486
OID11077,PID2089,A123,EMP1017,C1400,2022-11-14,1,2294,2294
OID11078,PID2049,A126,EMP1038,C1249,2022-11-04,1,826,826
OID11080,PID2094,A143,EMP1042,C1354,2022-09-15,2,771,1542
OID11082,PID2055,A151,EMP1009,C1373,2022-04-03,1,2495,2495
OID11087,PID2038,A173,EMP1041,C1206,2022-12-01,2,392,784
OID11092,PID2032,A156,EMP1015,C1003,2022-06-29,3,1967,5901
OID11095,PID2011,A136,EMP1011,C1702,2022-11-30,1,530,530
OID11097,PID2083,A136,EMP1028,C1022,2022-02-20,1,2141,2141
OID11098,PID2057,A109,EMP1004,C1520,2022-08-31,4,181,724
OID11100,PID2029,A171,EMP1033,C1665,2022-10-06,1,1848,1848
OID11102,PID2063,A113,EMP1003,C1076,2022-08-25,3,1708,5124
OID11105,PID2035,A143,EMP1038,C1420,2022-07-13,2,458,916
OID11108,PID2091,A148,EMP1010,C1644,2022-08-05,1,368,368
OID11111,PID2016,A131,EMP1039,C1032,2022-05-29,1,1351,1351
OID11112,PID2050,A106,EMP1027,C1605,2022-07-05,3,2391,7173
OID11116,PID2029,A130,EMP1029,C1709,2022-11-09,1,1848,1848
OID11119,PID2000,A110,EMP1040,C1722,2022-03-16,3,2241,6723
OID11120,PID2067,A123,EMP1025,C1098,2022-04-09,3,1119,3357
OID11124,PID2004,A144,EMP1012,C1791,2022-10-10,1,1278,1278
OID11125,PID2097,A120,EMP1005,C1776,2022-01-03,2,1052,2104
OID11130,PID2017,A133,EMP1034,C1568,2022-10-10,4,35,140
OID11131,PID2097,A132,EMP1006,C1093,2022-04-28,1,1052,1052
OID11136,PID2027,A137,EMP1023,C1596,2022-11-17,4,2497,9988
OID11138,PID2032,A125,EMP1021,C1298,2022-10-12,2,1967,3934
OID11140,PID2024,A137,EMP1031,C1549,2022-04-18,2,356,712
OID11142,PID2083,A129,EMP1007,C1714,2022-12-25,3,2141,6423
OID11146,PID2020,A147,EMP1021,C1225,2022-04-21,3,2005,6015
OID11147,PID2010,A126,EMP1029,C1621,2022-04-27,4,1812,7248
OID11148,PID2063,A140,EMP1038,C1300,2022-08-26,3,1708,5124
OID11149,PID2007,A165,EMP1028,C1015,2022-07-30,1,1405,1405
OID11150,PID2062,A131,EMP1007,C1564,2022-11-14,1,2464,2464
OID11151,PID2046,A143,EMP1009,C1783,2022-05-07,1,2410,2410
OID11153,PID2019,A104,EMP1004,C1045,2022-12-26,1,800,800
OID11154,PID2030,A108,EMP1009,C1502,2022-07-13,3,1899,5697
OID11157,PID2031,A156,EMP1035,C1702,2022-07-22,2,1638,3276
OID11158,PID2009,A119,EMP1020,C1764,2022-10-30,2,584,1168
OID11162,PID2043,A103,EMP1021,C1343,2022-08-19,2,545,1090
OID11163,PID2046,A151,EMP1003,C1419,2022-05-18,1,2410,2410
OID11164,PID2046,A162,EMP1008,C1454,2022-05-19,2,2410,4820
OID11167,PID2071,A159,EMP1024,C1456,2022-12-25,2,136,272
OID11168,PID2037,A172,EMP1021,C1024,2022-12-22,2,880,1760
OID11176,PID2042,A128,EMP1038,C1001,2022-09-27,1,203,203
OID11181,PID2034,A129,EMP1033,C1724,2022-04-20,2,871,1742
OID11182,PID2015,A145,EMP1024,C1746,2022-01-14,2,637,1274
OID11184,PID2051,A140,EMP1028,C1463,2022-11-11,1,1077,1077
OID11190,PID2030,A109,EMP1033,C1341,2022-05-13,2,1899,3798
OID11192,PID2078,A100,EMP1008,C1373,2022-09-06,3,1798,5394
OID11195,PID2091,A168,EMP1032,C1687,2022-11-25,4,368,1472
OID11196,PID2062,A122,EMP1007,C1095,2022-09-06,4,2464,9856
OID11200,PID2054,A170,EMP1002,C1055,2022-02-26,1,127,127
OID11201,PID2083,A113,EMP1008,C1649,2022-08-02,3,2141,6423
OID11202,PID2015,A130,EMP1011,C1767,2022-01-13,4,637,2548
OID11203,PID2080,A126,EMP1039,C1467,2022-01-13,3,2353,7059
OID11204,PID2043,A124,EMP1000,C1747,2022-04-14,1,545,545
OID11205,PID2054,A172,EMP1015,C1719,2022-11-08,2,127,254
OID11216,PID2090,A118,EMP1043,C1454,2022-12-09,2,1338,2676
OID11224,PID2067,A129,EMP1026,C1233,2022-09-12,1,1119,1119
OID11225,PID2006,A117,EMP1006,C1314,2022-01-12,1,1826,1826
OID11227,PID2096,A140,EMP1030,C1623,2022-11-07,1,1587,1587
OID11228,PID2021,A134,EMP1017,C1134,2022-06-08,1,217,217
OID11229,PID2090,A148,EMP1014,C1196,2022-02-21,3,1338,4014
OID11231,PID2017,A104,EMP1006,C1741,2022-11-06,3,35,105
OID11232,PID2029,A111,EMP1034,C1311,2022-01-09,1,1848,1848
OID11233,PID2075,A107,EMP1005,C1669,2022-05-18,3,400,1200
OID11236,PID2035,A170,EMP1042,C1289,2022-10-06,1,458,458
OID11239,PID2041,A116,EMP1030,C1719,2022-10-17,1,1380,1380
OID11240,PID2060,A125,EMP1024,C1228,2022-06-02,2,1467,2934
OID11241,PID2019,A165,EMP1005,C1172,2022-01-01,4,800,3200
OID11243,PID2026,A117,EMP1032,C1554,2022-01-03,2,947,1894
OID11248,PID2064,A171,EMP1008,C1082,2022-12-30,3,1414,4242
OID11249,PID2074,A161,EMP1039,C1526,2022-01-27,2,504,1008
OID11265,PID2057,A118,EMP1013,C1536,2022-02-02,1,181,181
OID11273,PID2001,A171,EMP1038,C1352,2022-09-23,4,951,3804
OID11274,PID2025,A156,EMP1035,C1610,2022-03-27,2,667,1334
OID11279,PID2072,A142,EMP1030,C1580,2022-10-19,2,1887,3774
OID11281,PID2092,A103,EMP1037,C1539,2022-03-14,1,1639,1639
OID11286,PID2044,A146,EMP1007,C1521,2022-10-16,2,886,1772
OID11287,PID2083,A113,EMP1033,C1242,2022-07-26,3,2141,6423
OID11288,PID2083,A132,EMP1040,C1512,2022-01-31,1,2141,2141
OID11291,PID2051,A120,EMP1012,C1796,2022-12-04,3,1077,3231
OID11294,PID2098,A159,EMP1002,C1145,2022-12-25,2,1178,2356
OID11297,PID2069,A118,EMP1006,C1575,2022-12-10,4,378,1512
OID11298,PID2074,A158,EMP1031,C1085,2022-08-28,2,504,1008
OID11300,PID2099,A172,EMP1022,C1787,2022-02-21,3,1367,4101
OID11301,PID2086,A120,EMP1023,C1140,2022-11-19,1,123,123
OID11303,PID2067,A167,EMP1027,C1447,2022-07-04,4,1119,4476
OID11304,PID2027,A168,EMP1041,C1683,2022-04-20,4,2497,9988
OID11305,PID2087,A137,EMP1020,C1686,2022-04-08,4,1022,4088
OID11307,PID2039,A142,EMP1005,C1576,2022-12-12,2,817,1634
OID11309,PID2062,A131,EMP1021,C1448,2022-09-15,1,2464,2464
OID11311,PID2068,A153,EMP1040,C1243,2022-03-22,2,1500,3000
OID11313,PID2008,A166,EMP1007,C1085,2022-07-30,1,315,315
OID11314,PID2063,A111,EMP1041,C1245,2022-09-05,3,1708,5124
OID11319,PID2021,A161,EMP1031,C1493,2022-04-20,4,217,868
OID11321,PID2072,A157,EMP1044,C1086,2022-01-26,2,1887,3774
OID11322,PID2081,A135,EMP1025,C1207,2022-03-25,1,1566,1566
OID11324,PID2085,A154,EMP1030,C1489,2022-05-08,2,1862,3724
OID11331,PID2059,A166,EMP1010,C1646,2022-08-12,1,1494,1494
OID11334,PID2026,A128,EMP1028,C1192,2022-10-10,2,947,1894
OID11343,PID2039,A172,EMP1016,C1202,2022-04-24,3,817,2451
OID11348,PID2033,A122,EMP1018,C1068,2022-04-06,1,2182,2182
OID11350,PID2095,A165,EMP1039,C1096,2022-07-10,1,1743,1743
OID11352,PID2068,A142,EMP1004,C1370,2022-03-27,1,1500,1500
OID11362,PID2012,A103,EMP1011,C1667,2022-07-28,1,1353,1353
OID11364,PID2024,A116,EMP1038,C1400,2022-01-19,3,356,1068
OID11367,PID2033,A120,EMP1040,C1032,2022-11-27,1,2182,2182
OID11369,PID2028,A166,EMP1042,C1712,2022-09-06,1,2283,2283
OID11371,PID2015,A119,EMP1004,C1217,2022-03-04,1,637,637
OID11372,PID2032,A139,EMP1001,C1129,2022-03-23,2,1967,3934
OID11377,PID2007,A114,EMP1024,C1684,2022-12-11,2,1405,2810
OID11378,PID2063,A109,EMP1022,C1116,2022-03-15,2,1708,3416
OID11380,PID2078,A144,EMP1020,C1289,2022-02-08,4,1798,7192
OID11381,PID2040,A143,EMP1009,C1793,2022-12-07,1,1889,1889
OID11384,PID2094,A114,EMP1004,C1704,2022-06-17,2,771,1542
OID11386,PID2006,A146,EMP1012,C1441,2022-07-25,1,1826,1826
OID11387,PID2030,A134,EMP1028,C1084,2022-12-31,4,1899,7596
OID11388,PID2065,A121,EMP1040,C1774,2022-04-11,1,2396,2396
OID11390,PID2088,A122,EMP1004,C1393,2022-03-15,1,603,603
OID11401,PID2066,A126,EMP1029,C1255,2022-12-28,1,2091,2091
OID11404,PID2057,A148,EMP1024,C1104,2022-02-23,1,181,181
OID11409,PID2070,A104,EMP1017,C1785,2022-05-15,1,1671,1671
OID11411,PID2018,A111,EMP1026,C1564,2022-01-18,3,1972,5916
OID11413,PID2082,A123,EMP1036,C1220,2022-07-19,1,1103,1103
OID11415,PID2006,A131,EMP1008,C1304,2022-10-24,1,1826,1826
OID11422,PID2053,A117,EMP1005,C1171,2022-02-04,1,596,596
OID11423,PID2061,A103,EMP1026,C1387,2022-03-24,4,913,3652
OID11424,PID2087,A157,EMP1025,C1795,2022-11-01,1,1022,1022
OID11430,PID2064,A149,EMP1026,C1792,2022-04-11,3,1414,4242
OID11432,PID2015,A162,EMP1034,C1680,2022-09-04,1,637,637
OID11434,PID2095,A115,EMP1014,C1728,2022-06-13,4,1743,6972
OID11438,PID2030,A137,EMP1029,C1354,2022-10-30,1,1899,1899
OID11439,PID2073,A145,EMP1039,C1701,2022-03-29,1,95,95
OID11440,PID2025,A144,EMP1007,C1462,2022-03-03,3,667,2001
OID11442,PID2096,A107,EMP1005,C1273,2022-11-23,1,1587,1587
OID11443,PID2085,A169,EMP1013,C1186,2022-11-20,3,1862,5586
OID11448,PID2080,A165,EMP1026,C1305,2022-02-28,3,2353,7059
OID11452,PID2091,A118,EMP1033,C1048,2022-04-07,3,368,1104
OID11462,PID2006,A127,EMP1025,C1249,2022-02-15,2,1826,3652
OID11463,PID2084,A110,EMP1009,C1330,2022-06-25,2,1783,3566
OID11464,PID2020,A154,EMP1019,C1034,2022-07-26,2,2005,4010
OID11470,PID2027,A115,EMP1001,C1249,2022-04-04,1,2497,2497
OID11473,PID2024,A131,EMP1021,C1615,2022-10-23,1,356,356
OID11475,PID2033,A108,EMP1003,C1244,2022-04-13,2,2182,4364
OID11478,PID2085,A142,EMP1010,C1440,2022-03-29,1,1862,1862
OID11479,PID2047,A156,EMP1026,C1246,2022-12-05,3,290,870
OID11482,PID2067,A146,EMP1030,C1611,2022-03-08,3,1119,3357
OID11483,PID2100,A137,EMP1022,C1731,2022-04-09,4,799,3196
OID11491,PID2099,A127,EMP1027,C1476,2022-07-12,1,1367,1367
OID11495,PID2090,A112,EMP1023,C1374,2022-09-30,4,1338,5352
OID11498,PID2087,A102,EMP1006,C1135,2022-11-07,3,1022,3066
OID11500,PID2021,A162,EMP1032,C1289,2022-08-28,1,217,217
OID11503,PID2099,A121,EMP1044,C1003,2022-02-08,2,1367,2734
OID11506,PID2085,A138,EMP1044,C1114,2022-06-30,3,1862,5586
OID11507,PID2028,A100,EMP1025,C1464,2022-03-19,1,2283,2283
OID11509,PID2044,A172,EMP1031,C1606,2022-06-22,3,886,2658
OID11517,PID2005,A150,EMP1043,C1630,2022-08-04,4,684,2736
OID11518,PID2049,A113,EMP1012,C1137,2022-01-16,4,826,3304
OID11521,PID2009,A171,EMP1030,C1167,2022-02-08,3,584,1752
OID11524,PID2097,A109,EMP1000,C1782,2022-04-26,1,1052,1052
OID11527,PID2000,A111,EMP1038,C1733,2022-12-29,2,2241,4482
OID11529,PID2075,A102,EMP1029,C1210,2022-04-28,1,400,400
OID11533,PID2067,A166,EMP1024,C1120,2022-07-01,2,1119,2238
OID11534,PID2021,A117,EMP1012,C1344,2022-09-17,4,217,868
OID11543,PID2072,A114,EMP1035,C1394,2022-01-14,1,1887,1887
OID11544,PID2088,A107,EMP1020,C1217,2022-10-13,1,603,603
OID11547,PID2027,A146,EMP1025,C1382,2022-04-07,2,2497,4994
OID11548,PID2045,A105,EMP1030,C1709,2022-07-04,3,556,1668
OID11554,PID2088,A122,EMP1030,C1623,2022-03-02,1,603,603
OID11562,PID2033,A123,EMP1007,C1003,2022-01-25,2,2182,4364
OID11565,PID2094,A170,EMP1043,C1406,2022-01-16,3,771,2313
OID11566,PID2073,A154,EMP1031,C1194,2022-06-02,4,95,380
OID11568,PID2034,A131,EMP1034,C1385,2022-02-07,1,871,871
OID11571,PID2025,A163,EMP1013,C1286,2022-07-23,1,667,667
OID11573,PID2042,A152,EMP1001,C1264,2022-01-05,1,203,203
OID11577,PID2094,A116,EMP1026,C1308,2022-12-11,3,771,2313
OID11579,PID2032,A105,EMP1027,C1108,2022-11-30,2,1967,3934
OID11580,PID2080,A158,EMP1018,C1374,2022-06-06,1,2353,2353
OID11591,PID2097,A136,EMP1009,C1493,2022-04-23,2,1052,2104
OID11593,PID2083,A125,EMP1037,C1207,2022-01-07,1,2141,2141
OID11595,PID2033,A167,EMP1028,C1202,2022-04-15,4,2182,8728
OID11597,PID2059,A158,EMP1017,C1436,2022-03-30,3,1494,4482
OID11599,PID2055,A145,EMP1044,C1710,2022-02-18,2,2495,4990
OID11600,PID2002,A125,EMP1042,C1087,2022-02-17,2,847,1694
OID11601,PID2088,A171,EMP1022,C1691,2022-02-24,1,603,603
OID11605,PID2019,A116,EMP1030,C1168,2022-08-14,1,800,800
OID11606,PID2060,A157,EMP1009,C1774,2022-04-20,3,1467,4401
OID11611,PID2086,A166,EMP1039,C1202,2022-08-12,1,123,123
OID11612,PID2095,A146,EMP1033,C1738,2022-12-07,1,1743,1743
OID11614,PID2084,A156,EMP1016,C1179,2022-02-09,2,1783,3566
OID11621,PID2013,A160,EMP1020,C1181,2022-09-21,3,368,1104
OID11623,PID2013,A111,EMP1024,C1144,2022-04-26,1,368,368
OID11625,PID2030,A158,EMP1029,C1749,2022-10-07,3,1899,5697
OID11628,PID2068,A140,EMP1033,C1213,2022-08-01,3,1500,4500
OID11629,PID2055,A105,EMP1032,C1134,2022-10-28,3,2495,7485
OID11630,PID2029,A104,EMP1026,C1623,2022-01-05,4,1848,7392
OID11631,PID2021,A161,EMP1034,C1153,2022-04-13,4,217,868
OID11637,PID2036,A170,EMP1036,C1022,2022-05-26,2,1582,3164
OID11638,PID2098,A108,EMP1003,C1769,2022-12-25,1,1178,1178
OID11640,PID2026,A136,EMP1002,C1383,2022-02-12,3,947,2841
OID11645,PID2045,A161,EMP1018,C1161,2022-09-11,2,556,1112
OID11647,PID2031,A116,EMP1038,C1622,2022-12-05,3,1638,4914
OID11656,PID2059,A104,EMP1020,C1115,2022-01-15,4,1494,5976
OID11660,PID2084,A170,EMP1024,C1571,2022-08-17,2,1783,3566
OID11665,PID2047,A132,EMP1042,C1536,2022-07-21,3,290,870
OID11666,PID2012,A112,EMP1015,C1354,2022-10-17,3,1353,4059
OID11668,PID2050,A121,EMP1040,C1345,2022-12-11,4,2391,9564
OID11673,PID2023,A125,EMP1020,C1528,2022-02-24,1,818,818
OID11677,PID2017,A144,EMP1030,C1323,2022-07-23,1,35,35
OID11678,PID2061,A114,EMP1022,C1494,2022-06-21,2,913,1826
OID11681,PID2051,A101,EMP1030,C1768,2022-06-22,4,1077,4308
OID11684,PID2049,A144,EMP1017,C1216,2022-10-22,3,826,2478
OID11687,PID2062,A147,EMP1015,C1415,2022-05-18,3,2464,7392
OID11688,PID2097,A154,EMP1034,C1220,2022-11-06,2,1052,2104
OID11690,PID2090,A113,EMP1042,C1319,2022-12-19,4,1338,5352
OID11698,PID2049,A113,EMP1030,C1551,2022-04-11,4,826,3304
OID11702,PID2000,A120,EMP1004,C1305,2022-05-03,1,2241,2241
OID11703,PID2065,A118,EMP1036,C1534,2022-10-11,3,2396,7188
OID11705,PID2033,A156,EMP1036,C1600,2022-05-13,4,2182,8728
OID11708,PID2052,A111,EMP1029,C1665,2022-11-03,1,1526,1526
OID11714,PID2075,A163,EMP1012,C1581,2022-09-17,1,400,400
OID11717,PID2045,A141,EMP1040,C1023,2022-02-23,2,556,1112
OID11718,PID2052,A117,EMP1023,C1535,2022-08-05,1,1526,1526
OID11720,PID2065,A101,EMP1019,C1533,2022-01-07,2,2396,4792
OID11721,PID2033,A118,EMP1039,C1443,2022-03-19,4,2182,8728
OID11726,PID2012,A104,EMP1010,C1065,2022-07-07,1,1353,1353
OID11728,PID2036,A163,EMP1032,C1129,2022-03-24,1,1582,1582
OID11729,PID2058,A105,EMP1015,C1520,2022-06-10,1,2257,2257
OID11730,PID2025,A153,EMP1015,C1069,2022-03-30,4,667,2668
OID11731,PID2040,A119,EMP1043,C1212,2022-01-25,1,1889,1889
OID11734,PID2022,A103,EMP1036,C1298,2022-09-15,3,561,1683
OID11737,PID2095,A136,EMP1023,C1011,2022-11-07,1,1743,1743
OID11741,PID2022,A161,EMP1028,C1616,2022-07-10,2,561,1122
OID11746,PID2024,A105,EMP1039,C1494,2022-04-18,1,356,356
OID11753,PID2022,A172,EMP1024,C1247,2022-03-01,1,561,561
OID11756,PID2073,A149,EMP1004,C1704,2022-01-02,2,95,190
OID11760,PID2100,A136,EMP1026,C1574,2022-09-20,4,799,3196
OID11761,PID2047,A173,EMP1018,C1476,2022-03-28,3,290,870
OID11762,PID2019,A163,EMP1004,C1333,2022-01-12,3,800,2400
OID11763,PID2078,A112,EMP1033,C1621,2022-02-24,1,1798,1798
OID11765,PID2015,A120,EMP1024,C1642,2022-09-19,1,637,637
OID11772,PID2083,A107,EMP1022,C1297,2022-05-20,1,2141,2141
OID11773,PID2035,A145,EMP1005,C1597,2022-01-23,4,458,1832
OID11774,PID2016,A107,EMP1016,C1296,2022-05-13,1,1351,1351
OID11777,PID2090,A106,EMP1014,C1412,2022-12-02,1,1338,1338
OID11780,PID2090,A142,EMP1003,C1465,2022-06-10,1,1338,1338
OID11781,PID2083,A162,EMP1026,C1215,2022-03-18,1,2141,2141
OID11782,PID2013,A169,EMP1044,C1676,2022-06-15,4,368,1472
OID11786,PID2022,A152,EMP1016,C1552,2022-09-28,1,561,561
OID11787,PID2007,A159,EMP1021,C1673,2022-08-20,1,1405,1405
OID11788,PID2060,A123,EMP1035,C1252,2022-11-11,3,1467,4401
OID11791,PID2061,A128,EMP1043,C1653,2022-08-26,1,913,913
OID11793,PID2045,A143,EMP1042,C1041,2022-07-27,1,556,556
OID11795,PID2054,A127,EMP1006,C1315,2022-06-24,1,127,127
OID11802,PID2045,A157,EMP1027,C1332,2022-01-13,3,556,1668
OID11804,PID2044,A119,EMP1004,C1573,2022-04-27,3,886,2658
OID11810,PID2022,A117,EMP1038,C1121,2022-04-15,1,561,561
OID11811,PID2005,A113,EMP1008,C1334,2022-04-28,4,684,2736
OID11816,PID2090,A171,EMP1041,C1565,2022-08-24,1,1338,1338
OID11818,PID2063,A129,EMP1029,C1076,2022-02-19,1,1708,1708
OID11819,PID2074,A122,EMP1017,C1651,2022-12-13,1,504,504
OID11822,PID2031,A117,EMP1034,C1746,2022-12-31,3,1638,4914
OID11823,PID2060,A151,EMP1043,C1043,2022-12-08,1,1467,1467
OID11824,PID2096,A124,EMP1029,C1078,2022-07-08,3,1587,4761
OID11827,PID2034,A120,EMP1036,C1622,2022-01-12,2,871,1742
OID11831,PID2028,A127,EMP1038,C1338,2022-11-24,1,2283,2283
OID11838,PID2077,A134,EMP1002,C1743,2022-09-15,2,530,1060
OID11840,PID2065,A109,EMP1009,C1567,2022-01-14,4,2396,9584
OID11847,PID2071,A124,EMP1041,C1304,2022-08-28,2,136,272
OID11848,PID2015,A152,EMP1015,C1356,2022-03-16,3,637,1911
OID11853,PID2068,A123,EMP1023,C1057,2022-10-06,3,1500,4500
OID11855,PID2085,A123,EMP1032,C1130,2022-05-18,1,1862,1862
OID11856,PID2033,A135,EMP1040,C1788,2022-01-04,1,2182,2182
OID11858,PID2087,A168,EMP1034,C1654,2022-10-08,4,1022,4088
OID11859,PID2083,A102,EMP1018,C1463,2022-10-11,4,2141,8564
OID11861,PID2085,A156,EMP1004,C1109,2022-04-25,1,1862,1862
OID11863,PID2050,A105,EMP1017,C1042,2022-10-07,1,2391,2391
OID11868,PID2077,A157,EMP1033,C1568,2022-12-29,2,530,1060
OID11872,PID2070,A169,EMP1007,C1193,2022-04-04,4,1671,6684
OID11876,PID2040,A122,EMP1024,C1702,2022-06-04,3,1889,5667
OID11880,PID2037,A111,EMP1035,C1079,2022-02-05,2,880,1760
OID11881,PID2009,A164,EMP1006,C1198,2022-02-21,3,584,1752
OID11885,PID2064,A112,EMP1033,C1008,2022-03-21,3,1414,4242
OID11886,PID2061,A132,EMP1006,C1265,2022-07-22,1,913,913
OID11892,PID2073,A173,EMP1014,C1073,2022-03-23,1,95,95
OID11896,PID2067,A156,EMP1003,C1524,2022-01-04,1,1119,1119
OID11898,PID2097,A152,EMP1017,C1676,2022-06-22,2,1052,2104
OID11902,PID2024,A115,EMP1012,C1712,2022-11-07,4,356,1424
OID11905,PID2051,A148,EMP1044,C1665,2022-02-15,2,1077,2154
OID11917,PID2004,A151,EMP1000,C1553,2022-07-10,2,1278,2556
OID11918,PID2044,A145,EMP1035,C1741,2022-03-28,3,886,2658
OID11920,PID2056,A113,EMP1023,C1648,2022-02-27,1,1635,1635
OID11922,PID2085,A170,EMP1031,C1324,2022-05-02,1,1862,1862
OID11927,PID2012,A134,EMP1025,C1033,2022-08-06,1,1353,1353
OID11928,PID2072,A107,EMP1030,C1343,2022-10-07,4,1887,7548
OID11931,PID2008,A157,EMP1035,C1048,2022-12-01,1,315,315
OID11933,PID2036,A133,EMP1004,C1649,2022-01-22,2,1582,3164
OID11934,PID2063,A100,EMP1036,C1379,2022-09-15,1,1708,1708
OID11937,PID2097,A163,EMP1015,C1395,2022-08-29,1,1052,1052
OID11938,PID2098,A123,EMP1029,C1081,2022-03-15,1,1178,1178
OID11941,PID2060,A145,EMP1023,C1291,2022-07-18,2,1467,2934
OID11942,PID2063,A127,EMP1038,C1135,2022-09-27,4,1708,6832
OID11946,PID2054,A148,EMP1012,C1073,2022-08-03,1,127,127
OID11954,PID2023,A157,EMP1020,C1592,2022-04-10,1,818,818
OID11958,PID2053,A153,EMP1019,C1632,2022-11-12,3,596,1788
OID11961,PID2070,A170,EMP1002,C1741,2022-03-06,1,1671,1671
OID11962,PID2069,A170,EMP1033,C1701,2022-11-14,2,378,756
OID11963,PID2024,A162,EMP1033,C1434,2022-03-08,3,356,1068
OID11965,PID2078,A114,EMP1024,C1644,2022-05-08,1,1798,1798
OID11969,PID2025,A108,EMP1041,C1723,2022-12-05,1,667,667
OID11970,PID2034,A158,EMP1026,C1531,2022-06-18,2,871,1742
OID11971,PID2077,A154,EMP1020,C1412,2022-05-24,2,530,1060
OID11972,PID2086,A169,EMP1027,C1000,2022-04-14,2,123,246
OID11973,PID2017,A133,EMP1020,C1094,2022-08-13,2,35,70
OID11977,PID2065,A127,EMP1022,C1272,2022-10-31,2,2396,4792
OID11982,PID2093,A153,EMP1016,C1244,2022-08-18,1,112,112
OID11985,PID2018,A104,EMP1021,C1237,2022-11-15,1,1972,1972
OID11994,PID2009,A172,EMP1026,C1768,2022-12-06,2,584,1168
OID11999,PID2092,A120,EMP1024,C1055,2022-12-06,4,1639,6556
OID12003,PID2063,A125,EMP1032,C1263,2022-06-25,2,1708,3416
OID12007,PID2079,A124,EMP1005,C1024,2022-06-02,1,1725,1725
OID12009,PID2090,A147,EMP1018,C1603,2022-09-11,1,1338,1338
OID12010,PID2082,A131,EMP1042,C1763,2022-07-17,3,1103,3309
OID12011,PID2069,A162,EMP1013,C1502,2022-07-08,2,378,756
OID12012,PID2058,A134,EMP1036,C1181,2022-05-04,4,2257,9028
OID12013,PID2006,A133,EMP1011,C1199,2022-09-08,1,1826,1826
OID12014,PID2012,A146,EMP1040,C1523,2022-01-09,2,1353,2706
OID12016,PID2054,A149,EMP1029,C1514,2022-03-07,1,127,127
OID12017,PID2023,A173,EMP1026,C1570,2022-01-07,4,818,3272
OID12018,PID2074,A102,EMP1018,C1314,2022-03-06,2,504,1008
OID12020,PID2099,A140,EMP1041,C1283,2022-09-07,2,1367,2734
OID12028,PID2009,A144,EMP1037,C1341,2022-09-08,2,584,1168
OID12030,PID2080,A121,EMP1018,C1017,2022-07-19,4,2353,9412
OID12034,PID2046,A164,EMP1026,C1757,2022-01-10,2,2410,4820
OID12035,PID2079,A137,EMP1024,C1539,2022-08-03,1,1725,1725
OID12036,PID2066,A115,EMP1043,C1411,2022-01-17,2,2091,4182
OID12037,PID2018,A165,EMP1023,C1490,2022-04-26,1,1972,1972
OID12038,PID2015,A136,EMP1011,C1314,2022-05-17,1,637,637
OID12040,PID2063,A102,EMP1037,C1557,2022-04-26,4,1708,6832
OID12041,PID2051,A171,EMP1024,C1563,2022-05-28,1,1077,1077
OID12049,PID2063,A150,EMP1018,C1712,2022-06-12,4,1708,6832
OID12057,PID2061,A103,EMP1021,C1580,2022-09-05,1,913,913
OID12058,PID2095,A164,EMP1026,C1132,2022-06-28,3,1743,5229
OID12059,PID2047,A104,EMP1036,C1493,2022-12-20,1,290,290
OID12061,PID2096,A134,EMP1020,C1366,2022-12-15,3,1587,4761
OID12062,PID2012,A108,EMP1025,C1058,2022-05-24,4,1353,5412
OID12064,PID2023,A126,EMP1024,C1193,2022-07-27,2,818,1636
OID12065,PID2017,A103,EMP1035,C1538,2022-04-20,4,35,140
OID12071,PID2052,A145,EMP1035,C1037,2022-10-29,3,1526,4578
OID12075,PID2075,A112,EMP1039,C1357,2022-06-16,4,400,1600
OID12079,PID2026,A115,EMP1009,C1313,2022-06-02,3,947,2841
OID12081,PID2078,A163,EMP1014,C1189,2022-05-15,3,1798,5394
OID12083,PID2082,A171,EMP1032,C1068,2022-09-06,1,1103,1103
OID12086,PID2034,A146,EMP1035,C1180,2022-11-21,3,871,2613
OID12089,PID2067,A152,EMP1003,C1591,2022-07-29,1,1119,1119
OID12091,PID2100,A164,EMP1003,C1298,2022-10-13,4,799,3196
OID12092,PID2069,A160,EMP1040,C1531,2022-07-17,1,378,378
OID12093,PID2069,A149,EMP1028,C1737,2022-02-14,3,378,1134
OID12095,PID2036,A120,EMP1008,C1744,2022-01-21,2,1582,3164
OID12096,PID2065,A133,EMP1030,C1001,2022-04-28,1,2396,2396
OID12098,PID2097,A105,EMP1030,C1518,2022-12-11,1,1052,1052
OID12106,PID2019,A114,EMP1003,C1421,2022-05-15,2,800,1600
OID12115,PID2048,A124,EMP1017,C1700,2022-10-28,1,502,502
OID12118,PID2027,A127,EMP1012,C1416,2022-12-12,2,2497,4994
OID12121,PID2011,A169,EMP1042,C1643,2022-05-13,1,530,530
OID12122,PID2001,A154,EMP1023,C1508,2022-12-07,3,951,2853
OID12127,PID2083,A118,EMP1001,C1589,2022-06-08,3,2141,6423
OID12128,PID2053,A169,EMP1037,C1735,2022-05-22,2,596,1192
OID12133,PID2097,A168,EMP1031,C1327,2022-07-18,1,1052,1052
OID12138,PID2024,A169,EMP1009,C1521,2022-08-29,3,356,1068
OID12142,PID2088,A123,EMP1028,C1270,2022-12-17,4,603,2412
OID12144,PID2053,A104,EMP1024,C1407,2022-03-10,1,596,596
OID12145,PID2096,A107,EMP1006,C1046,2022-08-01,1,1587,1587
OID12149,PID2082,A127,EMP1024,C1119,2022-12-25,3,1103,3309
OID12152,PID2015,A124,EMP1008,C1328,2022-02-20,2,637,1274
OID12154,PID2098,A120,EMP1000,C1237,2022-08-05,1,1178,1178
OID12162,PID2011,A164,EMP1004,C1013,2022-12-17,4,530,2120
OID12164,PID2098,A143,EMP1044,C1082,2022-10-13,1,1178,1178
OID12175,PID2052,A111,EMP1002,C1352,2022-11-25,1,1526,1526
OID12177,PID2081,A144,EMP1038,C1277,2022-04-23,1,1566,1566
OID12178,PID2077,A105,EMP1012,C1057,2022-06-27,1,530,530
OID12180,PID2006,A169,EMP1005,C1720,2022-08-27,1,1826,1826
OID12181,PID2042,A165,EMP1043,C1453,2022-10-20,1,203,203
OID12186,PID2058,A128,EMP1026,C1494,2022-01-02,2,2257,4514
OID12190,PID2061,A162,EMP1003,C1628,2022-10-20,1,913,913
OID12191,PID2017,A160,EMP1025,C1054,2022-07-05,1,35,35
OID12197,PID2091,A130,EMP1035,C1173,2022-11-13,2,368,736
OID12198,PID2080,A110,EMP1006,C1151,2022-01-03,2,2353,4706
OID12201,PID2036,A149,EMP1038,C1560,2022-05-06,1,1582,1582
OID12205,PID2067,A122,EMP1034,C1605,2022-11-05,3,1119,3357
OID12210,PID2018,A140,EMP1018,C1394,2022-11-17,1,1972,1972
OID12213,PID2074,A115,EMP1010,C1185,2022-09-27,2,504,1008
OID12216,PID2031,A127,EMP1010,C1476,2022-01-07,4,1638,6552
OID12222,PID2043,A126,EMP1026,C1397,2022-11-15,3,545,1635
OID12224,PID2024,A122,EMP1028,C1742,2022-05-15,3,356,1068
OID12226,PID2014,A119,EMP1004,C1244,2022-10-29,4,1809,7236
OID12227,PID2088,A117,EMP1019,C1485,2022-11-10,2,603,1206
OID12228,PID2100,A149,EMP1006,C1543,2022-04-03,1,799,799
OID12233,PID2074,A123,EMP1041,C1314,2022-09-29,2,504,1008
OID12237,PID2046,A160,EMP1023,C1564,2022-02-15,1,2410,2410
OID12238,PID2068,A134,EMP1021,C1785,2022-08-08,3,1500,4500
OID12239,PID2069,A133,EMP1016,C1122,2022-01-12,4,378,1512
OID12240,PID2012,A125,EMP1036,C1055,2022-06-16,1,1353,1353
OID12242,PID2049,A171,EMP1017,C1453,2022-03-30,2,826,1652
OID12243,PID2071,A143,EMP1039,C1686,2022-02-27,3,136,408
OID12244,PID2087,A120,EMP1038,C1666,2022-08-29,1,1022,1022
OID12245,PID2067,A134,EMP1008,C1043,2022-07-06,4,1119,4476
OID12247,PID2023,A162,EMP1027,C1093,2022-06-06,4,818,3272
OID12252,PID2049,A165,EMP1015,C1254,2022-09-06,4,826,3304
OID12254,PID2060,A108,EMP1027,C1146,2022-07-09,2,1467,2934
OID12255,PID2078,A134,EMP1013,C1051,2022-10-19,4,1798,7192
OID12257,PID2032,A111,EMP1026,C1165,2022-04-29,4,1967,7868
OID12258,PID2045,A136,EMP1011,C1098,2022-07-24,1,556,556
OID12260,PID2032,A150,EMP1043,C1617,2022-06-22,2,1967,3934
OID12262,PID2028,A103,EMP1028,C1574,2022-11-18,3,2283,6849
OID12263,PID2019,A117,EMP1039,C1018,2022-02-20,1,800,800
OID12265,PID2032,A144,EMP1001,C1371,2022-07-08,3,1967,5901
OID12269,PID2067,A113,EMP1012,C1291,2022-02-25,1,1119,1119
OID12270,PID2087,A144,EMP1016,C1309,2022-05-09,1,1022,1022
OID12273,PID2025,A148,EMP1001,C1476,2022-08-06,3,667,2001
OID12274,PID2048,A168,EMP1042,C1058,2022-12-09,1,502,502
OID12275,PID2094,A137,EMP1011,C1672,2022-07-13,1,771,771
OID12279,PID2004,A128,EMP1023,C1321,2022-03-21,1,1278,1278
OID12286,PID2039,A171,EMP1018,C1101,2022-08-03,1,817,817
OID12297,PID2054,A129,EMP1028,C1257,2022-11-23,1,127,127
OID12298,PID2000,A150,EMP1034,C1345,2022-09-06,2,2241,4482
OID12299,PID2076,A142,EMP1015,C1520,2022-11-29,1,1522,1522
OID12301,PID2021,A136,EMP1044,C1513,2022-08-27,2,217,434
OID12304,PID2007,A138,EMP1011,C1239,2022-11-18,3,1405,4215
OID12308,PID2098,A124,EMP1003,C1277,2022-04-04,1,1178,1178
OID12310,PID2034,A133,EMP1037,C1643,2022-09-18,1,871,871
OID12311,PID2021,A166,EMP1035,C1727,2022-12-25,2,217,434
OID12314,PID2013,A134,EMP1012,C1095,2022-01-19,1,368,368
OID12320,PID2024,A155,EMP1029,C1382,2022-07-01,1,356,356
OID12323,PID2016,A141,EMP1013,C1703,2022-03-17,4,1351,5404
OID12329,PID2078,A118,EMP1005,C1297,2022-01-31,4,1798,7192
OID12330,PID2034,A147,EMP1032,C1710,2022-08-09,1,871,871
OID12335,PID2008,A161,EMP1027,C1294,2022-04-30,1,315,315
OID12336,PID2091,A124,EMP1007,C1451,2022-07-19,4,368,1472
OID12338,PID2061,A119,EMP1043,C1407,2022-08-29,1,913,913
OID12340,PID2097,A159,EMP1025,C1621,2022-11-21,4,1052,4208
OID12342,PID2005,A142,EMP1036,C1450,2022-06-14,1,684,684
OID12343,PID2092,A118,EMP1025,C1633,2022-03-05,1,1639,1639
OID12346,PID2072,A124,EMP1042,C1365,2022-05-18,1,1887,1887
OID12348,PID2062,A116,EMP1028,C1003,2022-07-28,1,2464,2464
OID12349,PID2002,A106,EMP1026,C1433,2022-06-13,3,847,2541
OID12353,PID2049,A102,EMP1018,C1727,2022-10-15,1,826,826
OID12354,PID2088,A168,EMP1035,C1512,2022-02-09,4,603,2412
OID12355,PID2045,A114,EMP1025,C1489,2022-10-12,4,556,2224
OID12357,PID2023,A145,EMP1017,C1325,2022-11-05,4,818,3272
OID12360,PID2035,A137,EMP1029,C1003,2022-01-17,1,458,458
OID12363,PID2094,A150,EMP1011,C1138,2022-03-11,2,771,1542
OID12372,PID2063,A136,EMP1001,C1556,2022-03-13,2,1708,3416
OID12377,PID2035,A148,EMP1019,C1730,2022-02-28,1,458,458
OID12381,PID2047,A154,EMP1043,C1662,2022-02-21,2,290,580
OID12385,PID2057,A157,EMP1019,C1792,2022-06-19,1,181,181
OID12390,PID2035,A146,EMP1034,C1363,2022-06-11,1,458,458
OID12400,PID2094,A160,EMP1044,C1040,2022-10-04,1,771,771
OID12401,PID2012,A126,EMP1009,C1259,2022-01-21,1,1353,1353
OID12402,PID2081,A112,EMP1034,C1040,2022-10-18,3,1566,4698
OID12403,PID2022,A151,EMP1023,C1330,2022-03-26,1,561,561
OID12408,PID2071,A160,EMP1016,C1595,2022-07-02,1,136,136
OID12411,PID2054,A161,EMP1021,C1777,2022-05-29,1,127,127
OID12413,PID2042,A110,EMP1021,C1321,2022-10-27,3,203,609
OID12414,PID2041,A106,EMP1012,C1079,2022-12-07,1,1380,1380
OID12415,PID2062,A106,EMP1041,C1134,2022-10-25,2,2464,4928
OID12424,PID2033,A121,EMP1028,C1039,2022-05-16,1,2182,2182
OID12430,PID2042,A133,EMP1043,C1003,2022-02-11,3,203,609
OID12431,PID2038,A106,EMP1005,C1726,2022-08-04,2,392,784
OID12437,PID2099,A167,EMP1002,C1021,2022-12-24,1,1367,1367
OID12438,PID2046,A135,EMP1002,C1316,2022-09-25,3,2410,7230
OID12440,PID2028,A173,EMP1010,C1129,2022-07-25,1,2283,2283
OID12442,PID2062,A133,EMP1028,C1538,2022-08-16,4,2464,9856
OID12443,PID2097,A168,EMP1032,C1297,2022-08-19,1,1052,1052
OID12446,PID2054,A156,EMP1013,C1438,2022-10-03,4,127,508
OID12449,PID2069,A117,EMP1023,C1688,2022-06-03,4,378,1512
OID12454,PID2042,A117,EMP1040,C1129,2022-08-20,1,203,203
OID12457,PID2012,A152,EMP1002,C1487,2022-05-24,2,1353,2706
OID12458,PID2096,A143,EMP1002,C1069,2022-02-28,1,1587,1587
OID12460,PID2067,A158,EMP1005,C1011,2022-12-14,1,1119,1119
OID12461,PID2055,A146,EMP1014,C1006,2022-05-07,2,2495,4990
OID12467,PID2077,A144,EMP1043,C1376,2022-06-23,1,530,530
OID12468,PID2095,A170,EMP1023,C1561,2022-02-22,1,1743,1743
OID12469,PID2062,A169,EMP1022,C1256,2022-09-26,2,2464,4928
OID12472,PID2065,A108,EMP1041,C1659,2022-06-10,1,2396,2396
OID12473,PID2073,A137,EMP1037,C1060,2022-09-14,1,95,95
OID12478,PID2099,A168,EMP1035,C1753,2022-01-21,4,1367,5468
OID12480,PID2062,A163,EMP1044,C1269,2022-04-04,1,2464,2464
OID12481,PID2054,A115,EMP1017,C1368,2022-02-20,2,127,254
OID12485,PID2017,A156,EMP1005,C1275,2022-03-11,2,35,70
OID12487,PID2036,A147,EMP1029,C1023,2022-07-23,1,1582,1582
OID12491,PID2027,A153,EMP1040,C1735,2022-01-06,1,2497,2497
OID12493,PID2008,A155,EMP1031,C1016,2022-10-04,3,315,945
OID12494,PID2038,A111,EMP1024,C1088,2022-06-08,4,392,1568
OID12496,PID2088,A152,EMP1032,C1512,2022-03-04,1,603,603
OID12499,PID2095,A135,EMP1041,C1391,2022-06-17,1,1743,1743
OID12507,PID2007,A162,EMP1030,C1291,2022-09-10,2,1405,2810
OID12508,PID2063,A124,EMP1007,C1541,2022-03-14,3,1708,5124
OID12514,PID2086,A152,EMP1033,C1744,2022-02-09,2,123,246
OID12523,PID2043,A104,EMP1020,C1696,2022-03-20,1,545,545
OID12524,PID2026,A128,EMP1009,C1324,2022-12-18,1,947,947
OID12526,PID2057,A151,EMP1035,C1458,2022-07-18,4,181,724
OID12531,PID2060,A153,EMP1027,C1566,2022-12-25,3,1467,4401
OID12535,PID2091,A130,EMP1030,C1610,2022-10-07,1,368,368
OID12536,PID2090,A158,EMP1044,C1001,2022-01-08,1,1338,1338
OID12542,PID2093,A127,EMP1016,C1548,2022-06-27,3,112,336
OID12546,PID2037,A132,EMP1019,C1227,2022-02-28,1,880,880
OID12547,PID2009,A126,EMP1003,C1554,2022-04-09,1,584,584
OID12548,PID2067,A147,EMP1011,C1291,2022-09-17,2,1119,2238
OID12553,PID2033,A104,EMP1022,C1165,2022-09-04,2,2182,4364
OID12558,PID2026,A147,EMP1032,C1546,2022-09-30,4,947,3788
OID12562,PID2065,A167,EMP1033,C1010,2022-05-11,1,2396,2396
OID12564,PID2041,A147,EMP1037,C1190,2022-07-31,1,1380,1380
OID12571,PID2023,A138,EMP1028,C1254,2022-05-10,3,818,2454
OID12573,PID2039,A124,EMP1015,C1268,2022-02-20,1,817,817
OID12574,PID2100,A122,EMP1000,C1479,2022-04-20,1,799,799
OID12577,PID2015,A161,EMP1009,C1643,2022-11-11,1,637,637
OID12581,PID2007,A126,EMP1000,C1721,2022-02-14,3,1405,4215
OID12589,PID2036,A158,EMP1004,C1362,2022-11-13,1,1582,1582
OID12591,PID2003,A132,EMP1005,C1789,2022-08-30,1,1783,1783
OID12592,PID2025,A103,EMP1035,C1331,2022-02-28,2,667,1334
OID12601,PID2047,A164,EMP1028,C1122,2022-05-23,2,290,580
OID12605,PID2037,A108,EMP1024,C1542,2022-10-28,1,880,880
OID12607,PID2058,A109,EMP1019,C1634,2022-07-15,4,2257,9028
OID12608,PID2039,A117,EMP1016,C1657,2022-02-07,2,817,1634
OID12613,PID2024,A146,EMP1032,C1027,2022-09-05,1,356,356
OID12619,PID2059,A172,EMP1011,C1209,2022-07-04,2,1494,2988
OID12623,PID2059,A132,EMP1036,C1668,2022-08-21,1,1494,1494
OID12628,PID2078,A162,EMP1011,C1334,2022-05-24,3,1798,5394
OID12634,PID2096,A160,EMP1042,C1678,2022-03-21,1,1587,1587
OID12635,PID2071,A133,EMP1037,C1388,2022-05-17,4,136,544
OID12637,PID2019,A134,EMP1008,C1522,2022-07-09,2,800,1600
OID12638,PID2071,A105,EMP1018,C1734,2022-05-05,2,136,272
OID12645,PID2086,A139,EMP1000,C1523,2022-07-22,4,123,492
OID12649,PID2003,A151,EMP1006,C1623,2022-01-23,1,1783,1783
OID12656,PID2093,A157,EMP1000,C1536,2022-01-21,1,112,112
OID12657,PID2054,A161,EMP1024,C1284,2022-04-30,1,127,127
OID12662,PID2036,A125,EMP1033,C1284,2022-11-19,1,1582,1582
OID12663,PID2020,A156,EMP1033,C1596,2022-04-04,1,2005,2005
OID12665,PID2053,A112,EMP1040,C1299,2022-09-26,1,596,596
OID12671,PID2033,A148,EMP1040,C1464,2022-08-15,3,2182,6546
OID12676,PID2082,A163,EMP1004,C1225,2022-12-06,1,1103,1103
OID12678,PID2093,A150,EMP1035,C1148,2022-06-30,2,112,224
OID12681,PID2039,A120,EMP1009,C1599,2022-09-05,2,817,1634
OID12684,PID2021,A154,EMP1038,C1262,2022-05-23,1,217,217
OID12685,PID2015,A104,EMP1023,C1002,2022-11-22,1,637,637
OID12687,PID2039,A124,EMP1014,C1012,2022-09-15,1,817,817
OID12689,PID2021,A117,EMP1037,C1067,2022-04-03,1,217,217
OID12697,PID2041,A109,EMP1029,C1661,2022-01-17,2,1380,2760
OID12698,PID2037,A167,EMP1016,C1745,2022-05-08,1,880,880
OID12702,PID2043,A157,EMP1021,C1611,2022-07-26,4,545,2180
OID12706,PID2054,A104,EMP1009,C1398,2022-08-21,1,127,127
OID12709,PID2005,A158,EMP1038,C1776,2022-02-24,2,684,1368
OID12712,PID2099,A160,EMP1023,C1609,2022-11-18,2,1367,2734
OID12714,PID2072,A142,EMP1022,C1311,2022-02-12,1,1887,1887
OID12716,PID2042,A108,EMP1044,C1511,2022-03-28,1,203,203
OID12721,PID2076,A116,EMP1014,C1086,2022-01-19,1,1522,1522
OID12722,PID2069,A154,EMP1043,C1087,2022-12-01,1,378,378
OID12727,PID2019,A128,EMP1024,C1550,2022-03-07,1,800,800
OID12730,PID2058,A160,EMP1033,C1794,2022-02-19,3,2257,6771
OID12732,PID2026,A139,EMP1026,C1153,2022-12-20,1,947,947
OID12738,PID2036,A159,EMP1032,C1558,2022-05-17,3,1582,4746
OID12743,PID2034,A134,EMP1005,C1628,2022-02-17,4,871,3484
OID12744,PID2021,A158,EMP1010,C1753,2022-03-01,1,217,217
OID12750,PID2003,A111,EMP1024,C1554,2022-02-16,1,1783,1783
OID12751,PID2013,A159,EMP1031,C1439,2022-01-18,2,368,736
OID12753,PID2059,A146,EMP1021,C1664,2022-12-11,3,1494,4482
OID12757,PID2007,A134,EMP1006,C1000,2022-03-09,1,1405,1405
OID12759,PID2095,A125,EMP1007,C1554,2022-09-16,2,1743,3486
OID12761,PID2089,A156,EMP1021,C1357,2022-01-15,4,2294,9176
OID12764,PID2010,A146,EMP1013,C1690,2022-09-16,2,1812,3624
OID12768,PID2025,A129,EMP1035,C1363,2022-10-20,3,667,2001
OID12770,PID2046,A126,EMP1019,C1352,2022-04-06,2,2410,4820
OID12771,PID2052,A115,EMP1038,C1087,2022-03-14,2,1526,3052
OID12772,PID2028,A150,EMP1020,C1356,2022-03-26,3,2283,6849
OID12782,PID2021,A136,EMP1007,C1169,2022-08-06,1,217,217
OID12788,PID2037,A107,EMP1007,C1322,2022-09-21,1,880,880
OID12791,PID2042,A148,EMP1021,C1210,2022-03-25,3,203,609
OID12792,PID2007,A138,EMP1013,C1562,2022-09-26,1,1405,1405
OID12793,PID2030,A160,EMP1015,C1341,2022-02-28,3,1899,5697
OID12795,PID2030,A166,EMP1026,C1725,2022-05-01,1,1899,1899
OID12798,PID2042,A146,EMP1012,C1557,2022-03-31,3,203,609
OID12800,PID2055,A166,EMP1037,C1317,2022-06-30,3,2495,7485
OID12801,PID2072,A145,EMP1024,C1316,2022-02-20,3,1887,5661
OID12803,PID2083,A119,EMP1019,C1030,2022-05-16,1,2141,2141
OID12805,PID2034,A110,EMP1019,C1588,2022-12-01,2,871,1742
OID12808,PID2072,A160,EMP1038,C1162,2022-03-16,1,1887,1887
OID12810,PID2060,A108,EMP1043,C1788,2022-01-21,4,1467,5868
OID12819,PID2011,A169,EMP1042,C1024,2022-07-08,1,530,530
OID12820,PID2068,A173,EMP1019,C1365,2022-05-22,1,1500,1500
OID12828,PID2068,A163,EMP1000,C1255,2022-06-05,2,1500,3000
OID12833,PID2004,A148,EMP1037,C1414,2022-11-02,3,1278,3834
OID12834,PID2065,A170,EMP1027,C1543,2022-11-13,2,2396,4792
OID12836,PID2067,A153,EMP1011,C1447,2022-05-05,1,1119,1119
OID12838,PID2021,A106,EMP1023,C1727,2022-10-02,1,217,217
OID12839,PID2013,A152,EMP1032,C1641,2022-06-11,4,368,1472
OID12842,PID2086,A114,EMP1026,C1393,2022-07-05,1,123,123
OID12843,PID2011,A113,EMP1028,C1552,2022-01-07,3,530,1590
OID12844,PID2067,A117,EMP1040,C1009,2022-08-18,3,1119,3357
OID12845,PID2076,A157,EMP1030,C1782,2022-06-10,1,1522,1522
OID12851,PID2061,A168,EMP1036,C1286,2022-08-28,3,913,2739
OID12852,PID2013,A121,EMP1006,C1374,2022-02-21,4,368,1472
OID12854,PID2083,A106,EMP1010,C1076,2022-08-29,1,2141,2141
OID12856,PID2067,A135,EMP1028,C1099,2022-10-06,2,1119,2238
OID12857,PID2051,A123,EMP1002,C1608,2022-10-01,1,1077,1077
OID12860,PID2048,A143,EMP1003,C1135,2022-08-04,1,502,502
OID12862,PID2098,A163,EMP1040,C1566,2022-06-12,3,1178,3534
OID12866,PID2029,A167,EMP1028,C1588,2022-04-08,1,1848,1848
OID12867,PID2022,A156,EMP1003,C1285,2022-05-24,2,561,1122
OID12871,PID2007,A139,EMP1009,C1673,2022-04-06,4,1405,5620
OID12872,PID2087,A129,EMP1013,C1701,2022-10-29,3,1022,3066
OID12874,PID2056,A148,EMP1004,C1764,2022-02-07,1,1635,1635
OID12875,PID2012,A116,EMP1005,C1592,2022-06-29,1,1353,1353
OID12877,PID2017,A171,EMP1010,C1269,2022-04-18,1,35,35
OID12881,PID2089,A148,EMP1030,C1671,2022-10-11,3,2294,6882
OID12884,PID2075,A160,EMP1013,C1375,2022-01-27,1,400,400
OID12887,PID2066,A117,EMP1009,C1740,2022-06-24,2,2091,4182
OID12889,PID2012,A127,EMP1031,C1740,2022-08-25,2,1353,2706
OID12890,PID2099,A154,EMP1009,C1606,2022-01-11,1,1367,1367
OID12891,PID2065,A164,EMP1002,C1215,2022-12-31,1,2396,2396
OID12893,PID2094,A138,EMP1018,C1794,2022-12-12,1,771,771
OID12894,PID2006,A170,EMP1012,C1779,2022-10-20,1,1826,1826
OID12895,PID2004,A133,EMP1018,C1485,2022-06-12,3,1278,3834
OID12897,PID2072,A170,EMP1023,C1428,2022-01-07,4,1887,7548
OID12898,PID2034,A160,EMP1044,C1368,2022-03-12,2,871,1742
OID12900,PID2067,A134,EMP1038,C1455,2022-12-25,2,1119,2238
OID12902,PID2074,A111,EMP1041,C1626,2022-08-07,3,504,1512
OID12904,PID2063,A171,EMP1035,C1255,2022-11-01,1,1708,1708
OID12907,PID2070,A106,EMP1041,C1662,2022-04-03,3,1671,5013
OID12911,PID2020,A103,EMP1016,C1102,2022-05-09,1,2005,2005
OID12915,PID2033,A115,EMP1044,C1744,2022-06-22,3,2182,6546
OID12916,PID2057,A108,EMP1043,C1392,2022-04-11,1,181,181
OID12918,PID2084,A172,EMP1012,C1469,2022-07-04,3,1783,5349
OID12919,PID2054,A104,EMP1039,C1253,2022-09-07,1,127,127
OID12921,PID2027,A105,EMP1034,C1237,2022-12-01,3,2497,7491
OID12925,PID2014,A150,EMP1041,C1357,2022-02-18,3,1809,5427
OID12926,PID2040,A159,EMP1004,C1097,2022-06-13,2,1889,3778
OID12927,PID2019,A140,EMP1001,C1506,2022-11-07,2,800,1600
OID12929,PID2088,A127,EMP1033,C1192,2022-12-10,3,603,1809
OID12931,PID2072,A170,EMP1034,C1535,2022-02-10,4,1887,7548
OID12932,PID2098,A138,EMP1040,C1289,2022-03-25,1,1178,1178
OID12933,PID2099,A143,EMP1044,C1449,2022-06-29,1,1367,1367
OID12934,PID2052,A159,EMP1006,C1056,2022-09-03,1,1526,1526
OID12935,PID2037,A156,EMP1027,C1330,2022-10-17,1,880,880
OID12937,PID2083,A104,EMP1009,C1024,2022-11-28,1,2141,2141
OID12938,PID2044,A131,EMP1037,C1700,2022-02-04,1,886,886
OID12941,PID2056,A107,EMP1032,C1377,2022-02-07,3,1635,4905
OID12944,PID2015,A158,EMP1032,C1137,2022-10-04,2,637,1274
OID12948,PID2062,A105,EMP1007,C1451,2022-11-07,2,2464,4928
OID12956,PID2032,A151,EMP1022,C1461,2022-06-03,1,1967,1967
OID12958,PID2027,A146,EMP1026,C1347,2022-03-27,1,2497,2497
OID12960,PID2093,A108,EMP1008,C1328,2022-05-30,1,112,112
OID12961,PID2046,A116,EMP1033,C1229,2022-05-16,3,2410,7230
OID12972,PID2050,A149,EMP1007,C1073,2022-07-07,1,2391,2391
OID12978,PID2024,A152,EMP1024,C1779,2022-05-06,2,356,712
OID12988,PID2052,A161,EMP1006,C1081,2022-06-17,3,1526,4578
OID12991,PID2062,A134,EMP1038,C1096,2022-02-16,1,2464,2464
OID12995,PID2054,A126,EMP1031,C1180,2022-04-12,1,127,127
OID12996,PID2036,A118,EMP1030,C1547,2022-01-25,1,1582,1582
OID13000,PID2004,A164,EMP1028,C1364,2022-10-16,1,1278,1278
OID13002,PID2049,A130,EMP1019,C1796,2022-10-12,1,826,826
OID13010,PID2038,A105,EMP1020,C1047,2022-04-26,1,392,392
OID13012,PID2055,A142,EMP1011,C1794,2022-06-20,2,2495,4990
OID13013,PID2055,A102,EMP1039,C1798,2022-11-06,1,2495,2495
OID13018,PID2038,A103,EMP1038,C1631,2022-09-23,1,392,392
OID13021,PID2082,A152,EMP1007,C1485,2022-10-20,2,1103,2206
OID13022,PID2072,A164,EMP1037,C1537,2022-08-08,1,1887,1887
OID13028,PID2050,A163,EMP1020,C1219,2022-11-05,1,2391,2391
OID13032,PID2100,A145,EMP1022,C1698,2022-01-23,1,799,799
OID13038,PID2083,A157,EMP1022,C1243,2022-07-03,1,2141,2141
OID13039,PID2057,A121,EMP1023,C1261,2022-03-11,1,181,181
OID13040,PID2049,A123,EMP1033,C1096,2022-05-20,4,826,3304
OID13042,PID2095,A139,EMP1032,C1263,2022-11-12,3,1743,5229
OID13050,PID2090,A105,EMP1032,C1181,2022-05-16,1,1338,1338
OID13063,PID2009,A164,EMP1014,C1718,2022-07-09,3,584,1752
OID13067,PID2096,A118,EMP1014,C1634,2022-05-11,1,1587,1587
OID13068,PID2071,A135,EMP1002,C1580,2022-12-28,3,136,408
OID13071,PID2079,A145,EMP1028,C1202,2022-03-02,3,1725,5175
OID13080,PID2080,A126,EMP1016,C1163,2022-11-18,2,2353,4706
OID13094,PID2098,A155,EMP1041,C1210,2022-04-12,1,1178,1178
OID13101,PID2017,A118,EMP1011,C1014,2022-01-22,3,35,105
OID13108,PID2045,A115,EMP1007,C1644,2022-06-29,4,556,2224
OID13113,PID2032,A104,EMP1011,C1505,2022-05-26,1,1967,1967
OID13114,PID2028,A105,EMP1004,C1389,2022-02-21,1,2283,2283
OID13116,PID2040,A168,EMP1035,C1795,2022-07-29,4,1889,7556
OID13118,PID2041,A103,EMP1022,C1228,2022-10-13,4,1380,5520
OID13120,PID2045,A101,EMP1016,C1763,2022-10-27,1,556,556
OID13128,PID2074,A135,EMP1010,C1543,2022-01-23,3,504,1512
OID13131,PID2056,A148,EMP1040,C1487,2022-02-23,3,1635,4905
OID13134,PID2056,A129,EMP1032,C1033,2022-11-27,4,1635,6540
OID13137,PID2068,A112,EMP1023,C1745,2022-04-15,1,1500,1500
OID13139,PID2000,A165,EMP1006,C1771,2022-09-20,2,2241,4482
OID13142,PID2005,A139,EMP1037,C1050,2022-07-17,3,684,2052
OID13151,PID2040,A106,EMP1006,C1675,2022-04-17,1,1889,1889
OID13152,PID2062,A161,EMP1013,C1327,2022-04-01,3,2464,7392
OID13153,PID2069,A157,EMP1043,C1365,2022-12-28,1,378,378
OID13157,PID2082,A172,EMP1016,C1769,2022-10-03,2,1103,2206
OID13160,PID2039,A166,EMP1044,C1455,2022-02-07,2,817,1634
OID13165,PID2030,A171,EMP1001,C1763,2022-11-29,1,1899,1899
OID13168,PID2064,A103,EMP1034,C1115,2022-11-11,1,1414,1414
OID13169,PID2019,A167,EMP1000,C1572,2022-04-05,4,800,3200
OID13175,PID2050,A152,EMP1028,C1022,2022-01-12,4,2391,9564
OID13177,PID2078,A146,EMP1017,C1387,2022-05-22,1,1798,1798
OID13180,PID2052,A166,EMP1026,C1438,2022-09-22,1,1526,1526
OID13185,PID2063,A117,EMP1037,C1206,2022-02-19,3,1708,5124
OID13189,PID2066,A164,EMP1033,C1379,2022-01-21,2,2091,4182
OID13193,PID2004,A116,EMP1044,C1463,2022-06-07,1,1278,1278
OID13195,PID2040,A107,EMP1030,C1460,2022-02-07,1,1889,1889
OID13196,PID2036,A125,EMP1020,C1484,2022-03-06,3,1582,4746
OID13198,PID2055,A145,EMP1039,C1017,2022-05-17,1,2495,2495
OID13201,PID2068,A167,EMP1038,C1709,2022-05-21,3,1500,4500
OID13203,PID2018,A111,EMP1044,C1053,2022-11-13,3,1972,5916
OID13208,PID2021,A106,EMP1007,C1077,2022-07-09,3,217,651
OID13210,PID2098,A122,EMP1043,C1044,2022-02-18,1,1178,1178
OID13215,PID2089,A121,EMP1036,C1653,2022-10-17,4,2294,9176
OID13216,PID2046,A122,EMP1014,C1736,2022-05-31,1,2410,2410
OID13218,PID2027,A130,EMP1027,C1220,2022-12-22,3,2497,7491
OID13219,PID2025,A125,EMP1033,C1105,2022-10-14,3,667,2001
OID13224,PID2046,A134,EMP1017,C1778,2022-10-20,4,2410,9640
OID13226,PID2034,A156,EMP1021,C1482,2022-05-07,3,871,2613
OID13234,PID2100,A165,EMP1014,C1431,2022-05-22,1,799,799
OID13239,PID2031,A128,EMP1033,C1032,2022-12-02,1,1638,1638
OID13240,PID2010,A125,EMP1023,C1780,2022-02-09,1,1812,1812
OID13241,PID2001,A170,EMP1034,C1634,2022-09-17,1,951,951
OID13244,PID2010,A153,EMP1000,C1673,2022-12-09,1,1812,1812
OID13245,PID2057,A163,EMP1040,C1618,2022-11-01,1,181,181
OID13249,PID2096,A143,EMP1004,C1030,2022-06-07,1,1587,1587
OID13252,PID2081,A159,EMP1022,C1540,2022-12-23,1,1566,1566
OID13259,PID2073,A124,EMP1039,C1753,2022-12-24,3,95,285
OID13264,PID2061,A141,EMP1040,C1658,2022-09-24,1,913,913
OID13269,PID2055,A131,EMP1006,C1007,2022-01-19,1,2495,2495
OID13272,PID2008,A164,EMP1044,C1302,2022-05-11,1,315,315
OID13274,PID2097,A112,EMP1007,C1002,2022-09-13,1,1052,1052
OID13284,PID2055,A152,EMP1011,C1345,2022-12-08,1,2495,2495
OID13286,PID2097,A110,EMP1038,C1224,2022-11-29,1,1052,1052
OID13287,PID2022,A126,EMP1014,C1318,2022-03-28,2,561,1122
OID13288,PID2080,A146,EMP1010,C1329,2022-12-14,3,2353,7059
OID13294,PID2038,A131,EMP1035,C1680,2022-04-09,1,392,392
OID13299,PID2094,A127,EMP1044,C1524,2022-05-10,2,771,1542
OID13302,PID2078,A130,EMP1043,C1477,2022-03-28,1,1798,1798
OID13306,PID2056,A133,EMP1022,C1473,2022-12-27,1,1635,1635
OID13307,PID2043,A154,EMP1001,C1282,2022-01-31,2,545,1090
OID13309,PID2048,A120,EMP1019,C1266,2022-11-15,1,502,502
OID13311,PID2100,A145,EMP1015,C1730,2022-11-10,1,799,799
OID13312,PID2098,A171,EMP1031,C1517,2022-10-25,1,1178,1178
OID13314,PID2077,A153,EMP1008,C1050,2022-06-09,2,530,1060
OID13317,PID2069,A147,EMP1042,C1449,2022-01-17,1,378,378
OID13319,PID2001,A150,EMP1020,C1175,2022-09-01,3,951,2853
OID13320,PID2051,A135,EMP1012,C1077,2022-04-21,3,1077,3231
OID13323,PID2081,A104,EMP1033,C1764,2022-07-09,1,1566,1566
OID13324,PID2010,A161,EMP1031,C1553,2022-05-14,1,1812,1812
OID13325,PID2082,A153,EMP1036,C1413,2022-07-08,4,1103,4412
OID13326,PID2082,A131,EMP1026,C1704,2022-10-19,1,1103,1103
OID13331,PID2074,A109,EMP1031,C1153,2022-01-25,1,504,504
OID13336,PID2039,A149,EMP1020,C1707,2022-03-20,1,817,817
OID13341,PID2015,A131,EMP1014,C1414,2022-10-10,2,637,1274
OID13342,PID2044,A130,EMP1037,C1230,2022-08-10,1,886,886
OID13343,PID2089,A100,EMP1000,C1003,2022-03-04,2,2294,4588
OID13345,PID2062,A124,EMP1038,C1194,2022-03-05,4,2464,9856
OID13349,PID2039,A145,EMP1031,C1098,2022-10-31,1,817,817
OID13351,PID2076,A107,EMP1024,C1271,2022-10-19,1,1522,1522
OID13353,PID2093,A147,EMP1001,C1108,2022-08-25,1,112,112
OID13356,PID2048,A143,EMP1042,C1459,2022-02-23,1,502,502
OID13360,PID2075,A172,EMP1005,C1346,2022-06-02,1,400,400
OID13361,PID2090,A172,EMP1011,C1611,2022-12-19,1,1338,1338
OID13363,PID2008,A145,EMP1007,C1794,2022-07-02,2,315,630
OID13364,PID2061,A139,EMP1000,C1377,2022-04-30,1,913,913
OID13366,PID2042,A127,EMP1020,C1353,2022-04-21,1,203,203
OID13367,PID2087,A170,EMP1031,C1173,2022-10-21,1,1022,1022
OID13368,PID2080,A112,EMP1023,C1038,2022-01-04,2,2353,4706
OID13374,PID2080,A143,EMP1002,C1252,2022-12-23,2,2353,4706
OID13376,PID2035,A120,EMP1032,C1509,2022-10-12,1,458,458
OID13380,PID2046,A128,EMP1044,C1234,2022-11-11,1,2410,2410
OID13381,PID2038,A162,EMP1038,C1010,2022-06-19,1,392,392
OID13390,PID2060,A108,EMP1027,C1205,2022-03-30,1,1467,1467
OID13393,PID2075,A157,EMP1027,C1631,2022-08-08,1,400,400
OID13394,PID2063,A125,EMP1041,C1644,2022-11-30,1,1708,1708
OID13395,PID2062,A137,EMP1002,C1570,2022-08-16,1,2464,2464
OID13396,PID2018,A124,EMP1040,C1443,2022-11-20,1,1972,1972
OID13397,PID2061,A105,EMP1021,C1016,2022-12-27,3,913,2739
OID13398,PID2089,A146,EMP1016,C1465,2022-11-03,4,2294,9176
OID13400,PID2040,A124,EMP1036,C1690,2022-11-03,1,1889,1889
OID13407,PID2090,A135,EMP1000,C1578,2022-07-25,4,1338,5352
OID13408,PID2034,A109,EMP1038,C1382,2022-01-19,3,871,2613
OID13414,PID2094,A138,EMP1039,C1739,2022-03-11,4,771,3084
OID13418,PID2018,A142,EMP1035,C1138,2022-01-30,3,1972,5916
OID13419,PID2068,A132,EMP1014,C1643,2022-08-29,1,1500,1500
OID13420,PID2036,A119,EMP1042,C1151,2022-08-24,1,1582,1582
OID13421,PID2049,A122,EMP1006,C1711,2022-08-03,1,826,826
OID13422,PID2052,A141,EMP1018,C1133,2022-11-09,1,1526,1526
OID13423,PID2038,A160,EMP1008,C1309,2022-05-03,1,392,392
OID13428,PID2046,A105,EMP1034,C1126,2022-03-17,1,2410,2410
OID13429,PID2048,A128,EMP1019,C1582,2022-12-31,1,502,502
OID13430,PID2015,A112,EMP1033,C1727,2022-10-31,3,637,1911
OID13435,PID2002,A170,EMP1025,C1067,2022-07-27,1,847,847
OID13436,PID2010,A149,EMP1031,C1526,2022-06-10,2,1812,3624
OID13441,PID2065,A168,EMP1009,C1031,2022-02-16,1,2396,2396
OID13444,PID2078,A115,EMP1044,C1407,2022-04-14,1,1798,1798
OID13448,PID2076,A106,EMP1013,C1546,2022-02-06,2,1522,3044
OID13455,PID2025,A112,EMP1034,C1146,2022-07-31,1,667,667
OID13456,PID2041,A169,EMP1035,C1257,2022-12-19,4,1380,5520
OID13457,PID2030,A124,EMP1012,C1748,2022-02-24,3,1899,5697
OID13465,PID2058,A119,EMP1037,C1792,2022-01-31,1,2257,2257
OID13466,PID2083,A136,EMP1036,C1739,2022-03-09,1,2141,2141
OID13471,PID2092,A130,EMP1044,C1684,2022-06-01,2,1639,3278
OID13473,PID2030,A132,EMP1000,C1622,2022-07-06,2,1899,3798
OID13474,PID2094,A149,EMP1027,C1176,2022-07-21,3,771,2313
OID13475,PID2077,A162,EMP1010,C1251,2022-08-03,1,530,530
OID13482,PID2021,A117,EMP1001,C1411,2022-08-19,1,217,217
OID13488,PID2000,A131,EMP1006,C1304,2022-02-07,1,2241,2241
OID13491,PID2095,A136,EMP1038,C1766,2022-10-27,1,1743,1743
OID13498,PID2081,A121,EMP1002,C1750,2022-05-22,2,1566,3132
OID13503,PID2082,A155,EMP1003,C1373,2022-07-25,1,1103,1103
OID13517,PID2074,A170,EMP1024,C1354,2022-10-06,2,504,1008
OID13522,PID2065,A164,EMP1023,C1457,2022-05-31,3,2396,7188
OID13524,PID2081,A115,EMP1030,C1324,2022-10-07,3,1566,4698
OID13525,PID2005,A114,EMP1041,C1029,2022-10-22,3,684,2052
OID13534,PID2023,A127,EMP1019,C1477,2022-12-15,3,818,2454
OID13535,PID2019,A136,EMP1006,C1521,2022-06-25,2,800,1600
OID13536,PID2003,A142,EMP1027,C1433,2022-08-08,2,1783,3566
OID13537,PID2001,A129,EMP1005,C1318,2022-03-10,1,951,951
OID13540,PID2043,A129,EMP1040,C1733,2022-07-06,2,545,1090
OID13542,PID2001,A172,EMP1035,C1643,2022-07-26,1,951,951
OID13543,PID2084,A147,EMP1012,C1074,2022-07-27,1,1783,1783
OID13551,PID2089,A154,EMP1021,C1181,2022-08-06,4,2294,9176
OID13552,PID2094,A143,EMP1011,C1664,2022-05-23,1,771,771
OID13553,PID2037,A167,EMP1008,C1395,2022-06-05,1,880,880
OID13557,PID2058,A143,EMP1044,C1446,2022-09-23,4,2257,9028
OID13558,PID2090,A153,EMP1028,C1568,2022-04-05,2,1338,2676
OID13561,PID2097,A124,EMP1040,C1712,2022-07-14,3,1052,3156
OID13562,PID2094,A171,EMP1044,C1128,2022-09-15,1,771,771
OID13563,PID2033,A157,EMP1025,C1130,2022-12-21,4,2182,8728
OID13565,PID2089,A156,EMP1031,C1722,2022-09-02,4,2294,9176
OID13567,PID2020,A148,EMP1013,C1452,2022-08-23,2,2005,4010
OID13573,PID2014,A126,EMP1043,C1799,2022-06-07,1,1809,1809
OID13579,PID2055,A114,EMP1003,C1406,2022-05-08,1,2495,2495
OID13580,PID2085,A152,EMP1030,C1388,2022-09-24,1,1862,1862
OID13587,PID2064,A100,EMP1006,C1086,2022-02-06,2,1414,2828
OID13589,PID2079,A118,EMP1037,C1237,2022-09-03,2,1725,3450
OID13602,PID2035,A103,EMP1036,C1364,2022-03-13,1,458,458
OID13606,PID2085,A123,EMP1002,C1667,2022-05-30,3,1862,5586
OID13615,PID2025,A126,EMP1028,C1690,2022-03-14,3,667,2001
OID13616,PID2040,A115,EMP1002,C1477,2022-12-23,4,1889,7556
OID13617,PID2032,A126,EMP1037,C1133,2022-06-22,1,1967,1967
OID13621,PID2059,A125,EMP1016,C1128,2022-05-12,1,1494,1494
OID13622,PID2040,A157,EMP1034,C1435,2022-09-01,1,1889,1889
OID13625,PID2025,A124,EMP1041,C1137,2022-08-05,3,667,2001
OID13628,PID2022,A169,EMP1009,C1101,2022-07-01,3,561,1683
OID13631,PID2071,A121,EMP1027,C1163,2022-07-24,1,136,136
OID13633,PID2068,A161,EMP1026,C1228,2022-04-09,2,1500,3000
OID13637,PID2046,A128,EMP1012,C1563,2022-06-28,3,2410,7230
OID13641,PID2078,A115,EMP1013,C1743,2022-01-25,1,1798,1798
OID13642,PID2025,A111,EMP1020,C1167,2022-10-28,1,667,667
OID13650,PID2047,A115,EMP1030,C1210,2022-01-25,3,290,870
OID13657,PID2001,A121,EMP1016,C1349,2022-08-09,1,951,951
OID13658,PID2028,A100,EMP1009,C1566,2022-02-11,1,2283,2283
OID13659,PID2081,A113,EMP1001,C1773,2022-11-21,2,1566,3132
OID13666,PID2070,A154,EMP1004,C1211,2022-09-26,2,1671,3342
OID13673,PID2001,A118,EMP1040,C1697,2022-02-09,3,951,2853
OID13677,PID2069,A140,EMP1011,C1271,2022-04-24,3,378,1134
OID13678,PID2051,A129,EMP1027,C1714,2022-05-30,2,1077,2154
OID13681,PID2091,A137,EMP1024,C1109,2022-05-20,2,368,736
OID13682,PID2060,A165,EMP1041,C1202,2022-03-28,4,1467,5868
OID13683,PID2042,A172,EMP1028,C1708,2022-08-17,2,203,406
OID13684,PID2065,A147,EMP1018,C1387,2022-11-26,1,2396,2396
OID13685,PID2056,A152,EMP1006,C1712,2022-11-04,3,1635,4905
OID13689,PID2007,A130,EMP1042,C1526,2022-03-25,2,1405,2810
OID13690,PID2076,A132,EMP1022,C1216,2022-08-10,1,1522,1522
OID13693,PID2034,A169,EMP1009,C1304,2022-12-18,2,871,1742
OID13694,PID2053,A147,EMP1043,C1443,2022-03-04,1,596,596
OID13697,PID2094,A116,EMP1037,C1470,2022-12-02,4,771,3084
OID13699,PID2035,A102,EMP1034,C1708,2022-03-14,2,458,916
OID13701,PID2056,A162,EMP1035,C1278,2022-10-31,1,1635,1635
OID13702,PID2004,A114,EMP1042,C1354,2022-05-12,4,1278,5112
OID13704,PID2081,A129,EMP1007,C1629,2022-08-14,2,1566,3132
OID13705,PID2076,A142,EMP1037,C1378,2022-05-17,3,1522,4566
OID13708,PID2084,A119,EMP1017,C1154,2022-11-28,3,1783,5349
OID13713,PID2020,A142,EMP1042,C1599,2022-09-16,1,2005,2005
OID13715,PID2099,A126,EMP1040,C1721,2022-12-07,1,1367,1367
OID13721,PID2084,A162,EMP1004,C1194,2022-09-10,4,1783,7132
OID13725,PID2008,A115,EMP1022,C1078,2022-11-15,4,315,1260
OID13727,PID2008,A123,EMP1013,C1427,2022-06-18,3,315,945
OID13729,PID2062,A102,EMP1025,C1537,2022-04-10,1,2464,2464
OID13730,PID2081,A153,EMP1037,C1694,2022-09-30,1,1566,1566
OID13734,PID2035,A115,EMP1022,C1257,2022-03-02,3,458,1374
OID13738,PID2079,A142,EMP1012,C1503,2022-01-07,1,1725,1725
OID13739,PID2038,A111,EMP1006,C1066,2022-02-24,1,392,392
OID13744,PID2095,A121,EMP1039,C1065,2022-01-09,2,1743,3486
OID13745,PID2038,A170,EMP1026,C1524,2022-11-27,1,392,392
OID13748,PID2064,A165,EMP1009,C1568,2022-08-15,3,1414,4242
OID13750,PID2093,A141,EMP1025,C1262,2022-08-10,1,112,112
OID13751,PID2100,A107,EMP1022,C1766,2022-05-04,3,799,2397
OID13752,PID2047,A104,EMP1028,C1507,2022-01-22,4,290,1160
OID13753,PID2071,A129,EMP1009,C1478,2022-03-14,3,136,408
OID13762,PID2023,A134,EMP1019,C1736,2022-10-16,2,818,1636
OID13769,PID2034,A168,EMP1018,C1227,2022-06-14,3,871,2613
OID13770,PID2024,A120,EMP1015,C1044,2022-02-28,2,356,712
OID13772,PID2099,A136,EMP1009,C1500,2022-12-30,3,1367,4101
OID13774,PID2020,A101,EMP1004,C1443,2022-06-28,1,2005,2005
OID13776,PID2031,A106,EMP1041,C1534,2022-10-09,1,1638,1638
OID13781,PID2007,A108,EMP1009,C1064,2022-02-07,3,1405,4215
OID13783,PID2007,A107,EMP1042,C1426,2022-04-29,3,1405,4215
OID13786,PID2023,A127,EMP1041,C1034,2022-12-22,3,818,2454
OID13788,PID2025,A112,EMP1006,C1710,2022-07-30,1,667,667
OID13789,PID2016,A167,EMP1021,C1396,2022-12-07,1,1351,1351
OID13792,PID2012,A122,EMP1001,C1581,2022-01-02,3,1353,4059
OID13793,PID2015,A168,EMP1010,C1586,2022-02-26,2,637,1274
OID13794,PID2094,A122,EMP1011,C1411,2022-12-26,1,771,771
OID13797,PID2091,A152,EMP1027,C1647,2022-04-30,1,368,368
OID13800,PID2063,A173,EMP1042,C1179,2022-06-05,3,1708,5124
OID13804,PID2071,A153,EMP1042,C1676,2022-03-28,1,136,136
OID13805,PID2066,A146,EMP1037,C1707,2022-12-12,2,2091,4182
OID13810,PID2023,A159,EMP1014,C1732,2022-04-09,3,818,2454
OID13820,PID2021,A172,EMP1011,C1800,2022-05-11,2,217,434
OID13821,PID2031,A112,EMP1044,C1790,2022-07-07,4,1638,6552
OID13822,PID2093,A105,EMP1019,C1218,2022-11-19,2,112,224
OID13823,PID2055,A132,EMP1018,C1688,2022-11-06,3,2495,7485
OID13825,PID2081,A142,EMP1000,C1419,2022-02-10,2,1566,3132
OID13826,PID2071,A108,EMP1002,C1345,2022-09-02,1,136,136
OID13827,PID2068,A150,EMP1034,C1260,2022-06-29,2,1500,3000
OID13828,PID2018,A113,EMP1021,C1183,2022-11-07,1,1972,1972
OID13831,PID2079,A155,EMP1031,C1228,2022-09-24,1,1725,1725
OID13834,PID2023,A103,EMP1036,C1422,2022-02-15,3,818,2454
OID13841,PID2025,A107,EMP1000,C1154,2022-11-29,4,667,2668
OID13844,PID2002,A103,EMP1003,C1490,2022-06-18,1,847,847
OID13845,PID2070,A148,EMP1033,C1675,2022-05-11,1,1671,1671
OID13847,PID2051,A149,EMP1004,C1428,2022-10-05,3,1077,3231
OID13851,PID2023,A105,EMP1011,C1326,2022-08-02,1,818,818
OID13853,PID2074,A160,EMP1017,C1440,2022-06-05,1,504,504
OID13855,PID2022,A108,EMP1027,C1290,2022-04-08,1,561,561
OID13856,PID2045,A149,EMP1018,C1427,2022-07-02,4,556,2224
OID13859,PID2089,A109,EMP1044,C1508,2022-12-27,1,2294,2294
OID13868,PID2061,A108,EMP1012,C1357,2022-08-09,1,913,913
OID13870,PID2025,A137,EMP1022,C1612,2022-07-20,1,667,667
OID13872,PID2064,A150,EMP1026,C1670,2022-04-05,1,1414,1414
OID13873,PID2000,A135,EMP1030,C1267,2022-10-13,4,2241,8964
OID13874,PID2016,A154,EMP1029,C1725,2022-11-29,1,1351,1351
OID13880,PID2023,A121,EMP1031,C1227,2022-03-12,3,818,2454
OID13882,PID2016,A142,EMP1026,C1275,2022-11-20,1,1351,1351
OID13883,PID2040,A157,EMP1013,C1405,2022-06-27,1,1889,1889
OID13884,PID2012,A129,EMP1040,C1349,2022-06-08,3,1353,4059
OID13885,PID2035,A105,EMP1026,C1071,2022-05-22,1,458,458
OID13886,PID2043,A164,EMP1000,C1590,2022-12-10,1,545,545
OID13889,PID2092,A141,EMP1019,C1526,2022-02-27,1,1639,1639
OID13892,PID2067,A109,EMP1043,C1470,2022-08-11,3,1119,3357
OID13895,PID2069,A135,EMP1033,C1441,2022-08-15,1,378,378
OID13899,PID2019,A141,EMP1024,C1449,2022-02-23,2,800,1600
OID13901,PID2093,A158,EMP1007,C1682,2022-08-01,1,112,112
OID13905,PID2067,A146,EMP1027,C1640,2022-08-14,4,1119,4476
OID13907,PID2000,A148,EMP1002,C1706,2022-12-12,1,2241,2241
OID13911,PID2005,A147,EMP1012,C1036,2022-12-10,1,684,684
OID13912,PID2036,A124,EMP1012,C1595,2022-05-01,3,1582,4746
OID13915,PID2031,A103,EMP1036,C1250,2022-03-12,3,1638,4914
OID13916,PID2014,A135,EMP1021,C1658,2022-12-03,2,1809,3618
OID13917,PID2006,A152,EMP1022,C1409,2022-02-12,2,1826,3652
OID13927,PID2019,A146,EMP1013,C1620,2022-07-17,2,800,1600
OID13932,PID2065,A128,EMP1042,C1381,2022-02-04,2,2396,4792
OID13933,PID2090,A110,EMP1017,C1244,2022-02-01,3,1338,4014
OID13939,PID2023,A115,EMP1028,C1521,2022-01-07,4,818,3272
OID13942,PID2028,A108,EMP1000,C1034,2022-08-05,3,2283,6849
OID13943,PID2025,A124,EMP1034,C1005,2022-08-10,1,667,667
OID13945,PID2088,A142,EMP1039,C1514,2022-08-07,1,603,603
OID13946,PID2069,A164,EMP1002,C1115,2022-06-29,3,378,1134
OID13950,PID2081,A105,EMP1006,C1484,2022-10-21,1,1566,1566
OID13959,PID2063,A114,EMP1034,C1211,2022-01-26,4,1708,6832
OID13961,PID2026,A141,EMP1040,C1655,2022-10-17,2,947,1894
OID13963,PID2045,A164,EMP1044,C1656,2022-08-11,3,556,1668
OID13965,PID2032,A143,EMP1030,C1401,2022-06-08,1,1967,1967
OID13970,PID2090,A138,EMP1042,C1335,2022-08-16,2,1338,2676
OID13974,PID2025,A165,EMP1022,C1462,2022-06-23,3,667,2001
OID13977,PID2087,A132,EMP1005,C1609,2022-08-05,3,1022,3066
OID13978,PID2066,A136,EMP1027,C1214,2022-08-17,4,2091,8364
OID13979,PID2096,A109,EMP1039,C1543,2022-11-29,1,1587,1587
OID13980,PID2046,A141,EMP1014,C1068,2022-03-30,1,2410,2410
OID13981,PID2039,A116,EMP1001,C1504,2022-09-30,1,817,817
OID13982,PID2015,A139,EMP1028,C1514,2022-07-09,1,637,637
OID13983,PID2040,A111,EMP1033,C1683,2022-12-07,2,1889,3778
OID13985,PID2020,A122,EMP1016,C1264,2022-11-03,2,2005,4010
OID13987,PID2096,A155,EMP1019,C1282,2022-09-15,3,1587,4761
OID13988,PID2087,A164,EMP1040,C1794,2022-09-08,1,1022,1022
OID13992,PID2077,A142,EMP1011,C1099,2022-12-11,4,530,2120
OID13993,PID2074,A167,EMP1014,C1517,2022-11-30,1,504,504
OID13998,PID2020,A127,EMP1014,C1374,2022-12-23,1,2005,2005
OID14001,PID2019,A160,EMP1003,C1164,2022-02-09,1,800,800
OID14003,PID2037,A123,EMP1007,C1035,2022-07-09,2,880,1760
OID14005,PID2073,A119,EMP1043,C1142,2022-03-13,3,95,285
OID14006,PID2008,A173,EMP1024,C1288,2022-01-03,1,315,315
OID14009,PID2020,A168,EMP1025,C1719,2022-05-23,1,2005,2005
OID14016,PID2100,A102,EMP1007,C1349,2022-01-05,2,799,1598
OID14019,PID2056,A113,EMP1009,C1147,2022-12-01,1,1635,1635
OID14020,PID2011,A169,EMP1044,C1493,2022-08-08,1,530,530
OID14021,PID2054,A113,EMP1021,C1315,2022-01-18,1,127,127
OID14028,PID2079,A144,EMP1022,C1294,2022-10-30,3,1725,5175
OID14037,PID2062,A113,EMP1001,C1111,2022-12-14,2,2464,4928
OID14038,PID2006,A169,EMP1018,C1538,2022-01-11,3,1826,5478
OID14039,PID2045,A140,EMP1033,C1475,2022-07-15,4,556,2224
OID14043,PID2040,A145,EMP1029,C1606,2022-06-23,3,1889,5667
OID14044,PID2036,A136,EMP1041,C1170,2022-01-02,4,1582,6328
OID14045,PID2098,A138,EMP1012,C1125,2022-01-24,1,1178,1178
OID14046,PID2056,A112,EMP1037,C1267,2022-09-29,1,1635,1635
OID14049,PID2055,A107,EMP1027,C1667,2022-12-01,4,2495,9980
OID14053,PID2095,A126,EMP1015,C1419,2022-08-13,3,1743,5229
OID14054,PID2048,A117,EMP1000,C1568,2022-12-16,4,502,2008
OID14055,PID2098,A141,EMP1006,C1724,2022-12-30,4,1178,4712
OID14057,PID2080,A103,EMP1037,C1701,2022-08-08,2,2353,4706
OID14059,PID2003,A136,EMP1015,C1778,2022-06-10,1,1783,1783
OID14061,PID2038,A139,EMP1043,C1486,2022-09-28,1,392,392
OID14069,PID2078,A118,EMP1020,C1731,2022-07-05,1,1798,1798
OID14074,PID2079,A144,EMP1003,C1726,2022-06-23,4,1725,6900
OID14077,PID2075,A140,EMP1012,C1470,2022-05-29,2,400,800
OID14080,PID2045,A156,EMP1014,C1084,2022-10-19,4,556,2224
OID14082,PID2099,A103,EMP1035,C1136,2022-03-13,1,1367,1367
OID14083,PID2036,A128,EMP1003,C1099,2022-06-14,3,1582,4746
OID14086,PID2059,A160,EMP1033,C1077,2022-09-02,1,1494,1494
OID14087,PID2063,A153,EMP1034,C1023,2022-08-23,3,1708,5124
OID14088,PID2078,A115,EMP1021,C1220,2022-09-16,2,1798,3596
OID14099,PID2062,A165,EMP1010,C1491,2022-09-07,3,2464,7392
OID14100,PID2044,A127,EMP1037,C1377,2022-09-11,3,886,2658
OID14108,PID2010,A111,EMP1024,C1365,2022-12-16,1,1812,1812
OID14112,PID2051,A144,EMP1025,C1254,2022-07-28,1,1077,1077
OID14113,PID2047,A160,EMP1039,C1458,2022-09-01,1,290,290
OID14115,PID2088,A142,EMP1021,C1435,2022-09-19,1,603,603
OID14117,PID2035,A136,EMP1001,C1389,2022-06-17,1,458,458
OID14120,PID2005,A107,EMP1011,C1125,2022-04-17,1,684,684
OID14124,PID2016,A141,EMP1019,C1501,2022-10-23,3,1351,4053
OID14130,PID2013,A131,EMP1007,C1346,2022-01-31,1,368,368
OID14131,PID2073,A135,EMP1004,C1498,2022-01-20,2,95,190
OID14133,PID2054,A164,EMP1004,C1419,2022-12-02,3,127,381
OID14137,PID2023,A162,EMP1030,C1620,2022-12-23,1,818,818
OID14142,PID2068,A156,EMP1019,C1101,2022-09-17,1,1500,1500
OID14143,PID2062,A155,EMP1023,C1603,2022-02-07,2,2464,4928
OID14145,PID2042,A142,EMP1023,C1636,2022-11-05,1,203,203
OID14151,PID2019,A152,EMP1010,C1465,2022-04-06,2,800,1600
OID14156,PID2082,A136,EMP1039,C1040,2022-09-28,3,1103,3309
OID14158,PID2044,A170,EMP1000,C1497,2022-06-03,1,886,886
OID14159,PID2087,A152,EMP1035,C1379,2022-07-20,2,1022,2044
OID14161,PID2053,A117,EMP1022,C1764,2022-04-27,1,596,596
OID14162,PID2076,A157,EMP1033,C1232,2022-03-18,3,1522,4566
OID14166,PID2009,A101,EMP1029,C1685,2022-11-21,1,584,584
OID14169,PID2044,A159,EMP1013,C1083,2022-01-22,1,886,886
OID14170,PID2066,A128,EMP1003,C1285,2022-09-19,1,2091,2091
OID14172,PID2092,A141,EMP1019,C1049,2022-11-04,1,1639,1639
OID14173,PID2089,A122,EMP1035,C1344,2022-10-12,3,2294,6882
OID14174,PID2011,A165,EMP1001,C1041,2022-12-24,3,530,1590
OID14175,PID2022,A149,EMP1022,C1160,2022-11-27,1,561,561
OID14176,PID2096,A168,EMP1000,C1120,2022-11-11,1,1587,1587
OID14177,PID2022,A155,EMP1017,C1637,2022-11-05,1,561,561
OID14179,PID2040,A100,EMP1020,C1454,2022-01-30,3,1889,5667
OID14182,PID2013,A162,EMP1010,C1626,2022-10-12,3,368,1104
OID14187,PID2032,A123,EMP1027,C1559,2022-04-20,1,1967,1967
OID14193,PID2068,A167,EMP1006,C1497,2022-09-10,1,1500,1500
OID14195,PID2044,A112,EMP1000,C1246,2022-08-02,1,886,886
OID14196,PID2051,A136,EMP1007,C1096,2022-09-28,1,1077,1077
OID14200,PID2083,A154,EMP1038,C1210,2022-08-07,1,2141,2141
OID14201,PID2045,A134,EMP1025,C1715,2022-04-05,3,556,1668
OID14205,PID2022,A151,EMP1036,C1465,2022-09-30,3,561,1683
OID14210,PID2044,A149,EMP1004,C1043,2022-07-26,1,886,886
OID14211,PID2073,A151,EMP1016,C1386,2022-02-14,1,95,95
OID14214,PID2032,A120,EMP1033,C1633,2022-12-14,3,1967,5901
OID14217,PID2053,A108,EMP1033,C1343,2022-07-03,2,596,1192
OID14218,PID2100,A130,EMP1040,C1656,2022-03-23,3,799,2397
OID14224,PID2064,A114,EMP1010,C1505,2022-10-12,1,1414,1414
OID14229,PID2039,A100,EMP1004,C1555,2022-07-15,3,817,2451
OID14230,PID2081,A154,EMP1022,C1354,2022-09-11,3,1566,4698
OID14231,PID2006,A170,EMP1023,C1786,2022-04-07,1,1826,1826
OID14236,PID2006,A141,EMP1037,C1226,2022-05-30,1,1826,1826
OID14237,PID2072,A133,EMP1026,C1543,2022-09-02,4,1887,7548
OID14248,PID2036,A139,EMP1001,C1265,2022-06-16,3,1582,4746
OID14254,PID2084,A151,EMP1041,C1770,2022-03-19,4,1783,7132
OID14257,PID2028,A129,EMP1036,C1418,2022-02-09,1,2283,2283
OID14258,PID2006,A145,EMP1021,C1668,2022-08-26,4,1826,7304
OID14259,PID2017,A150,EMP1040,C1740,2022-08-18,2,35,70
OID14260,PID2091,A119,EMP1040,C1008,2022-03-13,1,368,368
OID14262,PID2069,A159,EMP1043,C1276,2022-10-08,1,378,378
OID14264,PID2015,A160,EMP1002,C1484,2022-12-14,4,637,2548
OID14268,PID2072,A130,EMP1036,C1061,2022-09-09,1,1887,1887
OID14269,PID2027,A128,EMP1002,C1501,2022-04-06,1,2497,2497
OID14272,PID2041,A118,EMP1024,C1314,2022-01-16,3,1380,4140
OID14285,PID2090,A147,EMP1015,C1538,2022-07-04,4,1338,5352
OID14290,PID2058,A114,EMP1029,C1489,2022-08-18,4,2257,9028
OID14293,PID2067,A171,EMP1015,C1170,2022-05-05,1,1119,1119
OID14298,PID2031,A137,EMP1021,C1717,2022-09-07,1,1638,1638
OID14300,PID2081,A157,EMP1001,C1294,2022-06-02,3,1566,4698
OID14312,PID2077,A146,EMP1042,C1279,2022-11-04,1,530,530
OID14313,PID2035,A111,EMP1026,C1569,2022-10-20,4,458,1832
OID14314,PID2040,A139,EMP1017,C1428,2022-01-29,1,1889,1889
OID14317,PID2012,A142,EMP1005,C1678,2022-08-01,3,1353,4059
OID14318,PID2014,A172,EMP1020,C1450,2022-12-11,3,1809,5427
OID14321,PID2003,A102,EMP1003,C1176,2022-11-22,1,1783,1783
OID14323,PID2018,A110,EMP1044,C1577,2022-12-08,1,1972,1972
OID14328,PID2079,A127,EMP1033,C1035,2022-12-10,3,1725,5175
OID14329,PID2052,A172,EMP1014,C1594,2022-07-31,1,1526,1526
OID14330,PID2026,A140,EMP1030,C1067,2022-07-11,2,947,1894
OID14333,PID2020,A136,EMP1027,C1563,2022-05-06,2,2005,4010
OID14338,PID2046,A135,EMP1032,C1490,2022-05-03,3,2410,7230
OID14340,PID2079,A113,EMP1016,C1538,2022-04-17,2,1725,3450
OID14342,PID2068,A109,EMP1004,C1178,2022-10-28,4,1500,6000
OID14344,PID2002,A123,EMP1001,C1660,2022-04-23,4,847,3388
OID14345,PID2032,A134,EMP1042,C1668,2022-06-21,4,1967,7868
OID14346,PID2026,A115,EMP1020,C1415,2022-10-25,2,947,1894
OID14347,PID2011,A106,EMP1018,C1408,2022-11-18,1,530,530
OID14354,PID2042,A104,EMP1024,C1195,2022-11-23,2,203,406
OID14356,PID2067,A165,EMP1017,C1527,2022-05-29,3,1119,3357
OID14361,PID2058,A118,EMP1043,C1729,2022-08-19,2,2257,4514
OID14362,PID2100,A145,EMP1002,C1047,2022-06-29,3,799,2397
OID14365,PID2039,A119,EMP1022,C1516,2022-04-09,2,817,1634
OID14366,PID2004,A101,EMP1026,C1172,2022-01-16,2,1278,2556
OID14373,PID2003,A166,EMP1007,C1778,2022-06-06,4,1783,7132
OID14374,PID2057,A118,EMP1029,C1270,2022-04-21,3,181,543
OID14375,PID2068,A102,EMP1039,C1083,2022-07-27,4,1500,6000
OID14385,PID2017,A150,EMP1007,C1774,2022-10-14,3,35,105
OID14388,PID2049,A123,EMP1031,C1333,2022-07-10,3,826,2478
OID14389,PID2079,A107,EMP1010,C1584,2022-07-07,1,1725,1725
OID14390,PID2004,A101,EMP1016,C1456,2022-11-29,1,1278,1278
OID14393,PID2088,A121,EMP1031,C1780,2022-02-09,2,603,1206
OID14395,PID2011,A141,EMP1036,C1619,2022-06-13,3,530,1590
OID14396,PID2092,A126,EMP1013,C1430,2022-04-07,2,1639,3278
OID14398,PID2088,A147,EMP1035,C1777,2022-05-05,1,603,603
OID14402,PID2042,A128,EMP1001,C1717,2022-05-16,1,203,203
OID14403,PID2093,A115,EMP1000,C1775,2022-05-12,1,112,112
OID14405,PID2078,A159,EMP1026,C1696,2022-11-03,2,1798,3596
OID14406,PID2084,A139,EMP1012,C1573,2022-12-25,1,1783,1783
OID14409,PID2077,A116,EMP1033,C1049,2022-06-26,4,530,2120
OID14412,PID2011,A127,EMP1007,C1028,2022-07-21,1,530,530
OID14417,PID2066,A115,EMP1029,C1700,2022-10-27,2,2091,4182
OID14422,PID2073,A130,EMP1044,C1149,2022-08-15,1,95,95
OID14424,PID2064,A156,EMP1002,C1750,2022-10-06,2,1414,2828
OID14425,PID2081,A140,EMP1040,C1270,2022-03-26,1,1566,1566
OID14427,PID2100,A116,EMP1002,C1142,2022-10-29,1,799,799
OID14430,PID2018,A106,EMP1028,C1661,2022-08-04,3,1972,5916
OID14434,PID2088,A116,EMP1001,C1318,2022-10-04,1,603,603
OID14438,PID2077,A100,EMP1011,C1513,2022-09-10,2,530,1060
OID14439,PID2026,A146,EMP1003,C1006,2022-09-25,3,947,2841
OID14441,PID2004,A110,EMP1044,C1783,2022-04-05,3,1278,3834
OID14443,PID2032,A104,EMP1037,C1356,2022-07-11,2,1967,3934
OID14444,PID2025,A140,EMP1012,C1061,2022-06-25,1,667,667
OID14449,PID2096,A116,EMP1014,C1009,2022-07-16,2,1587,3174
OID14453,PID2090,A173,EMP1018,C1377,2022-08-28,1,1338,1338
OID14458,PID2065,A128,EMP1010,C1400,2022-08-04,1,2396,2396
OID14460,PID2071,A111,EMP1022,C1302,2022-02-23,2,136,272
OID14468,PID2032,A119,EMP1004,C1591,2022-03-16,2,1967,3934
OID14469,PID2077,A157,EMP1011,C1220,2022-02-02,2,530,1060
OID14470,PID2065,A126,EMP1036,C1315,2022-04-13,1,2396,2396
OID14471,PID2060,A149,EMP1009,C1027,2022-09-28,1,1467,1467
OID14472,PID2043,A123,EMP1009,C1453,2022-07-30,4,545,2180
OID14487,PID2082,A151,EMP1042,C1632,2022-11-03,3,1103,3309
OID14488,PID2066,A101,EMP1027,C1174,2022-02-18,1,2091,2091
OID14490,PID2029,A101,EMP1010,C1339,2022-07-02,2,1848,3696
OID14493,PID2006,A137,EMP1007,C1193,2022-08-21,1,1826,1826
OID14495,PID2044,A122,EMP1002,C1332,2022-02-18,1,886,886
OID14500,PID2050,A108,EMP1025,C1076,2022-12-27,3,2391,7173
OID14502,PID2075,A160,EMP1013,C1204,2022-08-08,1,400,400
OID14504,PID2003,A147,EMP1039,C1093,2022-03-16,1,1783,1783
OID14507,PID2061,A133,EMP1012,C1755,2022-10-24,3,913,2739
OID14513,PID2064,A135,EMP1037,C1483,2022-11-29,4,1414,5656
OID14514,PID2085,A162,EMP1012,C1734,2022-09-27,1,1862,1862
OID14516,PID2079,A129,EMP1044,C1523,2022-09-19,2,1725,3450
OID14519,PID2083,A141,EMP1043,C1708,2022-05-22,2,2141,4282
OID14520,PID2010,A119,EMP1017,C1366,2022-03-30,3,1812,5436
OID14522,PID2062,A111,EMP1015,C1031,2022-04-04,2,2464,4928
OID14524,PID2095,A165,EMP1015,C1765,2022-02-01,3,1743,5229
OID14526,PID2071,A145,EMP1037,C1650,2022-06-24,1,136,136
OID14527,PID2092,A142,EMP1010,C1678,2022-06-29,3,1639,4917
OID14531,PID2041,A106,EMP1036,C1407,2022-10-07,1,1380,1380
OID14532,PID2046,A163,EMP1004,C1442,2022-10-10,1,2410,2410
OID14533,PID2079,A128,EMP1017,C1696,2022-05-17,1,1725,1725
OID14536,PID2070,A146,EMP1029,C1543,2022-06-13,2,1671,3342
OID14538,PID2031,A168,EMP1025,C1755,2022-07-13,2,1638,3276
OID14540,PID2039,A110,EMP1002,C1271,2022-06-14,1,817,817
OID14542,PID2033,A135,EMP1013,C1366,2022-01-14,4,2182,8728
OID14544,PID2071,A158,EMP1035,C1016,2022-05-04,1,136,136
OID14545,PID2083,A154,EMP1020,C1697,2022-12-30,1,2141,2141
OID14547,PID2094,A155,EMP1016,C1483,2022-01-25,1,771,771
OID14551,PID2013,A106,EMP1011,C1111,2022-09-20,2,368,736
OID14555,PID2097,A165,EMP1035,C1011,2022-10-12,3,1052,3156
OID14559,PID2087,A164,EMP1015,C1682,2022-08-15,4,1022,4088
OID14562,PID2042,A166,EMP1044,C1562,2022-06-02,3,203,609
OID14566,PID2076,A147,EMP1002,C1343,2022-10-14,3,1522,4566
OID14567,PID2068,A138,EMP1024,C1224,2022-02-08,1,1500,1500
OID14569,PID2068,A134,EMP1004,C1650,2022-04-18,3,1500,4500
OID14571,PID2002,A152,EMP1034,C1372,2022-11-22,1,847,847
OID14572,PID2011,A138,EMP1041,C1195,2022-10-26,2,530,1060
OID14573,PID2087,A141,EMP1013,C1483,2022-06-22,2,1022,2044
OID14574,PID2047,A134,EMP1022,C1299,2022-01-02,1,290,290
OID14575,PID2022,A128,EMP1004,C1570,2022-06-19,4,561,2244
OID14576,PID2077,A153,EMP1008,C1146,2022-03-20,3,530,1590
OID14580,PID2057,A172,EMP1001,C1267,2022-10-07,1,181,181
OID14581,PID2002,A123,EMP1044,C1265,2022-06-24,4,847,3388
OID14584,PID2051,A165,EMP1027,C1634,2022-04-17,1,1077,1077
OID14588,PID2090,A144,EMP1003,C1419,2022-11-04,1,1338,1338
OID14589,PID2068,A123,EMP1042,C1268,2022-05-01,1,1500,1500
OID14590,PID2056,A155,EMP1014,C1370,2022-08-18,1,1635,1635
OID14591,PID2044,A146,EMP1026,C1469,2022-12-30,3,886,2658
OID14592,PID2066,A145,EMP1043,C1109,2022-06-16,1,2091,2091
OID14595,PID2092,A165,EMP1038,C1314,2022-11-21,1,1639,1639
OID14596,PID2083,A142,EMP1024,C1709,2022-09-29,1,2141,2141
OID14599,PID2024,A110,EMP1037,C1752,2022-03-26,1,356,356
OID14600,PID2035,A114,EMP1030,C1762,2022-02-24,4,458,1832
OID14601,PID2024,A143,EMP1041,C1675,2022-08-19,1,356,356
OID14604,PID2005,A146,EMP1036,C1755,2022-01-10,1,684,684
OID14605,PID2068,A166,EMP1007,C1769,2022-08-26,2,1500,3000
OID14606,PID2012,A124,EMP1017,C1749,2022-01-25,3,1353,4059
OID14610,PID2077,A142,EMP1002,C1071,2022-11-02,4,530,2120
OID14616,PID2054,A164,EMP1004,C1760,2022-06-01,3,127,381
OID14620,PID2097,A126,EMP1011,C1406,2022-04-03,2,1052,2104
OID14622,PID2058,A136,EMP1040,C1664,2022-04-20,1,2257,2257
OID14627,PID2002,A130,EMP1027,C1028,2022-09-11,1,847,847
OID14631,PID2000,A100,EMP1014,C1118,2022-10-26,1,2241,2241
OID14633,PID2009,A135,EMP1040,C1253,2022-07-13,1,584,584
OID14639,PID2072,A103,EMP1018,C1792,2022-06-30,1,1887,1887
OID14641,PID2066,A101,EMP1036,C1346,2022-06-25,3,2091,6273
OID14642,PID2068,A107,EMP1033,C1477,2022-04-05,4,1500,6000
OID14644,PID2079,A114,EMP1031,C1578,2022-10-13,3,1725,5175
OID14646,PID2083,A124,EMP1020,C1388,2022-09-16,4,2141,8564
OID14648,PID2049,A148,EMP1025,C1380,2022-09-25,1,826,826
OID14652,PID2081,A155,EMP1043,C1265,2022-02-27,1,1566,1566
OID14660,PID2069,A100,EMP1029,C1793,2022-11-14,1,378,378
OID14662,PID2049,A114,EMP1042,C1027,2022-08-01,3,826,2478
OID14664,PID2063,A130,EMP1022,C1509,2022-06-05,1,1708,1708
OID14667,PID2085,A160,EMP1010,C1022,2022-03-12,3,1862,5586
OID14669,PID2065,A118,EMP1002,C1722,2022-07-15,1,2396,2396
OID14670,PID2010,A130,EMP1016,C1104,2022-11-03,3,1812,5436
OID14671,PID2042,A122,EMP1010,C1383,2022-11-23,4,203,812
OID14677,PID2009,A137,EMP1035,C1283,2022-01-31,4,584,2336
OID14682,PID2085,A143,EMP1033,C1654,2022-10-03,1,1862,1862
OID14684,PID2045,A129,EMP1013,C1022,2022-08-20,1,556,556
OID14686,PID2020,A158,EMP1008,C1043,2022-01-23,1,2005,2005
OID14690,PID2001,A122,EMP1033,C1145,2022-12-26,1,951,951
OID14691,PID2024,A169,EMP1035,C1003,2022-08-25,3,356,1068
OID14692,PID2000,A156,EMP1001,C1328,2022-02-05,4,2241,8964
OID14696,PID2058,A134,EMP1035,C1168,2022-08-23,4,2257,9028
OID14697,PID2025,A122,EMP1039,C1170,2022-11-28,3,667,2001
OID14699,PID2020,A160,EMP1041,C1466,2022-06-03,1,2005,2005
OID14700,PID2055,A159,EMP1041,C1095,2022-08-26,1,2495,2495
OID14702,PID2100,A106,EMP1000,C1259,2022-03-27,4,799,3196
OID14703,PID2029,A147,EMP1032,C1595,2022-03-04,1,1848,1848
OID14709,PID2003,A100,EMP1009,C1557,2022-09-09,3,1783,5349
OID14711,PID2078,A171,EMP1029,C1202,2022-06-24,1,1798,1798
OID14713,PID2088,A117,EMP1011,C1152,2022-06-24,1,603,603
OID14714,PID2068,A122,EMP1039,C1787,2022-10-21,1,1500,1500
OID14715,PID2067,A116,EMP1043,C1413,2022-11-20,2,1119,2238
OID14717,PID2016,A124,EMP1021,C1676,2022-09-20,4,1351,5404
OID14721,PID2074,A159,EMP1001,C1348,2022-01-17,2,504,1008
OID14726,PID2042,A171,EMP1015,C1761,2022-12-24,2,203,406
OID14727,PID2004,A153,EMP1017,C1504,2022-12-17,1,1278,1278
OID14729,PID2037,A165,EMP1031,C1358,2022-10-28,1,880,880
OID14734,PID2052,A119,EMP1020,C1232,2022-02-06,1,1526,1526
OID14736,PID2069,A105,EMP1004,C1450,2022-04-30,1,378,378
OID14739,PID2028,A125,EMP1018,C1204,2022-02-15,1,2283,2283
OID14741,PID2028,A109,EMP1001,C1706,2022-03-10,2,2283,4566
OID14743,PID2021,A148,EMP1044,C1591,2022-05-01,1,217,217
OID14744,PID2018,A170,EMP1005,C1461,2022-10-05,3,1972,5916
OID14748,PID2026,A154,EMP1039,C1130,2022-09-12,1,947,947
OID14749,PID2041,A162,EMP1034,C1256,2022-08-27,1,1380,1380
OID14750,PID2083,A149,EMP1007,C1646,2022-01-01,2,2141,4282
OID14752,PID2081,A128,EMP1009,C1493,2022-11-02,1,1566,1566
OID14756,PID2056,A160,EMP1028,C1111,2022-05-13,1,1635,1635
OID14760,PID2078,A144,EMP1036,C1385,2022-03-10,1,1798,1798
OID14762,PID2011,A135,EMP1014,C1093,2022-09-03,4,530,2120
OID14764,PID2023,A147,EMP1029,C1357,2022-01-01,4,818,3272
OID14765,PID2010,A118,EMP1042,C1382,2022-12-26,1,1812,1812
OID14767,PID2018,A129,EMP1012,C1180,2022-04-03,2,1972,3944
OID14772,PID2049,A117,EMP1039,C1499,2022-09-20,1,826,826
OID14774,PID2027,A114,EMP1008,C1140,2022-05-14,3,2497,7491
OID14779,PID2073,A168,EMP1006,C1100,2022-04-23,4,95,380
OID14780,PID2050,A131,EMP1008,C1531,2022-06-21,1,2391,2391
OID14787,PID2043,A101,EMP1030,C1405,2022-12-13,1,545,545
OID14793,PID2072,A140,EMP1002,C1420,2022-03-11,1,1887,1887
OID14795,PID2070,A144,EMP1038,C1425,2022-01-15,1,1671,1671
OID14796,PID2018,A141,EMP1015,C1454,2022-03-29,2,1972,3944
OID14800,PID2067,A166,EMP1040,C1235,2022-09-01,1,1119,1119
OID14802,PID2089,A169,EMP1033,C1123,2022-10-26,2,2294,4588
OID14805,PID2032,A119,EMP1024,C1327,2022-10-09,1,1967,1967
OID14807,PID2044,A112,EMP1044,C1498,2022-09-11,1,886,886
OID14808,PID2067,A114,EMP1003,C1179,2022-12-15,3,1119,3357
OID14809,PID2053,A143,EMP1006,C1048,2022-09-04,2,596,1192
OID14813,PID2051,A105,EMP1034,C1186,2022-10-04,3,1077,3231
OID14814,PID2070,A171,EMP1003,C1270,2022-11-15,1,1671,1671
OID14819,PID2007,A147,EMP1016,C1035,2022-01-07,1,1405,1405
OID14829,PID2064,A146,EMP1022,C1700,2022-05-29,4,1414,5656
OID14832,PID2067,A110,EMP1028,C1774,2022-10-05,4,1119,4476
OID14834,PID2012,A142,EMP1013,C1431,2022-01-07,2,1353,2706
OID14835,PID2015,A138,EMP1014,C1478,2022-10-03,1,637,637
OID14841,PID2071,A156,EMP1035,C1245,2022-02-03,3,136,408
OID14842,PID2033,A142,EMP1044,C1040,2022-12-14,2,2182,4364
OID14843,PID2021,A147,EMP1031,C1057,2022-06-19,2,217,434
OID14845,PID2016,A116,EMP1012,C1386,2022-05-13,1,1351,1351
OID14849,PID2013,A133,EMP1032,C1723,2022-11-01,3,368,1104
OID14852,PID2070,A129,EMP1024,C1342,2022-09-05,1,1671,1671
OID14856,PID2075,A127,EMP1017,C1525,2022-03-21,2,400,800
OID14857,PID2093,A147,EMP1030,C1094,2022-02-01,4,112,448
OID14858,PID2011,A133,EMP1040,C1257,2022-12-11,1,530,530
OID14859,PID2061,A140,EMP1003,C1105,2022-08-04,3,913,2739
OID14861,PID2070,A111,EMP1021,C1637,2022-03-20,1,1671,1671
OID14862,PID2065,A172,EMP1000,C1406,2022-02-06,3,2396,7188
OID14864,PID2005,A122,EMP1013,C1175,2022-12-05,1,684,684
OID14865,PID2002,A125,EMP1041,C1511,2022-09-15,2,847,1694
OID14871,PID2052,A162,EMP1034,C1612,2022-01-19,1,1526,1526
OID14874,PID2074,A146,EMP1035,C1660,2022-09-11,1,504,504
OID14875,PID2025,A130,EMP1017,C1249,2022-11-12,1,667,667
OID14877,PID2010,A128,EMP1031,C1643,2022-04-20,1,1812,1812
OID14878,PID2006,A102,EMP1008,C1719,2022-06-02,4,1826,7304
OID14883,PID2018,A123,EMP1011,C1494,2022-12-11,1,1972,1972
OID14890,PID2006,A143,EMP1010,C1025,2022-07-03,1,1826,1826
OID14891,PID2061,A129,EMP1037,C1153,2022-05-30,2,913,1826
OID14897,PID2041,A118,EMP1032,C1530,2022-12-23,2,1380,2760
OID14900,PID2091,A128,EMP1023,C1286,2022-07-11,1,368,368
OID14903,PID2052,A116,EMP1026,C1059,2022-11-25,1,1526,1526
OID14904,PID2006,A168,EMP1001,C1556,2022-05-18,1,1826,1826
OID14909,PID2022,A150,EMP1040,C1080,2022-04-15,1,561,561
OID14912,PID2087,A148,EMP1001,C1301,2022-12-16,4,1022,4088
OID14915,PID2096,A133,EMP1034,C1771,2022-09-23,1,1587,1587
OID14923,PID2051,A157,EMP1010,C1506,2022-07-22,1,1077,1077
OID14924,PID2070,A119,EMP1032,C1393,2022-02-17,4,1671,6684
OID14927,PID2040,A114,EMP1029,C1354,2022-03-13,1,1889,1889
OID14931,PID2046,A152,EMP1033,C1727,2022-08-28,2,2410,4820
OID14933,PID2094,A165,EMP1018,C1374,2022-05-05,3,771,2313
OID14939,PID2023,A147,EMP1037,C1485,2022-02-22,1,818,818
OID14940,PID2020,A164,EMP1010,C1603,2022-07-05,3,2005,6015
OID14941,PID2044,A112,EMP1036,C1224,2022-01-14,1,886,886
OID14945,PID2093,A120,EMP1022,C1272,2022-02-06,1,112,112
OID14949,PID2090,A151,EMP1040,C1423,2022-09-04,3,1338,4014
OID14953,PID2022,A161,EMP1024,C1570,2022-11-07,3,561,1683
OID14963,PID2039,A115,EMP1023,C1498,2022-04-25,1,817,817
OID14970,PID2042,A100,EMP1010,C1535,2022-02-15,1,203,203
OID14980,PID2007,A166,EMP1005,C1658,2022-01-28,3,1405,4215
OID14982,PID2065,A144,EMP1014,C1368,2022-01-11,3,2396,7188
OID14983,PID2013,A131,EMP1008,C1293,2022-02-05,3,368,1104
OID14984,PID2023,A147,EMP1029,C1781,2022-09-21,1,818,818
OID14986,PID2076,A141,EMP1026,C1019,2022-06-01,1,1522,1522
OID14987,PID2067,A173,EMP1025,C1225,2022-09-08,4,1119,4476
OID14988,PID2024,A127,EMP1021,C1526,2022-06-12,3,356,1068
OID14990,PID2052,A151,EMP1002,C1470,2022-01-23,3,1526,4578
OID14993,PID2067,A156,EMP1015,C1245,2022-06-14,1,1119,1119
OID14994,PID2030,A127,EMP1041,C1641,2022-05-23,1,1899,1899
OID14997,PID2000,A139,EMP1012,C1399,2022-11-03,2,2241,4482
OID14998,PID2017,A144,EMP1009,C1609,2022-06-30,2,35,70
OID15003,PID2076,A166,EMP1035,C1291,2022-07-13,1,1522,1522
OID15004,PID2086,A125,EMP1017,C1676,2022-10-26,1,123,123
OID15005,PID2079,A131,EMP1016,C1732,2022-09-19,1,1725,1725
OID15008,PID2039,A103,EMP1017,C1538,2022-12-24,3,817,2451
OID15011,PID2003,A159,EMP1021,C1094,2022-01-02,1,1783,1783
OID15014,PID2061,A149,EMP1018,C1248,2022-09-08,1,913,913
OID15015,PID2045,A165,EMP1001,C1280,2022-09-01,2,556,1112
OID15016,PID2061,A161,EMP1037,C1338,2022-05-29,3,913,2739
OID15021,PID2013,A160,EMP1029,C1708,2022-12-16,1,368,368
OID15022,PID2046,A167,EMP1021,C1131,2022-02-04,3,2410,7230
OID15028,PID2002,A141,EMP1028,C1738,2022-03-15,1,847,847
OID15033,PID2083,A111,EMP1032,C1609,2022-02-14,1,2141,2141
OID15034,PID2024,A135,EMP1031,C1247,2022-11-07,3,356,1068
OID15035,PID2075,A141,EMP1003,C1345,2022-10-23,1,400,400
OID15042,PID2038,A106,EMP1006,C1614,2022-01-06,3,392,1176
OID15045,PID2009,A106,EMP1016,C1326,2022-11-22,3,584,1752
OID15053,PID2019,A149,EMP1013,C1434,2022-09-03,3,800,2400
OID15054,PID2086,A121,EMP1023,C1261,2022-01-12,2,123,246
OID15058,PID2034,A129,EMP1026,C1784,2022-04-28,1,871,871
OID15064,PID2054,A128,EMP1031,C1445,2022-05-15,3,127,381
OID15069,PID2038,A110,EMP1028,C1766,2022-01-30,3,392,1176
OID15071,PID2054,A139,EMP1036,C1237,2022-03-22,1,127,127
OID15078,PID2085,A155,EMP1040,C1769,2022-01-17,1,1862,1862
OID15079,PID2094,A168,EMP1023,C1174,2022-11-27,1,771,771
OID15081,PID2062,A173,EMP1018,C1649,2022-03-06,4,2464,9856
OID15083,PID2058,A134,EMP1033,C1416,2022-01-10,2,2257,4514
OID15084,PID2035,A152,EMP1039,C1789,2022-02-15,1,458,458
OID15085,PID2042,A170,EMP1031,C1529,2022-05-23,3,203,609
OID15086,PID2098,A139,EMP1020,C1284,2022-09-19,3,1178,3534
OID15088,PID2014,A128,EMP1028,C1664,2022-01-13,1,1809,1809
OID15091,PID2073,A109,EMP1025,C1297,2022-12-03,2,95,190
OID15093,PID2034,A166,EMP1027,C1650,2022-08-20,1,871,871
OID15095,PID2082,A117,EMP1023,C1079,2022-11-26,1,1103,1103
OID15097,PID2096,A113,EMP1029,C1790,2022-04-18,4,1587,6348
OID15100,PID2100,A130,EMP1012,C1545,2022-01-31,1,799,799
OID15101,PID2067,A149,EMP1029,C1116,2022-06-12,4,1119,4476
OID15102,PID2075,A101,EMP1014,C1150,2022-10-04,4,400,1600
OID15105,PID2038,A111,EMP1036,C1129,2022-01-02,1,392,392
OID15107,PID2002,A172,EMP1009,C1179,2022-01-03,3,847,2541
OID15108,PID2040,A132,EMP1017,C1238,2022-02-04,3,1889,5667
OID15110,PID2068,A151,EMP1039,C1258,2022-06-10,1,1500,1500
OID15112,PID2023,A123,EMP1007,C1752,2022-07-12,3,818,2454
OID15119,PID2058,A105,EMP1000,C1693,2022-04-30,2,2257,4514
OID15123,PID2025,A106,EMP1004,C1249,2022-11-28,4,667,2668
OID15125,PID2094,A133,EMP1003,C1651,2022-12-29,3,771,2313
OID15132,PID2014,A166,EMP1012,C1697,2022-06-30,1,1809,1809
OID15134,PID2051,A109,EMP1018,C1335,2022-05-24,1,1077,1077
OID15135,PID2054,A111,EMP1005,C1776,2022-05-21,1,127,127
OID15136,PID2052,A169,EMP1042,C1184,2022-03-13,3,1526,4578
OID15137,PID2100,A112,EMP1012,C1317,2022-06-22,4,799,3196
OID15138,PID2023,A110,EMP1032,C1797,2022-04-24,1,818,818
OID15141,PID2018,A138,EMP1030,C1418,2022-08-15,4,1972,7888
OID15142,PID2036,A106,EMP1015,C1336,2022-06-07,1,1582,1582
OID15144,PID2004,A100,EMP1044,C1488,2022-03-25,1,1278,1278
OID15146,PID2051,A158,EMP1038,C1611,2022-12-30,3,1077,3231
OID15151,PID2030,A152,EMP1005,C1317,2022-03-03,2,1899,3798
OID15155,PID2005,A156,EMP1007,C1213,2022-11-13,2,684,1368
OID15160,PID2071,A117,EMP1024,C1394,2022-04-05,1,136,136
OID15173,PID2075,A115,EMP1024,C1141,2022-02-10,3,400,1200
OID15174,PID2017,A122,EMP1029,C1425,2022-11-13,4,35,140
OID15175,PID2062,A168,EMP1025,C1083,2022-01-22,1,2464,2464
OID15177,PID2064,A152,EMP1003,C1469,2022-07-28,1,1414,1414
OID15179,PID2007,A152,EMP1005,C1501,2022-08-02,1,1405,1405
OID15182,PID2058,A107,EMP1024,C1361,2022-09-10,1,2257,2257
OID15184,PID2093,A157,EMP1000,C1382,2022-04-13,4,112,448
OID15188,PID2079,A117,EMP1001,C1552,2022-12-25,1,1725,1725
OID15194,PID2085,A120,EMP1010,C1073,2022-03-25,1,1862,1862
OID15195,PID2018,A157,EMP1003,C1726,2022-10-24,1,1972,1972
OID15197,PID2032,A109,EMP1008,C1209,2022-11-21,1,1967,1967
OID15202,PID2089,A168,EMP1035,C1687,2022-04-06,3,2294,6882
OID15205,PID2026,A157,EMP1020,C1652,2022-06-03,3,947,2841
OID15209,PID2096,A100,EMP1043,C1382,2022-02-01,1,1587,1587
OID15212,PID2012,A111,EMP1009,C1551,2022-12-11,3,1353,4059
OID15214,PID2045,A161,EMP1041,C1607,2022-10-22,3,556,1668
OID15215,PID2044,A116,EMP1022,C1778,2022-01-23,1,886,886
OID15220,PID2016,A119,EMP1028,C1264,2022-03-24,1,1351,1351
OID15225,PID2037,A125,EMP1000,C1441,2022-11-20,2,880,1760
OID15229,PID2017,A171,EMP1009,C1136,2022-11-18,1,35,35
OID15231,PID2023,A168,EMP1018,C1744,2022-11-22,3,818,2454
OID15236,PID2069,A154,EMP1016,C1685,2022-09-26,1,378,378
OID15238,PID2032,A144,EMP1034,C1739,2022-06-10,1,1967,1967
OID15248,PID2003,A129,EMP1011,C1645,2022-10-26,3,1783,5349
OID15252,PID2001,A114,EMP1000,C1219,2022-08-06,1,951,951
OID15253,PID2025,A117,EMP1001,C1105,2022-01-12,1,667,667
OID15254,PID2054,A126,EMP1000,C1351,2022-02-23,1,127,127
OID15261,PID2017,A131,EMP1000,C1019,2022-10-29,1,35,35
OID15263,PID2006,A164,EMP1003,C1049,2022-08-08,1,1826,1826
OID15265,PID2011,A141,EMP1017,C1088,2022-08-06,3,530,1590
OID15268,PID2017,A103,EMP1012,C1169,2022-07-28,2,35,70
OID15272,PID2051,A150,EMP1041,C1754,2022-11-12,4,1077,4308
OID15277,PID2017,A166,EMP1016,C1647,2022-12-23,1,35,35
OID15279,PID2091,A114,EMP1006,C1219,2022-05-10,1,368,368
OID15283,PID2028,A140,EMP1032,C1279,2022-10-14,2,2283,4566
OID15285,PID2034,A144,EMP1024,C1257,2022-10-16,1,871,871
OID15291,PID2067,A166,EMP1040,C1102,2022-12-24,1,1119,1119
OID15293,PID2024,A126,EMP1020,C1585,2022-06-11,1,356,356
OID15297,PID2008,A123,EMP1044,C1212,2022-04-13,1,315,315
OID15301,PID2053,A110,EMP1027,C1560,2022-06-20,4,596,2384
OID15307,PID2081,A122,EMP1029,C1416,2022-02-07,3,1566,4698
OID15312,PID2031,A114,EMP1038,C1061,2022-07-09,1,1638,1638
OID15313,PID2019,A116,EMP1019,C1299,2022-12-21,2,800,1600
OID15314,PID2000,A104,EMP1029,C1407,2022-06-11,1,2241,2241
OID15315,PID2037,A112,EMP1010,C1173,2022-02-17,2,880,1760
OID15319,PID2097,A114,EMP1015,C1008,2022-05-30,3,1052,3156
OID15320,PID2049,A109,EMP1018,C1372,2022-01-09,1,826,826
OID15323,PID2050,A150,EMP1029,C1663,2022-04-09,4,2391,9564
OID15331,PID2087,A148,EMP1029,C1748,2022-06-11,3,1022,3066
OID15334,PID2007,A117,EMP1000,C1124,2022-03-20,1,1405,1405
OID15337,PID2023,A111,EMP1010,C1568,2022-07-27,2,818,1636
OID15339,PID2019,A121,EMP1003,C1507,2022-08-09,1,800,800
OID15341,PID2022,A118,EMP1041,C1772,2022-06-03,1,561,561
OID15345,PID2030,A150,EMP1043,C1727,2022-08-31,4,1899,7596
OID15346,PID2029,A145,EMP1000,C1055,2022-07-19,2,1848,3696
OID15348,PID2080,A157,EMP1005,C1181,2022-05-02,1,2353,2353
OID15354,PID2021,A136,EMP1004,C1663,2022-10-25,1,217,217
OID15355,PID2060,A104,EMP1017,C1615,2022-12-21,1,1467,1467
OID15357,PID2018,A166,EMP1001,C1259,2022-07-29,1,1972,1972
OID15362,PID2040,A169,EMP1023,C1330,2022-12-27,1,1889,1889
OID15366,PID2058,A135,EMP1001,C1210,2022-01-12,1,2257,2257
OID15370,PID2077,A117,EMP1007,C1751,2022-07-04,1,530,530
OID15372,PID2016,A138,EMP1027,C1186,2022-11-01,3,1351,4053
OID15376,PID2099,A166,EMP1001,C1432,2022-02-23,3,1367,4101
OID15379,PID2089,A146,EMP1013,C1370,2022-02-22,1,2294,2294
OID15380,PID2090,A115,EMP1041,C1552,2022-02-08,2,1338,2676
OID15381,PID2094,A118,EMP1004,C1364,2022-12-17,2,771,1542
OID15383,PID2087,A170,EMP1020,C1179,2022-09-23,4,1022,4088
OID15384,PID2097,A162,EMP1001,C1101,2022-05-07,3,1052,3156
OID15385,PID2092,A163,EMP1014,C1187,2022-12-31,4,1639,6556
OID15386,PID2029,A148,EMP1015,C1323,2022-05-03,1,1848,1848
OID15389,PID2088,A129,EMP1042,C1018,2022-07-10,3,603,1809
OID15390,PID2090,A111,EMP1026,C1314,2022-03-25,1,1338,1338
OID15397,PID2093,A165,EMP1039,C1057,2022-10-12,2,112,224
OID15398,PID2019,A170,EMP1037,C1282,2022-03-11,3,800,2400
OID15402,PID2065,A109,EMP1008,C1559,2022-08-06,1,2396,2396
OID15403,PID2089,A156,EMP1002,C1178,2022-03-24,1,2294,2294
OID15406,PID2048,A154,EMP1026,C1136,2022-04-23,3,502,1506
OID15416,PID2044,A149,EMP1006,C1696,2022-05-17,1,886,886
OID15422,PID2021,A163,EMP1034,C1700,2022-06-17,2,217,434
OID15431,PID2032,A120,EMP1011,C1670,2022-04-24,4,1967,7868
OID15432,PID2012,A114,EMP1008,C1736,2022-10-10,1,1353,1353
OID15435,PID2052,A173,EMP1040,C1008,2022-04-15,2,1526,3052
OID15436,PID2060,A161,EMP1026,C1208,2022-08-24,1,1467,1467
OID15437,PID2051,A161,EMP1002,C1475,2022-12-01,1,1077,1077
OID15439,PID2080,A122,EMP1042,C1232,2022-01-28,1,2353,2353
OID15440,PID2033,A143,EMP1003,C1357,2022-06-11,1,2182,2182
OID15443,PID2054,A156,EMP1019,C1612,2022-01-15,1,127,127
OID15447,PID2088,A108,EMP1026,C1757,2022-10-16,2,603,1206
OID15450,PID2091,A169,EMP1024,C1026,2022-02-19,3,368,1104
OID15452,PID2071,A112,EMP1003,C1550,2022-03-17,4,136,544
OID15454,PID2100,A158,EMP1026,C1366,2022-08-21,3,799,2397
OID15456,PID2090,A115,EMP1006,C1667,2022-11-25,2,1338,2676
OID15457,PID2038,A158,EMP1040,C1158,2022-08-04,2,392,784
OID15463,PID2006,A151,EMP1013,C1131,2022-03-04,3,1826,5478
OID15476,PID2014,A122,EMP1002,C1763,2022-04-24,1,1809,1809
OID15481,PID2077,A141,EMP1023,C1104,2022-01-11,2,530,1060
OID15483,PID2075,A158,EMP1022,C1049,2022-02-20,3,400,1200
OID15484,PID2055,A140,EMP1023,C1278,2022-08-08,4,2495,9980
OID15492,PID2012,A170,EMP1020,C1174,2022-11-18,1,1353,1353
OID15497,PID2036,A158,EMP1018,C1374,2022-07-10,2,1582,3164
OID15501,PID2044,A113,EMP1026,C1413,2022-11-04,1,886,886
OID15506,PID2022,A165,EMP1006,C1569,2022-12-07,1,561,561
OID15507,PID2060,A129,EMP1041,C1298,2022-07-29,1,1467,1467
OID15508,PID2099,A158,EMP1035,C1350,2022-12-28,1,1367,1367
OID15509,PID2000,A117,EMP1013,C1625,2022-10-10,1,2241,2241
OID15513,PID2006,A141,EMP1015,C1358,2022-04-01,4,1826,7304
OID15517,PID2058,A141,EMP1028,C1521,2022-12-25,2,2257,4514
OID15519,PID2022,A158,EMP1016,C1180,2022-08-08,1,561,561
OID15520,PID2029,A160,EMP1021,C1015,2022-06-18,1,1848,1848
OID15526,PID2028,A102,EMP1015,C1142,2022-03-17,1,2283,2283
OID15527,PID2096,A133,EMP1034,C1224,2022-09-10,1,1587,1587
OID15529,PID2093,A173,EMP1006,C1196,2022-02-11,3,112,336
OID15530,PID2049,A172,EMP1032,C1093,2022-10-24,3,826,2478
OID15532,PID2033,A142,EMP1003,C1131,2022-05-28,1,2182,2182
OID15534,PID2030,A143,EMP1012,C1185,2022-04-24,1,1899,1899
OID15536,PID2076,A157,EMP1006,C1145,2022-01-14,1,1522,1522
OID15537,PID2070,A112,EMP1023,C1471,2022-01-26,1,1671,1671
OID15539,PID2004,A151,EMP1018,C1545,2022-10-03,4,1278,5112
OID15540,PID2058,A121,EMP1026,C1404,2022-08-17,1,2257,2257
OID15542,PID2053,A150,EMP1040,C1455,2022-12-18,4,596,2384
OID15543,PID2056,A169,EMP1038,C1073,2022-05-11,1,1635,1635
OID15546,PID2068,A136,EMP1038,C1313,2022-11-17,4,1500,6000
OID15547,PID2047,A140,EMP1027,C1171,2022-10-27,1,290,290
OID15550,PID2095,A145,EMP1032,C1498,2022-04-25,1,1743,1743
OID15554,PID2007,A159,EMP1010,C1502,2022-12-22,4,1405,5620
OID15556,PID2008,A130,EMP1013,C1288,2022-12-07,1,315,315
OID15562,PID2093,A107,EMP1018,C1778,2022-07-20,1,112,112
OID15565,PID2080,A144,EMP1044,C1027,2022-01-07,1,2353,2353
OID15568,PID2100,A135,EMP1031,C1468,2022-01-18,1,799,799
OID15569,PID2052,A136,EMP1013,C1591,2022-07-22,1,1526,1526
OID15575,PID2019,A104,EMP1044,C1733,2022-02-24,3,800,2400
OID15579,PID2079,A111,EMP1032,C1171,2022-06-12,1,1725,1725
OID15586,PID2058,A133,EMP1021,C1370,2022-03-13,1,2257,2257
OID15591,PID2077,A153,EMP1002,C1574,2022-05-23,1,530,530
OID15593,PID2062,A102,EMP1036,C1699,2022-04-01,1,2464,2464
OID15594,PID2022,A139,EMP1015,C1151,2022-08-26,1,561,561
OID15595,PID2070,A152,EMP1013,C1110,2022-11-08,2,1671,3342
OID15596,PID2092,A123,EMP1007,C1031,2022-05-15,1,1639,1639
OID15597,PID2003,A142,EMP1007,C1626,2022-07-02,1,1783,1783
OID15598,PID2030,A117,EMP1010,C1119,2022-11-12,4,1899,7596
OID15600,PID2085,A123,EMP1017,C1630,2022-10-17,2,1862,3724
OID15602,PID2068,A159,EMP1008,C1712,2022-03-23,1,1500,1500
OID15604,PID2019,A150,EMP1020,C1411,2022-02-28,4,800,3200
OID15605,PID2072,A145,EMP1011,C1285,2022-12-25,1,1887,1887
OID15608,PID2019,A130,EMP1035,C1450,2022-01-20,3,800,2400
OID15612,PID2040,A137,EMP1034,C1120,2022-04-07,1,1889,1889
OID15613,PID2072,A111,EMP1019,C1014,2022-09-30,3,1887,5661
OID15614,PID2075,A146,EMP1007,C1581,2022-04-28,2,400,800
OID15617,PID2067,A149,EMP1035,C1782,2022-09-28,3,1119,3357
OID15619,PID2070,A114,EMP1005,C1495,2022-10-27,1,1671,1671
OID15620,PID2028,A160,EMP1024,C1017,2022-05-20,2,2283,4566
OID15622,PID2095,A132,EMP1029,C1124,2022-12-26,2,1743,3486
OID15625,PID2058,A164,EMP1023,C1430,2022-03-26,2,2257,4514
OID15626,PID2015,A108,EMP1016,C1440,2022-06-15,4,637,2548
OID15628,PID2052,A156,EMP1009,C1522,2022-01-26,4,1526,6104
OID15631,PID2069,A170,EMP1023,C1140,2022-11-04,1,378,378
OID15632,PID2083,A106,EMP1035,C1255,2022-11-11,2,2141,4282
OID15634,PID2020,A118,EMP1003,C1402,2022-09-12,2,2005,4010
OID15635,PID2091,A133,EMP1039,C1404,2022-07-20,3,368,1104
OID15636,PID2027,A132,EMP1028,C1414,2022-03-29,1,2497,2497
OID15638,PID2005,A152,EMP1037,C1295,2022-09-04,3,684,2052
OID15639,PID2000,A167,EMP1033,C1531,2022-12-13,1,2241,2241
OID15642,PID2063,A108,EMP1007,C1799,2022-04-27,4,1708,6832
OID15647,PID2085,A170,EMP1031,C1237,2022-05-21,2,1862,3724
OID15650,PID2082,A146,EMP1043,C1106,2022-03-24,1,1103,1103
OID15652,PID2017,A109,EMP1019,C1502,2022-07-01,1,35,35
OID15655,PID2074,A115,EMP1020,C1581,2022-01-09,4,504,2016
OID15667,PID2056,A121,EMP1023,C1746,2022-10-20,2,1635,3270
OID15669,PID2076,A125,EMP1030,C1793,2022-09-16,2,1522,3044
OID15672,PID2024,A173,EMP1037,C1659,2022-09-23,1,356,356
OID15673,PID2056,A149,EMP1012,C1766,2022-03-29,2,1635,3270
OID15676,PID2064,A132,EMP1044,C1629,2022-07-26,1,1414,1414
OID15680,PID2042,A158,EMP1000,C1241,2022-06-17,1,203,203
OID15681,PID2000,A161,EMP1030,C1560,2022-09-07,2,2241,4482
OID15686,PID2067,A116,EMP1006,C1672,2022-08-03,3,1119,3357
OID15689,PID2073,A130,EMP1035,C1477,2022-02-12,4,95,380
OID15695,PID2020,A124,EMP1036,C1140,2022-08-25,1,2005,2005
OID15697,PID2027,A110,EMP1020,C1767,2022-04-09,1,2497,2497
OID15698,PID2050,A139,EMP1039,C1196,2022-04-05,1,2391,2391
OID15708,PID2045,A159,EMP1044,C1718,2022-01-13,3,556,1668
OID15711,PID2068,A147,EMP1012,C1364,2022-12-22,4,1500,6000
OID15713,PID2000,A158,EMP1000,C1620,2022-07-13,1,2241,2241
OID15715,PID2062,A132,EMP1006,C1452,2022-11-02,1,2464,2464
OID15719,PID2012,A133,EMP1009,C1444,2022-05-04,1,1353,1353
OID15722,PID2057,A104,EMP1024,C1247,2022-07-13,4,181,724
OID15726,PID2073,A105,EMP1029,C1004,2022-10-24,1,95,95
OID15728,PID2088,A105,EMP1014,C1160,2022-12-11,1,603,603
OID15735,PID2043,A104,EMP1021,C1705,2022-03-19,1,545,545
OID15740,PID2008,A147,EMP1027,C1729,2022-03-05,3,315,945
OID15746,PID2098,A136,EMP1017,C1290,2022-05-13,2,1178,2356
OID15748,PID2039,A126,EMP1016,C1727,2022-07-05,1,817,817
OID15751,PID2023,A147,EMP1022,C1335,2022-01-18,1,818,818
OID15755,PID2042,A162,EMP1026,C1584,2022-04-20,2,203,406
OID15757,PID2000,A142,EMP1043,C1526,2022-07-28,1,2241,2241
OID15761,PID2094,A113,EMP1042,C1662,2022-11-11,4,771,3084
OID15762,PID2099,A167,EMP1025,C1176,2022-08-13,1,1367,1367
OID15763,PID2082,A116,EMP1008,C1688,2022-01-25,1,1103,1103
OID15764,PID2077,A151,EMP1018,C1744,2022-11-14,3,530,1590
OID15765,PID2027,A117,EMP1003,C1356,2022-01-22,1,2497,2497
OID15766,PID2063,A111,EMP1044,C1525,2022-07-14,3,1708,5124
OID15777,PID2074,A166,EMP1020,C1306,2022-01-29,1,504,504
OID15778,PID2009,A165,EMP1035,C1286,2022-03-18,1,584,584
OID15779,PID2094,A158,EMP1016,C1033,2022-07-14,1,771,771
OID15782,PID2081,A166,EMP1000,C1433,2022-07-05,1,1566,1566
OID15785,PID2064,A129,EMP1013,C1486,2022-01-08,1,1414,1414
OID15787,PID2082,A167,EMP1012,C1418,2022-05-09,1,1103,1103
OID15797,PID2099,A100,EMP1044,C1711,2022-06-15,2,1367,2734
OID15798,PID2086,A161,EMP1002,C1218,2022-11-17,2,123,246
OID15800,PID2005,A141,EMP1009,C1314,2022-03-28,2,684,1368
OID15801,PID2008,A143,EMP1027,C1357,2022-01-15,3,315,945
OID15803,PID2016,A167,EMP1008,C1554,2022-05-01,3,1351,4053
OID15806,PID2090,A134,EMP1014,C1767,2022-09-03,1,1338,1338
OID15807,PID2071,A112,EMP1002,C1190,2022-11-24,2,136,272
OID15808,PID2006,A120,EMP1000,C1619,2022-08-24,1,1826,1826
OID15810,PID2072,A117,EMP1027,C1090,2022-11-13,1,1887,1887
OID15814,PID2032,A159,EMP1019,C1009,2022-12-30,3,1967,5901
OID15815,PID2009,A148,EMP1027,C1659,2022-12-03,2,584,1168
OID15817,PID2035,A102,EMP1042,C1012,2022-09-08,1,458,458
OID15820,PID2063,A116,EMP1032,C1609,2022-03-28,3,1708,5124
OID15822,PID2028,A128,EMP1044,C1021,2022-06-20,1,2283,2283
OID15825,PID2010,A102,EMP1018,C1696,2022-12-09,2,1812,3624
OID15827,PID2062,A166,EMP1004,C1596,2022-01-12,3,2464,7392
OID15830,PID2099,A125,EMP1030,C1136,2022-12-19,3,1367,4101
OID15832,PID2063,A129,EMP1001,C1014,2022-01-12,1,1708,1708
OID15835,PID2098,A108,EMP1030,C1793,2022-04-17,2,1178,2356
OID15838,PID2022,A168,EMP1034,C1550,2022-01-28,3,561,1683
OID15840,PID2062,A132,EMP1011,C1015,2022-08-31,2,2464,4928
OID15844,PID2059,A157,EMP1042,C1039,2022-06-30,3,1494,4482
OID15845,PID2067,A113,EMP1000,C1780,2022-12-08,3,1119,3357
OID15847,PID2014,A136,EMP1035,C1543,2022-01-07,1,1809,1809
OID15851,PID2009,A170,EMP1017,C1025,2022-10-09,1,584,584
OID15852,PID2068,A167,EMP1035,C1647,2022-06-21,4,1500,6000
OID15853,PID2086,A158,EMP1019,C1092,2022-08-16,2,123,246
OID15855,PID2080,A119,EMP1035,C1788,2022-10-19,3,2353,7059
OID15858,PID2027,A115,EMP1024,C1330,2022-07-07,2,2497,4994
OID15864,PID2031,A132,EMP1000,C1159,2022-07-31,4,1638,6552
OID15866,PID2092,A132,EMP1000,C1335,2022-02-12,3,1639,4917
OID15867,PID2054,A157,EMP1029,C1023,2022-02-27,3,127,381
OID15868,PID2060,A142,EMP1000,C1502,2022-05-01,1,1467,1467
OID15869,PID2026,A150,EMP1037,C1182,2022-12-20,4,947,3788
OID15878,PID2076,A119,EMP1032,C1000,2022-04-16,1,1522,1522
OID15884,PID2020,A132,EMP1006,C1720,2022-04-17,3,2005,6015
OID15887,PID2095,A107,EMP1021,C1633,2022-03-24,1,1743,1743
OID15888,PID2023,A131,EMP1004,C1139,2022-04-21,2,818,1636
OID15890,PID2057,A150,EMP1026,C1691,2022-09-08,1,181,181
OID15894,PID2005,A154,EMP1034,C1745,2022-09-23,1,684,684
OID15895,PID2078,A140,EMP1031,C1196,2022-02-03,1,1798,1798
OID15896,PID2064,A142,EMP1031,C1375,2022-06-23,2,1414,2828
OID15901,PID2071,A128,EMP1011,C1245,2022-12-06,2,136,272
OID15910,PID2023,A111,EMP1005,C1063,2022-10-18,2,818,1636
OID15911,PID2027,A102,EMP1004,C1377,2022-11-19,1,2497,2497
OID15913,PID2040,A149,EMP1041,C1111,2022-11-02,2,1889,3778
OID15914,PID2004,A150,EMP1041,C1142,2022-02-15,1,1278,1278
OID15918,PID2018,A121,EMP1010,C1477,2022-02-08,3,1972,5916
OID15920,PID2033,A165,EMP1023,C1461,2022-01-03,1,2182,2182
OID15924,PID2067,A138,EMP1004,C1141,2022-05-05,1,1119,1119
OID15925,PID2010,A147,EMP1041,C1232,2022-08-03,3,1812,5436
OID15927,PID2010,A113,EMP1015,C1099,2022-05-26,1,1812,1812
OID15933,PID2034,A158,EMP1021,C1289,2022-12-09,1,871,871
OID15937,PID2036,A173,EMP1028,C1157,2022-12-12,2,1582,3164
OID15939,PID2070,A164,EMP1044,C1514,2022-07-08,3,1671,5013
OID15942,PID2059,A108,EMP1003,C1739,2022-12-28,1,1494,1494
OID15943,PID2067,A167,EMP1025,C1579,2022-08-02,1,1119,1119
OID15945,PID2041,A165,EMP1012,C1400,2022-05-01,2,1380,2760
OID15949,PID2017,A113,EMP1036,C1506,2022-05-27,4,35,140
OID15950,PID2043,A131,EMP1042,C1265,2022-12-02,3,545,1635
OID15958,PID2009,A124,EMP1023,C1151,2022-07-30,4,584,2336
OID15962,PID2013,A156,EMP1010,C1421,2022-04-08,3,368,1104
OID15963,PID2040,A120,EMP1005,C1120,2022-11-05,4,1889,7556
OID15964,PID2052,A105,EMP1010,C1748,2022-11-06,1,1526,1526
OID15965,PID2006,A108,EMP1017,C1239,2022-09-17,1,1826,1826
OID15968,PID2031,A122,EMP1011,C1363,2022-06-15,1,1638,1638
OID15979,PID2100,A156,EMP1035,C1101,2022-12-26,1,799,799
OID15989,PID2048,A147,EMP1039,C1044,2022-01-18,3,502,1506
OID15990,PID2093,A159,EMP1009,C1566,2022-01-07,2,112,224
OID15992,PID2077,A173,EMP1007,C1088,2022-03-07,3,530,1590
OID15994,PID2040,A153,EMP1031,C1354,2022-07-05,4,1889,7556
OID15996,PID2095,A113,EMP1000,C1241,2022-09-26,2,1743,3486
OID15998,PID2038,A173,EMP1001,C1255,2022-10-03,2,392,784
OID15999,PID2044,A138,EMP1017,C1181,2022-06-30,1,886,886
OID16003,PID2035,A166,EMP1037,C1501,2022-10-02,3,458,1374
OID16006,PID2008,A156,EMP1035,C1024,2022-11-01,1,315,315
OID16007,PID2089,A119,EMP1039,C1574,2022-11-17,1,2294,2294
OID16008,PID2078,A126,EMP1019,C1588,2022-10-28,1,1798,1798
OID16010,PID2029,A173,EMP1014,C1380,2022-03-15,1,1848,1848
OID16012,PID2068,A123,EMP1037,C1267,2022-05-26,1,1500,1500
OID16013,PID2060,A118,EMP1016,C1250,2022-05-08,3,1467,4401
OID16018,PID2096,A131,EMP1007,C1346,2022-11-29,1,1587,1587
OID16019,PID2043,A102,EMP1038,C1189,2022-09-26,4,545,2180
OID16020,PID2039,A171,EMP1038,C1600,2022-03-25,2,817,1634
OID16021,PID2005,A167,EMP1017,C1100,2022-11-24,1,684,684
OID16027,PID2082,A166,EMP1042,C1238,2022-11-26,2,1103,2206
OID16030,PID2068,A171,EMP1020,C1649,2022-05-01,3,1500,4500
OID16032,PID2050,A101,EMP1039,C1543,2022-11-20,2,2391,4782
OID16035,PID2036,A156,EMP1035,C1105,2022-01-20,1,1582,1582
OID16040,PID2069,A120,EMP1029,C1776,2022-08-18,3,378,1134
OID16056,PID2048,A115,EMP1000,C1571,2022-12-11,4,502,2008
OID16057,PID2070,A120,EMP1004,C1698,2022-08-09,1,1671,1671
OID16058,PID2093,A136,EMP1037,C1229,2022-05-05,3,112,336
OID16062,PID2079,A127,EMP1039,C1597,2022-11-22,3,1725,5175
OID16064,PID2053,A135,EMP1019,C1222,2022-10-25,4,596,2384
OID16068,PID2036,A145,EMP1015,C1186,2022-12-01,1,1582,1582
OID16070,PID2047,A105,EMP1004,C1458,2022-07-29,2,290,580
OID16079,PID2071,A121,EMP1027,C1063,2022-10-18,1,136,136
OID16085,PID2049,A100,EMP1002,C1138,2022-05-29,3,826,2478
OID16086,PID2007,A104,EMP1043,C1157,2022-07-14,1,1405,1405
OID16088,PID2081,A132,EMP1043,C1530,2022-05-22,3,1566,4698
OID16089,PID2057,A159,EMP1042,C1562,2022-09-21,1,181,181
OID16092,PID2005,A147,EMP1043,C1511,2022-11-15,1,684,684
OID16093,PID2004,A152,EMP1010,C1005,2022-11-06,3,1278,3834
OID16094,PID2099,A137,EMP1025,C1326,2022-04-10,3,1367,4101
OID16096,PID2091,A160,EMP1040,C1727,2022-09-05,1,368,368
OID16098,PID2088,A137,EMP1043,C1049,2022-09-30,2,603,1206
OID16099,PID2100,A102,EMP1000,C1360,2022-11-13,1,799,799
OID16100,PID2075,A154,EMP1039,C1653,2022-12-01,1,400,400
OID16105,PID2069,A163,EMP1011,C1798,2022-07-05,3,378,1134
OID16107,PID2037,A106,EMP1017,C1254,2022-05-13,1,880,880
OID16109,PID2071,A131,EMP1031,C1773,2022-10-18,2,136,272
OID16110,PID2043,A139,EMP1036,C1604,2022-06-12,4,545,2180
OID16111,PID2093,A118,EMP1033,C1128,2022-12-06,3,112,336
OID16118,PID2094,A127,EMP1016,C1219,2022-03-31,1,771,771
OID16119,PID2032,A158,EMP1008,C1458,2022-03-02,3,1967,5901
OID16121,PID2060,A116,EMP1036,C1291,2022-01-27,1,1467,1467
OID16123,PID2035,A160,EMP1004,C1596,2022-10-05,1,458,458
OID16127,PID2001,A135,EMP1032,C1270,2022-09-04,1,951,951
OID16130,PID2050,A143,EMP1044,C1316,2022-05-14,3,2391,7173
OID16131,PID2094,A170,EMP1027,C1460,2022-04-25,1,771,771
OID16134,PID2001,A152,EMP1010,C1640,2022-12-18,3,951,2853
OID16135,PID2045,A167,EMP1019,C1035,2022-02-19,1,556,556
OID16138,PID2002,A121,EMP1037,C1308,2022-09-04,1,847,847
OID16143,PID2035,A130,EMP1026,C1038,2022-01-14,1,458,458
OID16154,PID2041,A172,EMP1041,C1636,2022-08-14,1,1380,1380
OID16156,PID2044,A123,EMP1011,C1430,2022-10-16,1,886,886
OID16160,PID2079,A147,EMP1026,C1314,2022-07-29,3,1725,5175
OID16164,PID2058,A152,EMP1038,C1797,2022-02-04,1,2257,2257
OID16167,PID2045,A160,EMP1017,C1286,2022-08-29,1,556,556
OID16168,PID2029,A146,EMP1044,C1251,2022-12-02,1,1848,1848
OID16170,PID2030,A119,EMP1016,C1578,2022-01-20,1,1899,1899
OID16177,PID2014,A110,EMP1010,C1240,2022-05-25,1,1809,1809
OID16178,PID2020,A164,EMP1018,C1770,2022-06-02,1,2005,2005
OID16180,PID2094,A130,EMP1002,C1362,2022-07-04,1,771,771
OID16186,PID2081,A163,EMP1001,C1710,2022-01-10,2,1566,3132
OID16187,PID2063,A162,EMP1006,C1413,2022-06-26,4,1708,6832
OID16191,PID2088,A119,EMP1039,C1462,2022-02-23,2,603,1206
OID16192,PID2036,A116,EMP1039,C1246,2022-10-20,3,1582,4746
OID16194,PID2082,A142,EMP1040,C1728,2022-09-21,1,1103,1103
OID16199,PID2029,A149,EMP1007,C1702,2022-08-09,2,1848,3696
OID16200,PID2033,A155,EMP1025,C1325,2022-03-23,1,2182,2182
OID16203,PID2020,A164,EMP1027,C1408,2022-06-06,3,2005,6015
OID16207,PID2045,A116,EMP1042,C1695,2022-01-20,1,556,556
OID16213,PID2089,A142,EMP1009,C1216,2022-11-06,2,2294,4588
OID16214,PID2091,A102,EMP1001,C1153,2022-10-30,2,368,736
OID16218,PID2029,A117,EMP1029,C1061,2022-07-01,4,1848,7392
OID16219,PID2092,A133,EMP1040,C1010,2022-03-13,2,1639,3278
OID16226,PID2007,A141,EMP1014,C1521,2022-02-20,1,1405,1405
OID16227,PID2014,A132,EMP1007,C1552,2022-06-18,3,1809,5427
OID16231,PID2015,A167,EMP1043,C1607,2022-06-08,1,637,637
OID16232,PID2059,A161,EMP1019,C1532,2022-08-14,1,1494,1494
OID16234,PID2073,A116,EMP1024,C1637,2022-11-02,2,95,190
OID16237,PID2051,A117,EMP1015,C1166,2022-02-23,2,1077,2154
OID16238,PID2081,A125,EMP1008,C1052,2022-04-02,3,1566,4698
OID16241,PID2039,A118,EMP1005,C1147,2022-10-19,1,817,817
OID16244,PID2006,A104,EMP1015,C1633,2022-06-20,1,1826,1826
OID16245,PID2072,A150,EMP1033,C1299,2022-05-12,2,1887,3774
OID16254,PID2024,A154,EMP1036,C1358,2022-02-12,3,356,1068
OID16255,PID2012,A136,EMP1015,C1486,2022-03-17,2,1353,2706
OID16256,PID2042,A144,EMP1000,C1115,2022-10-08,1,203,203
OID16258,PID2078,A122,EMP1005,C1073,2022-03-04,3,1798,5394
OID16262,PID2057,A139,EMP1001,C1245,2022-09-06,1,181,181
OID16263,PID2017,A138,EMP1040,C1125,2022-08-17,1,35,35
OID16264,PID2061,A137,EMP1003,C1496,2022-09-07,1,913,913
OID16266,PID2044,A171,EMP1034,C1076,2022-12-04,3,886,2658
OID16268,PID2086,A142,EMP1033,C1659,2022-08-07,2,123,246
OID16269,PID2020,A158,EMP1034,C1388,2022-03-05,3,2005,6015
OID16270,PID2081,A126,EMP1015,C1697,2022-10-06,1,1566,1566
OID16277,PID2035,A122,EMP1009,C1657,2022-04-10,1,458,458
OID16278,PID2053,A117,EMP1035,C1548,2022-05-09,1,596,596
OID16280,PID2097,A103,EMP1040,C1694,2022-06-08,2,1052,2104
OID16283,PID2005,A106,EMP1009,C1406,2022-03-04,1,684,684
OID16287,PID2053,A119,EMP1004,C1448,2022-02-18,4,596,2384
OID16288,PID2097,A171,EMP1042,C1100,2022-09-13,1,1052,1052
OID16290,PID2070,A153,EMP1002,C1009,2022-03-03,2,1671,3342
OID16291,PID2016,A160,EMP1026,C1089,2022-09-30,2,1351,2702
OID16292,PID2032,A148,EMP1021,C1234,2022-10-19,3,1967,5901
OID16293,PID2086,A150,EMP1001,C1791,2022-05-22,4,123,492
OID16297,PID2035,A140,EMP1040,C1104,2022-09-22,4,458,1832
OID16299,PID2033,A161,EMP1032,C1230,2022-11-16,1,2182,2182
OID16300,PID2038,A135,EMP1020,C1267,2022-09-02,2,392,784
OID16306,PID2096,A128,EMP1024,C1141,2022-06-03,2,1587,3174
OID16309,PID2071,A159,EMP1021,C1415,2022-04-22,1,136,136
OID16313,PID2008,A159,EMP1016,C1451,2022-06-20,4,315,1260
OID16318,PID2064,A102,EMP1017,C1791,2022-12-20,2,1414,2828
OID16327,PID2035,A118,EMP1037,C1105,2022-12-17,1,458,458
OID16328,PID2001,A150,EMP1040,C1595,2022-03-19,1,951,951
OID16330,PID2077,A136,EMP1018,C1100,2022-03-19,1,530,530
OID16333,PID2032,A146,EMP1007,C1512,2022-11-22,2,1967,3934
OID16336,PID2054,A162,EMP1031,C1464,2022-01-16,3,127,381
OID16340,PID2096,A107,EMP1007,C1114,2022-01-08,1,1587,1587
OID16341,PID2067,A131,EMP1022,C1298,2022-03-04,3,1119,3357
OID16344,PID2007,A163,EMP1043,C1707,2022-12-25,3,1405,4215
OID16348,PID2011,A163,EMP1031,C1334,2022-02-27,1,530,530
OID16349,PID2100,A138,EMP1007,C1246,2022-05-28,1,799,799
OID16350,PID2071,A155,EMP1014,C1465,2022-05-01,1,136,136
OID16354,PID2033,A143,EMP1022,C1333,2022-06-07,1,2182,2182
OID16355,PID2014,A165,EMP1041,C1322,2022-05-08,1,1809,1809
OID16356,PID2074,A168,EMP1028,C1728,2022-10-27,1,504,504
OID16357,PID2051,A162,EMP1012,C1538,2022-10-21,3,1077,3231
OID16364,PID2020,A106,EMP1001,C1664,2022-08-15,4,2005,8020
OID16374,PID2002,A155,EMP1001,C1699,2022-03-22,1,847,847
OID16380,PID2099,A140,EMP1022,C1052,2022-06-02,1,1367,1367
OID16382,PID2040,A146,EMP1002,C1345,2022-02-13,2,1889,3778
OID16393,PID2011,A101,EMP1011,C1277,2022-01-19,1,530,530
OID16394,PID2052,A150,EMP1006,C1485,2022-12-14,2,1526,3052
OID16395,PID2047,A102,EMP1021,C1297,2022-11-07,2,290,580
OID16396,PID2057,A164,EMP1043,C1704,2022-09-10,1,181,181
OID16398,PID2079,A157,EMP1034,C1358,2022-05-04,1,1725,1725
OID16399,PID2090,A120,EMP1037,C1756,2022-04-08,3,1338,4014
OID16401,PID2014,A164,EMP1033,C1221,2022-04-21,1,1809,1809
OID16404,PID2037,A168,EMP1031,C1777,2022-07-23,1,880,880
OID16410,PID2085,A109,EMP1038,C1799,2022-12-07,2,1862,3724
OID16411,PID2001,A114,EMP1013,C1708,2022-06-09,3,951,2853
OID16412,PID2034,A154,EMP1025,C1219,2022-04-27,4,871,3484
OID16417,PID2038,A121,EMP1012,C1723,2022-02-28,4,392,1568
OID16419,PID2034,A139,EMP1017,C1649,2022-01-11,3,871,2613
OID16420,PID2052,A130,EMP1014,C1138,2022-08-15,2,1526,3052
OID16422,PID2007,A103,EMP1010,C1495,2022-11-01,1,1405,1405
OID16424,PID2054,A127,EMP1041,C1348,2022-12-05,4,127,508
OID16425,PID2089,A109,EMP1012,C1742,2022-11-02,2,2294,4588
OID16436,PID2002,A132,EMP1038,C1044,2022-02-27,2,847,1694
OID16440,PID2013,A120,EMP1015,C1124,2022-03-08,2,368,736
OID16441,PID2056,A142,EMP1018,C1107,2022-11-20,3,1635,4905
OID16445,PID2050,A113,EMP1038,C1468,2022-01-15,1,2391,2391
OID16448,PID2019,A149,EMP1007,C1744,2022-07-28,2,800,1600
OID16449,PID2088,A172,EMP1015,C1391,2022-11-11,3,603,1809
OID16450,PID2098,A119,EMP1011,C1121,2022-08-21,1,1178,1178
OID16453,PID2033,A161,EMP1035,C1267,2022-11-02,1,2182,2182
OID16458,PID2095,A124,EMP1010,C1630,2022-11-18,3,1743,5229
OID16461,PID2089,A113,EMP1028,C1587,2022-01-28,3,2294,6882
OID16464,PID2072,A120,EMP1003,C1084,2022-06-07,1,1887,1887
OID16465,PID2023,A133,EMP1022,C1638,2022-07-04,1,818,818
OID16467,PID2038,A157,EMP1022,C1132,2022-11-17,1,392,392
OID16471,PID2090,A108,EMP1012,C1553,2022-02-16,2,1338,2676
OID16473,PID2026,A117,EMP1017,C1612,2022-04-21,4,947,3788
OID16479,PID2081,A118,EMP1025,C1185,2022-09-14,3,1566,4698
OID16480,PID2004,A160,EMP1030,C1310,2022-12-13,4,1278,5112
OID16483,PID2100,A136,EMP1011,C1470,2022-07-14,1,799,799
OID16484,PID2092,A155,EMP1036,C1264,2022-12-15,1,1639,1639
OID16486,PID2018,A119,EMP1032,C1664,2022-12-09,4,1972,7888
OID16487,PID2013,A103,EMP1035,C1457,2022-05-14,4,368,1472
OID16489,PID2012,A119,EMP1026,C1230,2022-09-25,1,1353,1353
OID16493,PID2088,A116,EMP1028,C1265,2022-05-22,3,603,1809
OID16509,PID2096,A113,EMP1036,C1407,2022-08-07,1,1587,1587
OID16511,PID2095,A118,EMP1019,C1503,2022-05-05,1,1743,1743
OID16512,PID2014,A105,EMP1043,C1627,2022-12-23,1,1809,1809
OID16514,PID2098,A130,EMP1012,C1408,2022-12-29,1,1178,1178
OID16515,PID2077,A151,EMP1022,C1204,2022-10-07,1,530,530
OID16517,PID2035,A130,EMP1021,C1617,2022-03-06,1,458,458
OID16520,PID2052,A138,EMP1036,C1065,2022-10-12,1,1526,1526
OID16522,PID2028,A125,EMP1041,C1736,2022-10-03,2,2283,4566
OID16525,PID2083,A151,EMP1008,C1137,2022-01-18,1,2141,2141
OID16528,PID2055,A112,EMP1035,C1626,2022-11-20,1,2495,2495
OID16530,PID2050,A149,EMP1000,C1775,2022-04-28,2,2391,4782
OID16532,PID2011,A115,EMP1010,C1299,2022-05-29,1,530,530
OID16534,PID2015,A143,EMP1038,C1103,2022-10-21,3,637,1911
OID16538,PID2096,A109,EMP1037,C1141,2022-05-18,1,1587,1587
OID16549,PID2092,A135,EMP1002,C1085,2022-01-02,1,1639,1639
OID16550,PID2007,A116,EMP1030,C1279,2022-07-26,1,1405,1405
OID16552,PID2020,A160,EMP1024,C1169,2022-08-23,1,2005,2005
OID16554,PID2050,A163,EMP1020,C1235,2022-07-12,1,2391,2391
OID16559,PID2066,A148,EMP1012,C1083,2022-06-27,1,2091,2091
OID16563,PID2097,A111,EMP1003,C1735,2022-05-06,3,1052,3156
OID16568,PID2056,A140,EMP1037,C1072,2022-01-18,1,1635,1635
OID16572,PID2056,A115,EMP1014,C1643,2022-09-20,1,1635,1635
OID16573,PID2004,A157,EMP1037,C1171,2022-12-22,1,1278,1278
OID16574,PID2044,A112,EMP1038,C1547,2022-11-26,3,886,2658
OID16576,PID2020,A125,EMP1001,C1415,2022-05-11,1,2005,2005
OID16577,PID2004,A109,EMP1019,C1131,2022-08-03,1,1278,1278
OID16581,PID2040,A157,EMP1029,C1316,2022-07-24,1,1889,1889
OID16582,PID2013,A151,EMP1034,C1443,2022-10-24,1,368,368
OID16592,PID2054,A131,EMP1038,C1320,2022-07-05,1,127,127
OID16593,PID2046,A151,EMP1016,C1685,2022-11-13,2,2410,4820
OID16598,PID2060,A104,EMP1039,C1086,2022-10-03,2,1467,2934
OID16599,PID2050,A101,EMP1043,C1755,2022-05-01,1,2391,2391
OID16602,PID2049,A124,EMP1014,C1227,2022-04-19,1,826,826
OID16603,PID2087,A100,EMP1040,C1531,2022-11-13,3,1022,3066
OID16604,PID2050,A146,EMP1034,C1020,2022-06-06,2,2391,4782
OID16605,PID2097,A133,EMP1005,C1100,2022-01-04,1,1052,1052
OID16606,PID2038,A158,EMP1001,C1166,2022-04-01,1,392,392
OID16607,PID2095,A138,EMP1023,C1003,2022-02-25,1,1743,1743
OID16610,PID2099,A116,EMP1010,C1379,2022-09-24,4,1367,5468
OID16612,PID2055,A118,EMP1009,C1266,2022-03-17,1,2495,2495
OID16614,PID2099,A166,EMP1015,C1343,2022-06-19,3,1367,4101
OID16616,PID2028,A107,EMP1040,C1024,2022-10-22,4,2283,9132
OID16617,PID2083,A104,EMP1034,C1147,2022-12-16,1,2141,2141
OID16620,PID2097,A111,EMP1029,C1066,2022-09-04,1,1052,1052
OID16625,PID2035,A120,EMP1003,C1596,2022-04-22,1,458,458
OID16628,PID2006,A172,EMP1006,C1754,2022-04-21,4,1826,7304
OID16631,PID2092,A146,EMP1016,C1522,2022-11-01,2,1639,3278
OID16632,PID2012,A105,EMP1009,C1466,2022-07-26,3,1353,4059
OID16635,PID2064,A158,EMP1031,C1279,2022-12-26,3,1414,4242
OID16636,PID2016,A136,EMP1032,C1021,2022-06-10,1,1351,1351
OID16638,PID2019,A143,EMP1011,C1192,2022-10-09,1,800,800
OID16639,PID2066,A169,EMP1040,C1303,2022-12-12,3,2091,6273
OID16644,PID2099,A119,EMP1036,C1327,2022-10-11,1,1367,1367
OID16646,PID2091,A167,EMP1028,C1205,2022-05-18,3,368,1104
OID16647,PID2031,A161,EMP1033,C1163,2022-06-24,1,1638,1638
OID16649,PID2016,A105,EMP1016,C1385,2022-08-02,1,1351,1351
OID16650,PID2072,A138,EMP1006,C1025,2022-05-02,3,1887,5661
OID16652,PID2023,A133,EMP1038,C1489,2022-11-14,3,818,2454
OID16655,PID2059,A127,EMP1009,C1386,2022-12-04,1,1494,1494
OID16656,PID2095,A101,EMP1023,C1169,2022-01-19,3,1743,5229
OID16662,PID2077,A102,EMP1014,C1267,2022-01-14,1,530,530
OID16663,PID2096,A163,EMP1016,C1666,2022-01-19,2,1587,3174
OID16664,PID2023,A138,EMP1035,C1254,2022-12-04,1,818,818
OID16665,PID2056,A106,EMP1021,C1491,2022-08-19,2,1635,3270
OID16666,PID2100,A170,EMP1022,C1324,2022-05-09,1,799,799
OID16668,PID2056,A142,EMP1009,C1671,2022-11-04,2,1635,3270
OID16669,PID2008,A144,EMP1037,C1478,2022-05-22,1,315,315
OID16670,PID2016,A140,EMP1035,C1048,2022-04-20,3,1351,4053
OID16672,PID2089,A118,EMP1039,C1354,2022-09-02,2,2294,4588
OID16673,PID2025,A135,EMP1039,C1081,2022-02-03,3,667,2001
OID16676,PID2029,A151,EMP1027,C1542,2022-08-19,1,1848,1848
OID16677,PID2040,A168,EMP1028,C1037,2022-10-09,1,1889,1889
OID16682,PID2092,A152,EMP1015,C1336,2022-03-28,1,1639,1639
OID16686,PID2039,A126,EMP1039,C1108,2022-03-29,3,817,2451
OID16687,PID2041,A169,EMP1030,C1795,2022-04-30,2,1380,2760
OID16693,PID2022,A160,EMP1032,C1225,2022-07-04,4,561,2244
OID16694,PID2044,A136,EMP1028,C1094,2022-01-15,3,886,2658
OID16699,PID2036,A132,EMP1030,C1653,2022-07-17,1,1582,1582
OID16705,PID2003,A125,EMP1004,C1226,2022-07-07,4,1783,7132
OID16711,PID2048,A129,EMP1014,C1486,2022-05-28,3,502,1506
OID16720,PID2000,A166,EMP1001,C1372,2022-04-07,1,2241,2241
OID16725,PID2028,A124,EMP1005,C1561,2022-06-24,2,2283,4566
OID16728,PID2074,A100,EMP1017,C1340,2022-10-22,3,504,1512
OID16729,PID2051,A151,EMP1040,C1310,2022-02-24,1,1077,1077
OID16731,PID2063,A172,EMP1007,C1728,2022-12-04,1,1708,1708
OID16732,PID2070,A116,EMP1041,C1012,2022-03-08,1,1671,1671
OID16733,PID2096,A145,EMP1033,C1782,2022-12-17,2,1587,3174
OID16735,PID2012,A130,EMP1012,C1350,2022-06-16,4,1353,5412
OID16738,PID2039,A148,EMP1036,C1613,2022-09-25,1,817,817
OID16746,PID2069,A125,EMP1016,C1076,2022-07-30,1,378,378
OID16749,PID2026,A116,EMP1042,C1776,2022-09-05,2,947,1894
OID16751,PID2026,A160,EMP1012,C1022,2022-11-09,2,947,1894
OID16759,PID2034,A156,EMP1025,C1608,2022-09-13,1,871,871
OID16760,PID2020,A149,EMP1021,C1688,2022-07-09,1,2005,2005
OID16761,PID2022,A117,EMP1028,C1006,2022-03-22,1,561,561
OID16762,PID2027,A124,EMP1018,C1125,2022-06-12,1,2497,2497
OID16767,PID2092,A149,EMP1029,C1232,2022-11-26,3,1639,4917
OID16769,PID2008,A124,EMP1006,C1706,2022-07-21,2,315,630
OID16773,PID2024,A117,EMP1020,C1722,2022-05-27,3,356,1068
OID16777,PID2034,A154,EMP1009,C1118,2022-12-19,1,871,871
OID16779,PID2057,A163,EMP1003,C1102,2022-03-11,3,181,543
OID16780,PID2019,A158,EMP1025,C1230,2022-12-14,2,800,1600
OID16785,PID2067,A128,EMP1037,C1193,2022-07-25,2,1119,2238
OID16787,PID2061,A115,EMP1009,C1571,2022-10-06,1,913,913
OID16789,PID2050,A102,EMP1017,C1207,2022-09-05,1,2391,2391
OID16794,PID2096,A144,EMP1037,C1548,2022-11-09,4,1587,6348
OID16795,PID2021,A159,EMP1018,C1080,2022-09-26,1,217,217
OID16799,PID2010,A109,EMP1042,C1522,2022-12-06,1,1812,1812
OID16804,PID2087,A100,EMP1002,C1242,2022-10-27,1,1022,1022
OID16806,PID2040,A102,EMP1005,C1420,2022-04-21,1,1889,1889
OID16811,PID2041,A167,EMP1033,C1493,2022-01-30,1,1380,1380
OID16819,PID2067,A128,EMP1031,C1564,2022-03-03,2,1119,2238
OID16820,PID2096,A153,EMP1043,C1161,2022-02-28,1,1587,1587
OID16821,PID2048,A168,EMP1002,C1168,2022-05-07,1,502,502
OID16829,PID2065,A108,EMP1024,C1686,2022-08-14,1,2396,2396
OID16830,PID2019,A107,EMP1012,C1665,2022-09-12,2,800,1600
OID16833,PID2084,A140,EMP1014,C1673,2022-08-22,1,1783,1783
OID16834,PID2033,A116,EMP1002,C1067,2022-07-12,3,2182,6546
OID16837,PID2093,A122,EMP1000,C1626,2022-06-02,2,112,224
OID16844,PID2033,A163,EMP1015,C1162,2022-12-28,1,2182,2182
OID16845,PID2009,A105,EMP1001,C1230,2022-09-15,1,584,584
OID16846,PID2019,A114,EMP1013,C1511,2022-01-30,2,800,1600
OID16847,PID2091,A110,EMP1029,C1770,2022-12-10,1,368,368
OID16855,PID2093,A161,EMP1036,C1441,2022-09-06,3,112,336
OID16862,PID2000,A140,EMP1031,C1230,2022-01-10,2,2241,4482
OID16869,PID2042,A106,EMP1026,C1346,2022-11-11,4,203,812
OID16873,PID2003,A140,EMP1007,C1541,2022-02-14,1,1783,1783
OID16875,PID2057,A160,EMP1033,C1414,2022-03-03,1,181,181
OID16878,PID2028,A106,EMP1037,C1050,2022-04-07,1,2283,2283
OID16879,PID2018,A120,EMP1021,C1426,2022-11-09,3,1972,5916
OID16881,PID2016,A106,EMP1013,C1327,2022-03-24,4,1351,5404
OID16884,PID2061,A119,EMP1028,C1696,2022-07-21,1,913,913
OID16885,PID2069,A162,EMP1042,C1791,2022-05-30,1,378,378
OID16889,PID2011,A145,EMP1009,C1148,2022-01-09,3,530,1590
OID16890,PID2074,A143,EMP1014,C1029,2022-01-12,1,504,504
OID16891,PID2012,A142,EMP1037,C1189,2022-08-07,1,1353,1353
OID16895,PID2070,A131,EMP1031,C1289,2022-03-18,1,1671,1671
OID16903,PID2020,A116,EMP1039,C1396,2022-07-14,1,2005,2005
OID16904,PID2078,A125,EMP1040,C1088,2022-03-27,4,1798,7192
OID16905,PID2097,A105,EMP1010,C1705,2022-06-01,3,1052,3156
OID16912,PID2067,A114,EMP1006,C1304,2022-06-08,1,1119,1119
OID16914,PID2006,A168,EMP1030,C1271,2022-09-27,1,1826,1826
OID16917,PID2074,A149,EMP1000,C1503,2022-03-31,2,504,1008
OID16919,PID2029,A129,EMP1039,C1781,2022-11-19,1,1848,1848
OID16920,PID2092,A112,EMP1043,C1072,2022-07-17,1,1639,1639
OID16923,PID2005,A128,EMP1018,C1694,2022-09-02,1,684,684
OID16927,PID2008,A148,EMP1005,C1260,2022-04-07,1,315,315
OID16929,PID2040,A150,EMP1032,C1052,2022-10-26,1,1889,1889
OID16931,PID2052,A130,EMP1025,C1267,2022-02-07,3,1526,4578
OID16932,PID2090,A117,EMP1032,C1408,2022-02-15,2,1338,2676
OID16934,PID2074,A128,EMP1006,C1777,2022-04-22,2,504,1008
OID16938,PID2028,A109,EMP1039,C1459,2022-07-01,3,2283,6849
OID16939,PID2010,A153,EMP1002,C1554,2022-10-21,2,1812,3624
OID16945,PID2097,A106,EMP1024,C1055,2022-08-12,2,1052,2104
OID16948,PID2069,A118,EMP1041,C1197,2022-11-29,1,378,378
OID16949,PID2062,A125,EMP1000,C1515,2022-07-29,1,2464,2464
OID16950,PID2031,A169,EMP1036,C1489,2022-01-27,1,1638,1638
OID16951,PID2094,A131,EMP1015,C1340,2022-08-27,1,771,771
OID16953,PID2039,A154,EMP1044,C1465,2022-10-19,1,817,817
OID16958,PID2030,A149,EMP1038,C1260,2022-12-02,2,1899,3798
OID16961,PID2046,A135,EMP1005,C1674,2022-12-19,4,2410,9640
OID16964,PID2045,A138,EMP1019,C1735,2022-10-20,1,556,556
OID16965,PID2038,A173,EMP1022,C1084,2022-07-21,1,392,392
OID16967,PID2003,A154,EMP1037,C1147,2022-03-10,2,1783,3566
OID16969,PID2083,A106,EMP1043,C1618,2022-03-02,1,2141,2141
OID16971,PID2091,A113,EMP1014,C1419,2022-08-14,2,368,736
OID16974,PID2025,A143,EMP1007,C1680,2022-04-01,1,667,667
OID16975,PID2036,A103,EMP1009,C1169,2022-10-31,4,1582,6328
OID16982,PID2006,A101,EMP1011,C1736,2022-09-27,1,1826,1826
OID16983,PID2076,A141,EMP1043,C1727,2022-10-30,1,1522,1522
OID16990,PID2029,A103,EMP1005,C1398,2022-12-28,3,1848,5544
OID16991,PID2059,A104,EMP1005,C1228,2022-08-19,3,1494,4482
OID16993,PID2013,A145,EMP1021,C1116,2022-03-08,2,368,736
OID16994,PID2035,A156,EMP1015,C1703,2022-06-10,2,458,916
OID17002,PID2073,A154,EMP1015,C1039,2022-08-11,1,95,95
OID17009,PID2042,A117,EMP1039,C1022,2022-11-11,1,203,203
OID17011,PID2046,A112,EMP1001,C1252,2022-02-26,4,2410,9640
OID17020,PID2068,A140,EMP1041,C1117,2022-10-26,3,1500,4500
OID17022,PID2054,A147,EMP1037,C1441,2022-05-10,1,127,127
OID17024,PID2033,A146,EMP1026,C1239,2022-08-03,1,2182,2182
OID17034,PID2007,A146,EMP1014,C1140,2022-09-28,1,1405,1405
OID17035,PID2084,A157,EMP1019,C1764,2022-02-04,4,1783,7132
OID17038,PID2082,A121,EMP1007,C1223,2022-09-12,1,1103,1103
OID17043,PID2078,A135,EMP1019,C1523,2022-02-12,3,1798,5394
OID17050,PID2066,A113,EMP1023,C1316,2022-06-10,3,2091,6273
OID17055,PID2010,A122,EMP1003,C1528,2022-06-17,2,1812,3624
OID17057,PID2095,A140,EMP1034,C1768,2022-09-24,1,1743,1743
OID17059,PID2094,A101,EMP1015,C1317,2022-11-08,2,771,1542
OID17061,PID2060,A165,EMP1029,C1312,2022-11-20,3,1467,4401
OID17067,PID2028,A119,EMP1025,C1694,2022-09-10,2,2283,4566
OID17068,PID2038,A129,EMP1035,C1766,2022-10-16,2,392,784
OID17070,PID2071,A120,EMP1023,C1247,2022-08-03,2,136,272
OID17071,PID2035,A170,EMP1004,C1096,2022-06-29,1,458,458
OID17072,PID2085,A116,EMP1041,C1251,2022-10-31,1,1862,1862
OID17080,PID2096,A144,EMP1043,C1625,2022-02-04,1,1587,1587
OID17082,PID2087,A130,EMP1010,C1412,2022-08-02,4,1022,4088
OID17084,PID2024,A103,EMP1026,C1237,2022-03-21,1,356,356
OID17085,PID2027,A111,EMP1012,C1012,2022-04-24,3,2497,7491
OID17086,PID2090,A111,EMP1029,C1346,2022-05-08,3,1338,4014
OID17088,PID2017,A139,EMP1043,C1058,2022-11-03,1,35,35
OID17090,PID2100,A123,EMP1019,C1068,2022-06-20,1,799,799
OID17092,PID2087,A103,EMP1018,C1733,2022-09-12,1,1022,1022
OID17094,PID2061,A127,EMP1011,C1277,2022-06-26,1,913,913
OID17096,PID2003,A163,EMP1027,C1240,2022-08-19,1,1783,1783
OID17097,PID2086,A112,EMP1001,C1684,2022-06-26,3,123,369
OID17098,PID2094,A125,EMP1033,C1086,2022-11-12,1,771,771
OID17099,PID2025,A112,EMP1043,C1628,2022-06-27,2,667,1334
OID17100,PID2007,A138,EMP1025,C1708,2022-08-21,4,1405,5620
OID17102,PID2005,A121,EMP1023,C1740,2022-05-20,3,684,2052
OID17103,PID2059,A116,EMP1012,C1697,2022-10-31,1,1494,1494
OID17104,PID2027,A172,EMP1040,C1221,2022-08-24,1,2497,2497
OID17106,PID2030,A150,EMP1033,C1720,2022-05-01,3,1899,5697
OID17110,PID2095,A155,EMP1027,C1667,2022-05-30,2,1743,3486
OID17113,PID2057,A151,EMP1043,C1157,2022-02-06,2,181,362
OID17115,PID2024,A107,EMP1037,C1586,2022-08-10,1,356,356
OID17116,PID2027,A164,EMP1039,C1581,2022-12-06,2,2497,4994
OID17119,PID2088,A102,EMP1009,C1559,2022-07-03,4,603,2412
OID17120,PID2084,A111,EMP1009,C1194,2022-01-25,1,1783,1783
OID17121,PID2008,A148,EMP1036,C1608,2022-03-12,1,315,315
OID17122,PID2091,A156,EMP1014,C1558,2022-02-24,4,368,1472
OID17124,PID2067,A118,EMP1038,C1130,2022-06-09,3,1119,3357
OID17126,PID2032,A139,EMP1019,C1168,2022-06-25,2,1967,3934
OID17128,PID2014,A134,EMP1028,C1700,2022-05-17,1,1809,1809
OID17132,PID2046,A138,EMP1038,C1059,2022-09-25,1,2410,2410
OID17134,PID2013,A132,EMP1018,C1324,2022-12-06,1,368,368
OID17137,PID2023,A152,EMP1035,C1671,2022-12-12,1,818,818
OID17140,PID2098,A108,EMP1043,C1100,2022-04-14,1,1178,1178
OID17141,PID2023,A122,EMP1028,C1290,2022-02-20,1,818,818
OID17143,PID2007,A112,EMP1004,C1235,2022-03-08,4,1405,5620
OID17144,PID2006,A154,EMP1017,C1048,2022-09-23,1,1826,1826
OID17145,PID2049,A116,EMP1009,C1793,2022-08-08,1,826,826
OID17148,PID2051,A172,EMP1007,C1347,2022-06-07,2,1077,2154
OID17152,PID2037,A171,EMP1038,C1782,2022-10-29,1,880,880
OID17154,PID2013,A166,EMP1020,C1707,2022-01-29,3,368,1104
OID17156,PID2081,A166,EMP1041,C1056,2022-11-17,3,1566,4698
OID17157,PID2055,A156,EMP1023,C1604,2022-04-05,2,2495,4990
OID17166,PID2023,A132,EMP1022,C1028,2022-01-23,1,818,818
OID17167,PID2038,A110,EMP1018,C1383,2022-06-29,1,392,392
OID17169,PID2080,A149,EMP1011,C1344,2022-05-13,3,2353,7059
OID17170,PID2045,A143,EMP1009,C1173,2022-10-10,2,556,1112
OID17171,PID2026,A117,EMP1026,C1366,2022-08-10,4,947,3788
OID17174,PID2084,A164,EMP1012,C1028,2022-05-17,1,1783,1783
OID17175,PID2027,A106,EMP1000,C1207,2022-08-20,1,2497,2497
OID17176,PID2069,A146,EMP1010,C1353,2022-05-24,3,378,1134
OID17189,PID2060,A105,EMP1033,C1277,2022-03-12,1,1467,1467
OID17190,PID2075,A137,EMP1035,C1461,2022-08-02,2,400,800
OID17191,PID2055,A153,EMP1040,C1249,2022-12-30,1,2495,2495
OID17197,PID2088,A157,EMP1034,C1638,2022-05-10,1,603,603
OID17199,PID2023,A122,EMP1029,C1520,2022-10-04,1,818,818
OID17213,PID2034,A112,EMP1024,C1231,2022-07-21,2,871,1742
OID17219,PID2091,A167,EMP1002,C1424,2022-05-17,2,368,736
OID17226,PID2016,A120,EMP1005,C1460,2022-03-10,3,1351,4053
OID17228,PID2007,A106,EMP1042,C1428,2022-06-15,4,1405,5620
OID17230,PID2059,A157,EMP1016,C1690,2022-06-25,1,1494,1494
OID17231,PID2061,A139,EMP1040,C1753,2022-12-08,3,913,2739
OID17237,PID2073,A156,EMP1005,C1155,2022-04-17,2,95,190
OID17238,PID2069,A165,EMP1026,C1588,2022-06-04,2,378,756
OID17240,PID2073,A102,EMP1039,C1270,2022-05-24,1,95,95
OID17241,PID2031,A173,EMP1008,C1345,2022-09-25,4,1638,6552
OID17243,PID2090,A117,EMP1044,C1295,2022-05-02,1,1338,1338
OID17245,PID2096,A103,EMP1032,C1540,2022-05-10,2,1587,3174
OID17250,PID2051,A116,EMP1004,C1554,2022-10-06,4,1077,4308
OID17253,PID2070,A112,EMP1025,C1535,2022-02-02,3,1671,5013
OID17262,PID2042,A120,EMP1031,C1498,2022-06-15,1,203,203
OID17265,PID2062,A154,EMP1044,C1673,2022-06-23,1,2464,2464
OID17272,PID2022,A144,EMP1033,C1734,2022-12-01,1,561,561
OID17275,PID2077,A139,EMP1025,C1541,2022-11-30,1,530,530
OID17276,PID2017,A113,EMP1043,C1543,2022-04-18,2,35,70
OID17277,PID2082,A157,EMP1033,C1079,2022-05-24,4,1103,4412
OID17279,PID2026,A159,EMP1023,C1428,2022-04-12,2,947,1894
OID17287,PID2075,A134,EMP1017,C1256,2022-11-05,1,400,400
OID17290,PID2003,A156,EMP1026,C1487,2022-11-25,3,1783,5349
OID17296,PID2059,A173,EMP1002,C1724,2022-02-20,1,1494,1494
OID17299,PID2034,A165,EMP1002,C1388,2022-08-23,4,871,3484
OID17309,PID2084,A164,EMP1025,C1375,2022-05-21,1,1783,1783
OID17310,PID2036,A171,EMP1026,C1113,2022-02-22,1,1582,1582
OID17311,PID2024,A167,EMP1015,C1246,2022-05-31,3,356,1068
OID17315,PID2030,A153,EMP1031,C1752,2022-03-25,1,1899,1899
OID17318,PID2042,A166,EMP1018,C1589,2022-11-10,1,203,203
OID17320,PID2055,A134,EMP1020,C1730,2022-12-04,4,2495,9980
OID17323,PID2004,A149,EMP1013,C1406,2022-12-23,1,1278,1278
OID17331,PID2025,A165,EMP1007,C1759,2022-05-05,1,667,667
OID17333,PID2032,A142,EMP1030,C1772,2022-07-29,4,1967,7868
OID17341,PID2092,A159,EMP1001,C1553,2022-01-19,1,1639,1639
OID17344,PID2053,A102,EMP1012,C1774,2022-09-07,1,596,596
OID17345,PID2021,A145,EMP1040,C1393,2022-02-18,1,217,217
OID17350,PID2002,A167,EMP1008,C1538,2022-11-12,1,847,847
OID17351,PID2056,A139,EMP1043,C1349,2022-02-04,1,1635,1635
OID17357,PID2092,A115,EMP1043,C1799,2022-09-15,1,1639,1639
OID17358,PID2087,A132,EMP1030,C1530,2022-07-18,2,1022,2044
OID17360,PID2001,A115,EMP1035,C1265,2022-04-24,3,951,2853
OID17363,PID2074,A124,EMP1002,C1565,2022-11-12,4,504,2016
OID17366,PID2030,A142,EMP1007,C1500,2022-10-12,1,1899,1899
OID17388,PID2019,A112,EMP1020,C1650,2022-09-27,3,800,2400
OID17394,PID2008,A167,EMP1044,C1254,2022-01-14,1,315,315
OID17401,PID2063,A116,EMP1044,C1049,2022-06-23,2,1708,3416
OID17402,PID2088,A173,EMP1030,C1051,2022-08-24,1,603,603
OID17404,PID2068,A167,EMP1016,C1704,2022-05-29,1,1500,1500
OID17405,PID2089,A166,EMP1028,C1252,2022-04-10,4,2294,9176
OID17407,PID2019,A128,EMP1032,C1197,2022-01-05,4,800,3200
OID17414,PID2014,A120,EMP1028,C1072,2022-09-13,4,1809,7236
OID17415,PID2092,A109,EMP1001,C1399,2022-05-29,1,1639,1639
OID17417,PID2089,A163,EMP1013,C1382,2022-12-20,1,2294,2294
OID17419,PID2052,A154,EMP1039,C1542,2022-06-16,2,1526,3052
OID17424,PID2085,A103,EMP1006,C1762,2022-05-29,3,1862,5586
OID17427,PID2002,A115,EMP1040,C1587,2022-03-20,2,847,1694
OID17432,PID2053,A153,EMP1026,C1296,2022-06-25,4,596,2384
OID17433,PID2034,A170,EMP1034,C1503,2022-12-23,1,871,871
OID17437,PID2060,A110,EMP1025,C1424,2022-04-09,1,1467,1467
OID17439,PID2037,A140,EMP1029,C1497,2022-03-04,2,880,1760
OID17440,PID2087,A104,EMP1005,C1483,2022-04-27,1,1022,1022
OID17444,PID2058,A156,EMP1019,C1128,2022-07-27,3,2257,6771
OID17445,PID2047,A100,EMP1003,C1015,2022-09-24,4,290,1160
OID17448,PID2034,A141,EMP1021,C1561,2022-04-20,3,871,2613
OID17452,PID2024,A151,EMP1019,C1251,2022-01-18,1,356,356
OID17453,PID2056,A138,EMP1027,C1483,2022-10-10,2,1635,3270
OID17455,PID2086,A152,EMP1038,C1352,2022-02-07,1,123,123
OID17464,PID2008,A169,EMP1035,C1553,2022-09-29,1,315,315
OID17465,PID2028,A133,EMP1028,C1072,2022-11-25,3,2283,6849
OID17466,PID2100,A116,EMP1024,C1150,2022-05-18,3,799,2397
OID17468,PID2023,A127,EMP1007,C1572,2022-12-06,4,818,3272
OID17471,PID2023,A145,EMP1035,C1630,2022-10-06,1,818,818
OID17474,PID2062,A122,EMP1033,C1124,2022-05-24,3,2464,7392
OID17475,PID2052,A132,EMP1001,C1303,2022-11-11,1,1526,1526
OID17477,PID2049,A154,EMP1011,C1753,2022-06-16,3,826,2478
OID17484,PID2030,A144,EMP1007,C1367,2022-01-29,1,1899,1899
OID17486,PID2089,A100,EMP1022,C1262,2022-07-28,1,2294,2294
OID17490,PID2043,A116,EMP1004,C1416,2022-07-20,2,545,1090
OID17495,PID2017,A101,EMP1010,C1550,2022-03-19,4,35,140
OID17498,PID2067,A105,EMP1010,C1704,2022-04-17,1,1119,1119
OID17507,PID2030,A167,EMP1024,C1069,2022-07-15,4,1899,7596
OID17508,PID2080,A152,EMP1033,C1517,2022-05-20,3,2353,7059
OID17510,PID2077,A155,EMP1037,C1238,2022-09-08,1,530,530
OID17513,PID2004,A171,EMP1012,C1254,2022-08-05,3,1278,3834
OID17518,PID2071,A168,EMP1009,C1115,2022-11-26,1,136,136
OID17519,PID2006,A136,EMP1002,C1565,2022-12-12,1,1826,1826
OID17521,PID2009,A128,EMP1016,C1335,2022-11-21,3,584,1752
OID17523,PID2063,A117,EMP1025,C1716,2022-08-02,3,1708,5124
OID17524,PID2083,A122,EMP1016,C1600,2022-06-01,1,2141,2141
OID17527,PID2100,A151,EMP1026,C1516,2022-12-30,3,799,2397
OID17529,PID2048,A102,EMP1012,C1257,2022-11-26,3,502,1506
OID17532,PID2000,A129,EMP1015,C1030,2022-10-06,1,2241,2241
OID17534,PID2084,A141,EMP1043,C1710,2022-10-25,2,1783,3566
OID17537,PID2009,A150,EMP1008,C1545,2022-05-22,1,584,584
OID17544,PID2094,A156,EMP1021,C1573,2022-07-03,2,771,1542
OID17546,PID2069,A170,EMP1024,C1195,2022-02-28,1,378,378
OID17549,PID2046,A119,EMP1000,C1062,2022-01-02,3,2410,7230
OID17550,PID2092,A113,EMP1021,C1386,2022-12-13,1,1639,1639
OID17552,PID2076,A105,EMP1028,C1615,2022-05-11,1,1522,1522
OID17554,PID2003,A106,EMP1005,C1380,2022-06-20,1,1783,1783
OID17556,PID2049,A146,EMP1041,C1449,2022-07-30,3,826,2478
OID17561,PID2055,A168,EMP1038,C1725,2022-06-01,1,2495,2495
OID17563,PID2062,A138,EMP1040,C1335,2022-08-13,1,2464,2464
OID17565,PID2036,A113,EMP1014,C1175,2022-12-02,4,1582,6328
OID17566,PID2035,A145,EMP1039,C1775,2022-04-14,4,458,1832
OID17567,PID2053,A173,EMP1034,C1477,2022-10-16,2,596,1192
OID17571,PID2006,A163,EMP1020,C1298,2022-10-14,1,1826,1826
OID17576,PID2016,A172,EMP1011,C1508,2022-06-27,1,1351,1351
OID17577,PID2004,A150,EMP1035,C1468,2022-09-06,1,1278,1278
OID17578,PID2076,A125,EMP1019,C1577,2022-12-30,1,1522,1522
OID17579,PID2070,A114,EMP1041,C1431,2022-12-07,2,1671,3342
OID17581,PID2027,A148,EMP1024,C1260,2022-04-01,4,2497,9988
OID17585,PID2057,A167,EMP1030,C1246,2022-08-25,1,181,181
OID17587,PID2013,A113,EMP1043,C1324,2022-09-08,2,368,736
OID17596,PID2023,A163,EMP1008,C1081,2022-08-29,4,818,3272
OID17604,PID2008,A116,EMP1018,C1581,2022-06-29,1,315,315
OID17605,PID2059,A151,EMP1007,C1026,2022-04-11,1,1494,1494
OID17607,PID2072,A102,EMP1027,C1692,2022-03-08,1,1887,1887
OID17611,PID2040,A162,EMP1035,C1644,2022-08-24,1,1889,1889
OID17614,PID2064,A102,EMP1036,C1684,2022-07-26,3,1414,4242
OID17619,PID2079,A114,EMP1041,C1120,2022-08-08,1,1725,1725
OID17620,PID2014,A153,EMP1011,C1774,2022-11-17,4,1809,7236
OID17635,PID2079,A152,EMP1012,C1421,2022-05-09,1,1725,1725
OID17639,PID2070,A100,EMP1037,C1273,2022-03-19,3,1671,5013
OID17640,PID2032,A149,EMP1030,C1024,2022-11-19,1,1967,1967
OID17643,PID2079,A120,EMP1004,C1186,2022-01-09,1,1725,1725
OID17659,PID2091,A139,EMP1025,C1195,2022-06-26,4,368,1472
OID17661,PID2055,A138,EMP1006,C1107,2022-10-29,3,2495,7485
OID17663,PID2065,A162,EMP1041,C1120,2022-07-18,2,2396,4792
OID17664,PID2045,A168,EMP1016,C1706,2022-02-10,1,556,556
OID17666,PID2016,A160,EMP1018,C1276,2022-08-04,2,1351,2702
OID17669,PID2043,A115,EMP1024,C1090,2022-12-28,3,545,1635
OID17670,PID2012,A167,EMP1039,C1487,2022-07-11,1,1353,1353
OID17671,PID2073,A120,EMP1003,C1169,2022-03-23,3,95,285
OID17674,PID2053,A133,EMP1007,C1611,2022-12-19,4,596,2384
OID17678,PID2029,A119,EMP1034,C1554,2022-03-04,4,1848,7392
OID17684,PID2009,A147,EMP1002,C1764,2022-10-08,4,584,2336
OID17686,PID2072,A120,EMP1002,C1439,2022-02-24,1,1887,1887
OID17688,PID2045,A162,EMP1000,C1702,2022-10-21,3,556,1668
OID17691,PID2081,A160,EMP1032,C1217,2022-01-21,3,1566,4698
OID17692,PID2073,A100,EMP1002,C1303,2022-10-04,1,95,95
OID17696,PID2002,A136,EMP1016,C1384,2022-09-03,1,847,847
OID17698,PID2029,A154,EMP1005,C1649,2022-04-04,1,1848,1848
OID17703,PID2096,A127,EMP1023,C1505,2022-09-10,1,1587,1587
OID17705,PID2099,A128,EMP1003,C1036,2022-07-14,1,1367,1367
OID17719,PID2028,A137,EMP1036,C1502,2022-10-09,1,2283,2283
OID17724,PID2006,A163,EMP1035,C1356,2022-08-20,1,1826,1826
OID17725,PID2065,A133,EMP1003,C1536,2022-02-15,4,2396,9584
OID17726,PID2021,A147,EMP1011,C1133,2022-09-30,1,217,217
OID17730,PID2079,A153,EMP1005,C1731,2022-05-10,1,1725,1725
OID17732,PID2028,A100,EMP1041,C1107,2022-06-30,3,2283,6849
OID17737,PID2067,A147,EMP1011,C1212,2022-02-28,2,1119,2238
OID17739,PID2062,A149,EMP1002,C1043,2022-11-08,4,2464,9856
OID17740,PID2088,A149,EMP1031,C1168,2022-09-09,1,603,603
OID17742,PID2012,A158,EMP1026,C1196,2022-07-10,1,1353,1353
OID17746,PID2052,A103,EMP1003,C1182,2022-06-16,1,1526,1526
OID17749,PID2025,A139,EMP1007,C1599,2022-04-19,3,667,2001
OID17750,PID2030,A161,EMP1026,C1180,2022-11-18,1,1899,1899
OID17752,PID2003,A163,EMP1030,C1450,2022-12-03,4,1783,7132
OID17758,PID2082,A136,EMP1012,C1107,2022-10-08,1,1103,1103
OID17759,PID2083,A149,EMP1023,C1536,2022-09-10,1,2141,2141
OID17762,PID2045,A141,EMP1009,C1346,2022-03-25,1,556,556
OID17763,PID2011,A154,EMP1027,C1350,2022-06-19,1,530,530
OID17766,PID2030,A168,EMP1033,C1439,2022-04-09,3,1899,5697
OID17768,PID2041,A151,EMP1039,C1745,2022-01-11,1,1380,1380
OID17771,PID2031,A107,EMP1026,C1555,2022-08-03,2,1638,3276
OID17775,PID2062,A156,EMP1041,C1437,2022-10-26,3,2464,7392
OID17799,PID2037,A153,EMP1020,C1597,2022-06-25,1,880,880
OID17801,PID2071,A142,EMP1037,C1698,2022-08-29,1,136,136
OID17803,PID2097,A148,EMP1037,C1622,2022-11-01,1,1052,1052
OID17805,PID2016,A100,EMP1023,C1274,2022-02-10,3,1351,4053
OID17815,PID2090,A156,EMP1030,C1068,2022-03-04,2,1338,2676
OID17819,PID2020,A108,EMP1023,C1778,2022-12-02,1,2005,2005
OID17822,PID2030,A162,EMP1004,C1197,2022-04-14,1,1899,1899
OID17828,PID2089,A166,EMP1006,C1207,2022-09-02,1,2294,2294
OID17829,PID2100,A151,EMP1040,C1747,2022-04-20,3,799,2397
OID17830,PID2025,A158,EMP1022,C1608,2022-11-07,1,667,667
OID17832,PID2085,A172,EMP1005,C1749,2022-04-13,1,1862,1862
OID17833,PID2088,A117,EMP1003,C1058,2022-12-18,3,603,1809
OID17835,PID2025,A156,EMP1019,C1769,2022-07-23,1,667,667
OID17836,PID2034,A103,EMP1003,C1026,2022-10-10,1,871,871
OID17837,PID2047,A117,EMP1019,C1324,2022-09-27,2,290,580
OID17840,PID2070,A117,EMP1005,C1749,2022-08-23,1,1671,1671
OID17842,PID2040,A131,EMP1005,C1772,2022-05-05,1,1889,1889
OID17845,PID2022,A116,EMP1016,C1626,2022-12-29,4,561,2244
OID17848,PID2064,A168,EMP1035,C1121,2022-06-02,1,1414,1414
OID17850,PID2096,A160,EMP1019,C1655,2022-06-01,1,1587,1587
OID17852,PID2073,A120,EMP1043,C1597,2022-11-09,1,95,95
OID17858,PID2020,A133,EMP1034,C1245,2022-12-11,3,2005,6015
OID17861,PID2017,A134,EMP1025,C1386,2022-04-28,3,35,105
OID17864,PID2077,A129,EMP1001,C1048,2022-02-27,4,530,2120
OID17865,PID2035,A138,EMP1021,C1597,2022-12-04,1,458,458
OID17869,PID2081,A106,EMP1042,C1617,2022-11-24,4,1566,6264
OID17870,PID2036,A169,EMP1039,C1400,2022-06-12,1,1582,1582
OID17871,PID2048,A106,EMP1000,C1352,2022-01-13,1,502,502
OID17879,PID2004,A146,EMP1026,C1313,2022-04-19,1,1278,1278
OID17880,PID2029,A150,EMP1030,C1284,2022-06-12,3,1848,5544
OID17882,PID2064,A160,EMP1008,C1488,2022-12-01,1,1414,1414
OID17886,PID2003,A122,EMP1039,C1109,2022-09-25,3,1783,5349
OID17891,PID2028,A127,EMP1023,C1658,2022-11-15,1,2283,2283
OID17895,PID2020,A156,EMP1030,C1342,2022-03-19,3,2005,6015
OID17899,PID2030,A144,EMP1014,C1202,2022-04-26,3,1899,5697
OID17900,PID2066,A173,EMP1028,C1618,2022-09-14,2,2091,4182
OID17901,PID2005,A163,EMP1000,C1279,2022-04-21,2,684,1368
OID17906,PID2031,A104,EMP1034,C1729,2022-10-03,1,1638,1638
OID17911,PID2011,A173,EMP1000,C1651,2022-02-16,4,530,2120
OID17914,PID2082,A166,EMP1038,C1724,2022-09-12,1,1103,1103
OID17916,PID2100,A152,EMP1034,C1204,2022-04-22,1,799,799
OID17920,PID2086,A104,EMP1022,C1762,2022-11-09,1,123,123
OID17922,PID2049,A120,EMP1009,C1505,2022-04-04,1,826,826
OID17925,PID2065,A128,EMP1015,C1653,2022-09-02,3,2396,7188
OID17945,PID2035,A128,EMP1035,C1507,2022-09-09,3,458,1374
OID17947,PID2084,A161,EMP1012,C1416,2022-03-13,1,1783,1783
OID17948,PID2060,A135,EMP1015,C1067,2022-03-12,1,1467,1467
OID17954,PID2051,A143,EMP1008,C1048,2022-01-01,1,1077,1077
OID17957,PID2076,A107,EMP1012,C1330,2022-06-08,2,1522,3044
OID17958,PID2049,A168,EMP1019,C1088,2022-07-28,3,826,2478
OID17963,PID2073,A135,EMP1023,C1655,2022-08-16,1,95,95
OID17967,PID2053,A172,EMP1030,C1753,2022-01-23,2,596,1192
OID17969,PID2012,A146,EMP1015,C1118,2022-01-21,3,1353,4059
OID17970,PID2005,A116,EMP1041,C1572,2022-10-30,4,684,2736
OID17971,PID2069,A132,EMP1024,C1009,2022-01-09,2,378,756
OID17983,PID2036,A145,EMP1042,C1445,2022-12-18,1,1582,1582
OID17986,PID2016,A158,EMP1031,C1300,2022-12-06,1,1351,1351
OID17989,PID2066,A143,EMP1004,C1670,2022-07-21,1,2091,2091
OID17991,PID2065,A164,EMP1016,C1716,2022-07-19,1,2396,2396
OID17992,PID2020,A110,EMP1039,C1621,2022-02-27,1,2005,2005
OID17993,PID2048,A105,EMP1039,C1235,2022-10-04,2,502,1004
OID17994,PID2072,A157,EMP1014,C1151,2022-06-27,1,1887,1887
OID17995,PID2098,A106,EMP1033,C1276,2022-04-10,1,1178,1178
OID17997,PID2041,A150,EMP1020,C1329,2022-03-21,1,1380,1380
OID17998,PID2032,A163,EMP1029,C1494,2022-05-01,2,1967,3934
OID17999,PID2021,A128,EMP1038,C1777,2022-10-10,1,217,217
OID18002,PID2082,A158,EMP1012,C1512,2022-12-22,4,1103,4412
OID18008,PID2031,A120,EMP1009,C1033,2022-01-12,1,1638,1638
OID18009,PID2025,A157,EMP1040,C1392,2022-10-30,1,667,667
OID18012,PID2090,A150,EMP1043,C1037,2022-10-10,1,1338,1338
OID18020,PID2071,A167,EMP1008,C1619,2022-01-02,1,136,136
OID18021,PID2025,A140,EMP1032,C1798,2022-09-28,1,667,667
OID18024,PID2066,A144,EMP1024,C1132,2022-10-03,2,2091,4182
OID18026,PID2091,A150,EMP1010,C1719,2022-11-04,1,368,368
OID18037,PID2081,A155,EMP1015,C1033,2022-11-13,1,1566,1566
OID18041,PID2082,A110,EMP1038,C1421,2022-11-02,1,1103,1103
OID18042,PID2011,A123,EMP1015,C1594,2022-07-12,1,530,530
OID18045,PID2082,A121,EMP1037,C1264,2022-08-11,1,1103,1103
OID18046,PID2096,A115,EMP1040,C1027,2022-09-16,4,1587,6348
OID18050,PID2048,A170,EMP1024,C1631,2022-09-12,2,502,1004
OID18052,PID2009,A117,EMP1036,C1710,2022-12-21,1,584,584
OID18053,PID2045,A103,EMP1002,C1638,2022-09-19,3,556,1668
OID18056,PID2062,A142,EMP1034,C1000,2022-04-10,2,2464,4928
OID18061,PID2088,A104,EMP1001,C1099,2022-04-06,1,603,603
OID18062,PID2084,A157,EMP1026,C1400,2022-08-21,1,1783,1783
OID18064,PID2083,A146,EMP1023,C1585,2022-01-01,1,2141,2141
OID18065,PID2007,A150,EMP1006,C1589,2022-02-13,1,1405,1405
OID18067,PID2038,A139,EMP1012,C1256,2022-03-31,4,392,1568
OID18068,PID2015,A164,EMP1010,C1099,2022-07-26,1,637,637
OID18069,PID2090,A152,EMP1017,C1102,2022-04-04,2,1338,2676
OID18071,PID2062,A116,EMP1003,C1689,2022-08-27,1,2464,2464
OID18072,PID2010,A107,EMP1001,C1677,2022-03-22,1,1812,1812
OID18075,PID2069,A130,EMP1000,C1734,2022-11-23,2,378,756
OID18078,PID2020,A171,EMP1013,C1783,2022-02-22,2,2005,4010
OID18085,PID2015,A154,EMP1001,C1116,2022-03-15,1,637,637
OID18088,PID2061,A153,EMP1003,C1652,2022-04-25,2,913,1826
OID18089,PID2048,A113,EMP1004,C1662,2022-07-16,2,502,1004
OID18090,PID2010,A116,EMP1006,C1522,2022-05-20,1,1812,1812
OID18096,PID2048,A166,EMP1030,C1773,2022-01-17,1,502,502
OID18105,PID2020,A109,EMP1028,C1677,2022-10-26,1,2005,2005
OID18110,PID2026,A112,EMP1029,C1294,2022-07-25,4,947,3788
OID18113,PID2077,A107,EMP1033,C1568,2022-11-07,2,530,1060
OID18114,PID2068,A116,EMP1042,C1095,2022-04-26,1,1500,1500
OID18119,PID2095,A126,EMP1035,C1113,2022-02-17,3,1743,5229
OID18124,PID2033,A126,EMP1034,C1712,2022-01-27,3,2182,6546
OID18126,PID2003,A149,EMP1040,C1478,2022-03-08,1,1783,1783
OID18128,PID2069,A138,EMP1042,C1774,2022-09-23,1,378,378
OID18131,PID2006,A122,EMP1036,C1568,2022-08-06,2,1826,3652
OID18132,PID2021,A106,EMP1021,C1154,2022-08-11,4,217,868
OID18137,PID2083,A155,EMP1010,C1753,2022-03-24,1,2141,2141
OID18143,PID2042,A112,EMP1013,C1620,2022-04-08,1,203,203
OID18144,PID2002,A113,EMP1034,C1662,2022-03-18,3,847,2541
OID18146,PID2019,A102,EMP1042,C1467,2022-04-22,2,800,1600
OID18148,PID2084,A106,EMP1003,C1608,2022-09-18,2,1783,3566
OID18153,PID2059,A109,EMP1030,C1095,2022-06-02,3,1494,4482
OID18154,PID2060,A129,EMP1000,C1586,2022-12-30,1,1467,1467
OID18155,PID2072,A138,EMP1020,C1531,2022-04-14,3,1887,5661
OID18156,PID2038,A105,EMP1009,C1796,2022-08-30,3,392,1176
OID18157,PID2002,A145,EMP1018,C1259,2022-11-07,3,847,2541
OID18160,PID2000,A166,EMP1038,C1213,2022-08-22,1,2241,2241
OID18162,PID2074,A150,EMP1043,C1610,2022-07-12,1,504,504
OID18164,PID2072,A169,EMP1023,C1344,2022-01-20,1,1887,1887
OID18167,PID2007,A160,EMP1012,C1213,2022-12-15,1,1405,1405
OID18168,PID2087,A166,EMP1031,C1765,2022-11-13,1,1022,1022
OID18172,PID2014,A173,EMP1043,C1148,2022-03-26,2,1809,3618
OID18176,PID2084,A121,EMP1009,C1080,2022-05-02,4,1783,7132
OID18178,PID2001,A153,EMP1008,C1496,2022-07-16,1,951,951
OID18179,PID2051,A128,EMP1006,C1020,2022-03-06,2,1077,2154
OID18180,PID2039,A118,EMP1002,C1265,2022-11-23,1,817,817
OID18195,PID2065,A133,EMP1008,C1725,2022-01-30,4,2396,9584
OID18196,PID2058,A157,EMP1009,C1676,2022-03-29,2,2257,4514
OID18197,PID2093,A162,EMP1012,C1429,2022-09-10,4,112,448
OID18199,PID2059,A143,EMP1000,C1642,2022-11-12,4,1494,5976
OID18201,PID2000,A158,EMP1042,C1027,2022-12-28,2,2241,4482
OID18203,PID2076,A132,EMP1032,C1128,2022-01-03,1,1522,1522
OID18204,PID2079,A119,EMP1043,C1495,2022-08-15,4,1725,6900
OID18205,PID2025,A134,EMP1019,C1082,2022-07-30,3,667,2001
OID18208,PID2006,A126,EMP1026,C1374,2022-07-31,1,1826,1826
OID18210,PID2094,A136,EMP1019,C1009,2022-05-11,1,771,771
OID18214,PID2031,A165,EMP1040,C1423,2022-04-14,3,1638,4914
OID18218,PID2064,A121,EMP1005,C1310,2022-06-04,3,1414,4242
OID18223,PID2058,A102,EMP1012,C1522,2022-09-04,2,2257,4514
OID18226,PID2027,A119,EMP1029,C1393,2022-10-02,4,2497,9988
OID18229,PID2038,A130,EMP1010,C1549,2022-02-10,2,392,784
OID18234,PID2074,A131,EMP1040,C1324,2022-09-13,4,504,2016
OID18239,PID2013,A125,EMP1009,C1321,2022-03-11,2,368,736
OID18241,PID2055,A172,EMP1009,C1099,2022-03-01,1,2495,2495
OID18243,PID2071,A105,EMP1015,C1216,2022-05-09,1,136,136
OID18244,PID2065,A160,EMP1003,C1468,2022-09-19,1,2396,2396
OID18247,PID2040,A131,EMP1005,C1139,2022-12-11,2,1889,3778
OID18249,PID2006,A170,EMP1012,C1471,2022-08-24,2,1826,3652
OID18254,PID2048,A133,EMP1029,C1354,2022-01-01,1,502,502
OID18260,PID2050,A157,EMP1030,C1263,2022-03-21,2,2391,4782
OID18261,PID2083,A102,EMP1012,C1293,2022-06-29,1,2141,2141
OID18262,PID2073,A150,EMP1017,C1422,2022-10-09,4,95,380
OID18263,PID2061,A108,EMP1018,C1329,2022-03-17,4,913,3652
OID18266,PID2094,A102,EMP1009,C1638,2022-04-13,2,771,1542
OID18275,PID2089,A139,EMP1039,C1650,2022-11-04,4,2294,9176
OID18276,PID2041,A135,EMP1006,C1263,2022-07-17,3,1380,4140
OID18278,PID2072,A155,EMP1041,C1726,2022-07-09,1,1887,1887
OID18283,PID2013,A147,EMP1038,C1412,2022-07-10,3,368,1104
OID18285,PID2090,A156,EMP1005,C1503,2022-05-22,3,1338,4014
OID18288,PID2094,A135,EMP1030,C1056,2022-06-16,1,771,771
OID18289,PID2010,A151,EMP1005,C1598,2022-11-27,1,1812,1812
OID18292,PID2062,A155,EMP1023,C1370,2022-03-12,1,2464,2464
OID18294,PID2057,A113,EMP1021,C1495,2022-08-13,4,181,724
OID18295,PID2042,A164,EMP1017,C1638,2022-08-02,1,203,203
OID18298,PID2100,A158,EMP1037,C1054,2022-04-09,3,799,2397
OID18299,PID2094,A120,EMP1015,C1382,2022-02-19,1,771,771
OID18307,PID2100,A166,EMP1025,C1407,2022-03-23,1,799,799
OID18310,PID2082,A134,EMP1015,C1658,2022-05-30,1,1103,1103
OID18315,PID2051,A167,EMP1025,C1757,2022-09-08,1,1077,1077
OID18317,PID2061,A133,EMP1025,C1337,2022-06-19,2,913,1826
OID18321,PID2075,A104,EMP1027,C1266,2022-01-08,2,400,800
OID18322,PID2081,A134,EMP1038,C1791,2022-12-23,1,1566,1566
OID18325,PID2032,A152,EMP1014,C1759,2022-01-05,3,1967,5901
OID18326,PID2025,A108,EMP1002,C1743,2022-01-05,1,667,667
OID18327,PID2098,A170,EMP1004,C1623,2022-01-19,2,1178,2356
OID18330,PID2071,A159,EMP1023,C1799,2022-01-05,2,136,272
OID18331,PID2004,A136,EMP1018,C1201,2022-07-17,1,1278,1278
OID18337,PID2079,A160,EMP1032,C1543,2022-04-19,2,1725,3450
OID18338,PID2023,A141,EMP1012,C1602,2022-05-22,3,818,2454
OID18339,PID2069,A155,EMP1003,C1012,2022-06-20,1,378,378
OID18340,PID2037,A103,EMP1029,C1165,2022-07-03,1,880,880
OID18342,PID2090,A103,EMP1018,C1477,2022-04-11,1,1338,1338
OID18344,PID2045,A102,EMP1004,C1217,2022-07-31,3,556,1668
OID18351,PID2002,A166,EMP1006,C1298,2022-05-22,1,847,847
OID18353,PID2078,A164,EMP1038,C1569,2022-07-06,2,1798,3596
OID18354,PID2084,A173,EMP1027,C1415,2022-03-11,1,1783,1783
OID18356,PID2033,A161,EMP1025,C1532,2022-08-05,1,2182,2182
OID18367,PID2083,A157,EMP1013,C1051,2022-05-05,1,2141,2141
OID18370,PID2035,A168,EMP1015,C1509,2022-04-21,1,458,458
OID18371,PID2062,A163,EMP1002,C1793,2022-07-18,3,2464,7392
OID18372,PID2063,A139,EMP1005,C1322,2022-10-28,3,1708,5124
OID18374,PID2023,A167,EMP1018,C1407,2022-12-18,4,818,3272
OID18377,PID2051,A168,EMP1011,C1268,2022-09-14,2,1077,2154
OID18383,PID2010,A123,EMP1024,C1018,2022-08-13,1,1812,1812
OID18385,PID2059,A125,EMP1010,C1231,2022-08-04,1,1494,1494
OID18387,PID2029,A109,EMP1038,C1661,2022-11-08,2,1848,3696
OID18389,PID2067,A161,EMP1028,C1425,2022-01-03,1,1119,1119
OID18390,PID2024,A141,EMP1039,C1259,2022-11-05,1,356,356
OID18400,PID2051,A169,EMP1026,C1335,2022-11-01,1,1077,1077
OID18401,PID2000,A135,EMP1026,C1548,2022-10-07,1,2241,2241
OID18406,PID2010,A169,EMP1028,C1675,2022-04-22,1,1812,1812
OID18415,PID2049,A101,EMP1032,C1460,2022-02-05,1,826,826
OID18418,PID2035,A140,EMP1015,C1253,2022-11-29,1,458,458
OID18420,PID2023,A126,EMP1043,C1261,2022-03-16,1,818,818
OID18421,PID2067,A116,EMP1035,C1371,2022-12-24,1,1119,1119
OID18422,PID2011,A134,EMP1030,C1780,2022-12-18,1,530,530
OID18423,PID2068,A110,EMP1007,C1690,2022-09-13,2,1500,3000
OID18424,PID2077,A109,EMP1032,C1300,2022-09-26,1,530,530
OID18426,PID2058,A137,EMP1037,C1446,2022-03-08,3,2257,6771
OID18427,PID2071,A101,EMP1014,C1614,2022-06-02,1,136,136
OID18443,PID2083,A159,EMP1024,C1186,2022-10-26,4,2141,8564
OID18446,PID2002,A157,EMP1036,C1061,2022-10-15,3,847,2541
OID18448,PID2015,A161,EMP1003,C1025,2022-02-28,1,637,637
OID18452,PID2006,A119,EMP1000,C1225,2022-09-16,4,1826,7304
OID18456,PID2069,A133,EMP1033,C1693,2022-03-03,1,378,378
OID18457,PID2042,A121,EMP1038,C1561,2022-08-03,1,203,203
OID18464,PID2095,A171,EMP1025,C1463,2022-02-18,3,1743,5229
OID18465,PID2081,A110,EMP1021,C1743,2022-11-27,2,1566,3132
OID18469,PID2011,A156,EMP1024,C1695,2022-04-30,1,530,530
OID18472,PID2040,A115,EMP1012,C1173,2022-06-04,3,1889,5667
OID18485,PID2088,A107,EMP1028,C1113,2022-06-17,1,603,603
OID18487,PID2039,A158,EMP1002,C1075,2022-03-08,3,817,2451
OID18491,PID2100,A102,EMP1005,C1134,2022-11-27,1,799,799
OID18498,PID2052,A160,EMP1021,C1326,2022-11-26,3,1526,4578
OID18501,PID2089,A105,EMP1044,C1638,2022-10-31,1,2294,2294
OID18503,PID2080,A143,EMP1021,C1475,2022-04-04,1,2353,2353
OID18509,PID2038,A115,EMP1023,C1611,2022-08-24,2,392,784
OID18513,PID2081,A171,EMP1016,C1576,2022-03-10,2,1566,3132
OID18514,PID2000,A133,EMP1011,C1459,2022-11-01,4,2241,8964
OID18516,PID2070,A100,EMP1042,C1479,2022-07-22,1,1671,1671
OID18521,PID2071,A102,EMP1038,C1152,2022-05-18,1,136,136
OID18523,PID2066,A106,EMP1006,C1283,2022-08-16,1,2091,2091
OID18524,PID2027,A157,EMP1030,C1685,2022-02-05,1,2497,2497
OID18528,PID2010,A168,EMP1021,C1195,2022-04-17,1,1812,1812
OID18532,PID2094,A157,EMP1042,C1170,2022-07-25,1,771,771
OID18535,PID2000,A167,EMP1022,C1106,2022-01-01,1,2241,2241
OID18538,PID2072,A126,EMP1040,C1033,2022-02-11,3,1887,5661
OID18544,PID2022,A104,EMP1044,C1389,2022-08-26,1,561,561
OID18547,PID2066,A110,EMP1015,C1593,2022-07-04,1,2091,2091
OID18548,PID2054,A101,EMP1039,C1018,2022-02-03,4,127,508
OID18549,PID2004,A163,EMP1039,C1756,2022-10-16,1,1278,1278
OID18550,PID2001,A168,EMP1044,C1656,2022-02-23,2,951,1902
OID18553,PID2021,A111,EMP1023,C1635,2022-12-18,1,217,217
OID18555,PID2021,A141,EMP1034,C1324,2022-08-15,3,217,651
OID18556,PID2061,A153,EMP1005,C1607,2022-06-20,1,913,913
OID18558,PID2088,A116,EMP1029,C1796,2022-01-15,1,603,603
OID18565,PID2094,A134,EMP1032,C1212,2022-04-08,1,771,771
OID18566,PID2039,A128,EMP1030,C1541,2022-06-30,3,817,2451
OID18567,PID2062,A130,EMP1040,C1352,2022-11-09,3,2464,7392
OID18568,PID2061,A109,EMP1017,C1479,2022-12-25,4,913,3652
OID18570,PID2035,A153,EMP1019,C1656,2022-04-29,1,458,458
OID18573,PID2035,A122,EMP1004,C1186,2022-09-17,1,458,458
OID18576,PID2022,A139,EMP1031,C1004,2022-08-02,3,561,1683
OID18577,PID2070,A148,EMP1015,C1555,2022-09-21,3,1671,5013
OID18586,PID2063,A117,EMP1019,C1743,2022-04-03,3,1708,5124
OID18588,PID2056,A130,EMP1044,C1277,2022-11-09,1,1635,1635
OID18589,PID2063,A129,EMP1024,C1303,2022-07-06,4,1708,6832
OID18591,PID2005,A163,EMP1037,C1125,2022-07-04,1,684,684
OID18593,PID2015,A172,EMP1013,C1095,2022-03-16,3,637,1911
OID18594,PID2096,A142,EMP1015,C1607,2022-02-27,2,1587,3174
OID18598,PID2040,A118,EMP1002,C1354,2022-07-13,2,1889,3778
OID18599,PID2082,A132,EMP1038,C1536,2022-04-14,1,1103,1103
OID18601,PID2098,A163,EMP1021,C1104,2022-08-03,1,1178,1178
OID18603,PID2023,A159,EMP1013,C1457,2022-06-21,1,818,818
OID18604,PID2025,A117,EMP1013,C1450,2022-08-12,1,667,667
OID18617,PID2099,A101,EMP1007,C1596,2022-08-04,1,1367,1367
OID18619,PID2060,A171,EMP1024,C1583,2022-04-25,1,1467,1467
OID18626,PID2023,A104,EMP1041,C1685,2022-11-26,1,818,818
OID18627,PID2050,A153,EMP1036,C1278,2022-04-21,1,2391,2391
OID18629,PID2001,A167,EMP1041,C1738,2022-09-29,1,951,951
OID18635,PID2038,A151,EMP1005,C1426,2022-01-07,4,392,1568
OID18637,PID2076,A123,EMP1025,C1238,2022-01-11,1,1522,1522
OID18639,PID2064,A114,EMP1000,C1621,2022-01-14,1,1414,1414
OID18640,PID2037,A138,EMP1041,C1625,2022-09-04,1,880,880
OID18641,PID2009,A166,EMP1012,C1673,2022-09-28,1,584,584
OID18642,PID2005,A125,EMP1039,C1297,2022-06-06,1,684,684
OID18651,PID2076,A137,EMP1044,C1251,2022-12-15,3,1522,4566
OID18654,PID2005,A102,EMP1000,C1426,2022-07-14,1,684,684
OID18656,PID2058,A139,EMP1000,C1070,2022-03-09,3,2257,6771
OID18657,PID2019,A170,EMP1033,C1454,2022-11-14,1,800,800
OID18659,PID2012,A109,EMP1026,C1044,2022-06-14,1,1353,1353
OID18660,PID2089,A152,EMP1029,C1422,2022-10-04,3,2294,6882
OID18661,PID2084,A164,EMP1042,C1069,2022-04-15,1,1783,1783
OID18662,PID2022,A161,EMP1027,C1343,2022-02-24,4,561,2244
OID18668,PID2082,A117,EMP1016,C1738,2022-07-13,3,1103,3309
OID18673,PID2025,A147,EMP1011,C1396,2022-12-24,1,667,667
OID18675,PID2073,A100,EMP1005,C1580,2022-04-24,2,95,190
OID18677,PID2030,A138,EMP1025,C1745,2022-12-27,1,1899,1899
OID18680,PID2074,A155,EMP1036,C1298,2022-11-03,2,504,1008
OID18682,PID2000,A129,EMP1017,C1151,2022-02-03,4,2241,8964
OID18683,PID2043,A105,EMP1031,C1312,2022-09-28,1,545,545
OID18684,PID2043,A125,EMP1015,C1424,2022-01-15,2,545,1090
OID18685,PID2034,A101,EMP1017,C1454,2022-06-28,1,871,871
OID18686,PID2083,A118,EMP1008,C1013,2022-11-30,3,2141,6423
OID18687,PID2089,A156,EMP1009,C1137,2022-11-24,3,2294,6882
OID18689,PID2073,A153,EMP1000,C1141,2022-02-04,1,95,95
OID18692,PID2014,A124,EMP1004,C1746,2022-10-23,3,1809,5427
OID18695,PID2039,A139,EMP1029,C1376,2022-09-22,4,817,3268
OID18697,PID2007,A149,EMP1036,C1094,2022-07-17,2,1405,2810
OID18699,PID2038,A170,EMP1030,C1478,2022-02-01,2,392,784
OID18703,PID2013,A145,EMP1015,C1676,2022-05-02,2,368,736
OID18704,PID2093,A152,EMP1033,C1599,2022-09-09,3,112,336
OID18705,PID2026,A105,EMP1019,C1329,2022-12-30,3,947,2841
OID18707,PID2069,A149,EMP1015,C1379,2022-11-08,1,378,378
OID18708,PID2038,A156,EMP1029,C1037,2022-08-28,2,392,784
OID18709,PID2081,A100,EMP1009,C1167,2022-04-19,1,1566,1566
OID18711,PID2060,A173,EMP1015,C1734,2022-07-04,1,1467,1467
OID18718,PID2075,A108,EMP1030,C1233,2022-04-20,3,400,1200
OID18724,PID2028,A154,EMP1031,C1422,2022-02-24,1,2283,2283
OID18726,PID2032,A136,EMP1007,C1179,2022-10-17,1,1967,1967
OID18733,PID2017,A170,EMP1004,C1296,2022-07-24,1,35,35
OID18735,PID2009,A115,EMP1042,C1798,2022-03-01,3,584,1752
OID18740,PID2009,A116,EMP1010,C1201,2022-10-20,3,584,1752
OID18743,PID2004,A132,EMP1033,C1692,2022-11-02,4,1278,5112
OID18745,PID2091,A111,EMP1006,C1008,2022-11-05,2,368,736
OID18748,PID2065,A157,EMP1024,C1520,2022-04-16,1,2396,2396
OID18754,PID2050,A130,EMP1030,C1784,2022-04-20,4,2391,9564
OID18760,PID2075,A106,EMP1027,C1486,2022-08-24,1,400,400
OID18764,PID2041,A144,EMP1008,C1397,2022-12-21,1,1380,1380
OID18770,PID2091,A107,EMP1002,C1075,2022-03-05,1,368,368
OID18772,PID2072,A104,EMP1001,C1157,2022-05-16,1,1887,1887
OID18773,PID2047,A159,EMP1020,C1037,2022-11-15,1,290,290
OID18774,PID2096,A108,EMP1000,C1515,2022-02-06,1,1587,1587
OID18775,PID2043,A138,EMP1003,C1477,2022-10-26,1,545,545
OID18777,PID2008,A134,EMP1022,C1752,2022-08-07,4,315,1260
OID18784,PID2096,A158,EMP1007,C1762,2022-07-08,4,1587,6348
OID18786,PID2077,A110,EMP1038,C1280,2022-06-24,1,530,530
OID18788,PID2029,A124,EMP1025,C1339,2022-01-26,1,1848,1848
OID18789,PID2044,A127,EMP1024,C1373,2022-04-23,2,886,1772
OID18790,PID2095,A105,EMP1041,C1063,2022-03-16,1,1743,1743
OID18802,PID2054,A100,EMP1014,C1674,2022-05-16,1,127,127
OID18807,PID2091,A116,EMP1020,C1214,2022-12-04,2,368,736
OID18810,PID2087,A138,EMP1041,C1264,2022-02-02,1,1022,1022
OID18811,PID2037,A105,EMP1003,C1578,2022-10-12,2,880,1760
OID18814,PID2026,A119,EMP1043,C1523,2022-12-31,3,947,2841
OID18819,PID2044,A168,EMP1011,C1134,2022-05-01,2,886,1772
OID18820,PID2022,A169,EMP1039,C1629,2022-11-03,2,561,1122
OID18821,PID2096,A151,EMP1036,C1418,2022-11-14,3,1587,4761
OID18824,PID2022,A115,EMP1036,C1212,2022-03-08,1,561,561
OID18830,PID2087,A124,EMP1018,C1338,2022-08-14,1,1022,1022
OID18832,PID2028,A117,EMP1007,C1208,2022-06-23,1,2283,2283
OID18838,PID2021,A115,EMP1041,C1015,2022-01-08,3,217,651
OID18840,PID2019,A136,EMP1005,C1750,2022-08-25,1,800,800
OID18841,PID2074,A158,EMP1002,C1059,2022-03-02,4,504,2016
OID18844,PID2007,A114,EMP1019,C1360,2022-09-28,1,1405,1405
OID18849,PID2079,A171,EMP1006,C1260,2022-11-28,3,1725,5175
OID18850,PID2090,A130,EMP1027,C1374,2022-07-16,1,1338,1338
OID18851,PID2073,A127,EMP1004,C1719,2022-02-13,3,95,285
OID18853,PID2073,A124,EMP1021,C1701,2022-03-08,1,95,95
OID18855,PID2072,A141,EMP1016,C1427,2022-09-29,3,1887,5661
OID18861,PID2043,A169,EMP1003,C1705,2022-02-26,1,545,545
OID18863,PID2069,A115,EMP1042,C1286,2022-04-20,1,378,378
OID18870,PID2012,A152,EMP1006,C1052,2022-11-28,4,1353,5412
OID18871,PID2074,A117,EMP1003,C1042,2022-05-18,2,504,1008
OID18872,PID2030,A107,EMP1042,C1324,2022-02-18,2,1899,3798
OID18879,PID2094,A163,EMP1019,C1253,2022-06-30,3,771,2313
OID18880,PID2082,A119,EMP1016,C1779,2022-02-27,2,1103,2206
OID18885,PID2067,A147,EMP1017,C1346,2022-12-24,1,1119,1119
OID18889,PID2074,A103,EMP1004,C1790,2022-09-01,1,504,504
OID18898,PID2056,A135,EMP1035,C1595,2022-01-29,4,1635,6540
OID18900,PID2003,A146,EMP1001,C1795,2022-11-04,4,1783,7132
OID18903,PID2041,A173,EMP1028,C1384,2022-09-02,1,1380,1380
OID18914,PID2003,A127,EMP1002,C1504,2022-10-28,3,1783,5349
OID18924,PID2052,A158,EMP1041,C1503,2022-06-11,1,1526,1526
OID18927,PID2072,A121,EMP1026,C1304,2022-03-21,4,1887,7548
OID18930,PID2021,A109,EMP1033,C1428,2022-07-02,1,217,217
OID18931,PID2016,A159,EMP1010,C1687,2022-01-22,1,1351,1351
OID18939,PID2003,A123,EMP1042,C1322,2022-09-25,3,1783,5349
OID18942,PID2019,A145,EMP1043,C1723,2022-04-18,3,800,2400
OID18943,PID2005,A172,EMP1006,C1223,2022-07-16,2,684,1368
OID18944,PID2026,A148,EMP1035,C1010,2022-03-05,4,947,3788
OID18947,PID2067,A170,EMP1007,C1412,2022-05-04,2,1119,2238
OID18952,PID2081,A156,EMP1019,C1452,2022-04-01,1,1566,1566
OID18953,PID2000,A112,EMP1036,C1515,2022-09-30,2,2241,4482
OID18962,PID2082,A120,EMP1027,C1032,2022-02-01,1,1103,1103
OID18964,PID2052,A114,EMP1005,C1112,2022-02-01,2,1526,3052
OID18965,PID2001,A126,EMP1019,C1054,2022-12-04,1,951,951
OID18969,PID2056,A125,EMP1000,C1665,2022-09-05,1,1635,1635
OID18970,PID2096,A140,EMP1039,C1163,2022-01-27,1,1587,1587
OID18971,PID2086,A143,EMP1018,C1339,2022-06-23,1,123,123
OID18981,PID2053,A166,EMP1039,C1309,2022-05-29,1,596,596
OID18985,PID2023,A113,EMP1001,C1645,2022-08-26,3,818,2454
OID18986,PID2049,A171,EMP1023,C1091,2022-06-29,1,826,826
OID18993,PID2053,A101,EMP1017,C1381,2022-04-02,1,596,596
OID18999,PID2034,A113,EMP1003,C1621,2022-05-28,1,871,871
OID19007,PID2030,A136,EMP1041,C1625,2022-06-03,3,1899,5697
OID19008,PID2032,A131,EMP1044,C1347,2022-09-06,4,1967,7868
OID19009,PID2040,A104,EMP1037,C1706,2022-04-01,2,1889,3778
OID19010,PID2069,A146,EMP1003,C1202,2022-04-23,4,378,1512
OID19014,PID2003,A131,EMP1027,C1220,2022-10-27,2,1783,3566
OID19018,PID2030,A100,EMP1005,C1149,2022-06-01,3,1899,5697
OID19019,PID2029,A126,EMP1019,C1333,2022-09-06,4,1848,7392
OID19020,PID2062,A171,EMP1016,C1311,2022-07-01,1,2464,2464
OID19026,PID2001,A141,EMP1002,C1255,2022-02-18,3,951,2853
OID19027,PID2082,A140,EMP1000,C1410,2022-12-30,1,1103,1103
OID19030,PID2076,A117,EMP1022,C1104,2022-04-20,2,1522,3044
OID19033,PID2023,A144,EMP1040,C1763,2022-02-11,3,818,2454
OID19036,PID2096,A141,EMP1032,C1783,2022-05-12,2,1587,3174
OID19041,PID2034,A114,EMP1021,C1761,2022-04-08,1,871,871
OID19046,PID2074,A129,EMP1004,C1076,2022-08-04,1,504,504
OID19047,PID2012,A110,EMP1014,C1344,2022-05-19,1,1353,1353
OID19049,PID2090,A169,EMP1012,C1665,2022-04-15,1,1338,1338
OID19054,PID2043,A167,EMP1012,C1633,2022-08-22,1,545,545
OID19055,PID2048,A114,EMP1017,C1285,2022-07-07,1,502,502
OID19056,PID2053,A121,EMP1016,C1444,2022-03-26,3,596,1788
OID19061,PID2035,A125,EMP1020,C1729,2022-11-25,1,458,458
OID19062,PID2027,A168,EMP1017,C1063,2022-04-13,2,2497,4994
OID19066,PID2085,A144,EMP1024,C1213,2022-02-28,1,1862,1862
OID19067,PID2042,A136,EMP1013,C1344,2022-08-10,3,203,609
OID19068,PID2088,A130,EMP1022,C1470,2022-03-24,4,603,2412
OID19069,PID2070,A139,EMP1007,C1685,2022-07-22,2,1671,3342
OID19071,PID2094,A136,EMP1001,C1057,2022-11-23,2,771,1542
OID19073,PID2029,A137,EMP1021,C1763,2022-08-01,1,1848,1848
OID19074,PID2020,A171,EMP1004,C1295,2022-09-09,4,2005,8020
OID19077,PID2049,A115,EMP1019,C1636,2022-01-04,1,826,826
OID19090,PID2042,A107,EMP1018,C1663,2022-12-20,4,203,812
OID19092,PID2041,A160,EMP1035,C1148,2022-05-12,4,1380,5520
OID19095,PID2091,A171,EMP1001,C1298,2022-10-15,3,368,1104
OID19099,PID2049,A112,EMP1042,C1481,2022-07-07,1,826,826
OID19108,PID2030,A142,EMP1028,C1070,2022-11-20,3,1899,5697
OID19109,PID2096,A167,EMP1029,C1120,2022-04-09,3,1587,4761
OID19111,PID2025,A137,EMP1023,C1430,2022-02-15,1,667,667
OID19113,PID2054,A147,EMP1041,C1397,2022-10-28,3,127,381
OID19114,PID2024,A112,EMP1044,C1764,2022-06-22,1,356,356
OID19117,PID2071,A149,EMP1001,C1431,2022-11-17,3,136,408
OID19120,PID2035,A167,EMP1029,C1693,2022-01-05,1,458,458
OID19123,PID2061,A154,EMP1002,C1684,2022-05-10,3,913,2739
OID19125,PID2050,A154,EMP1027,C1078,2022-08-07,1,2391,2391
OID19126,PID2034,A167,EMP1008,C1128,2022-06-30,4,871,3484
OID19127,PID2086,A123,EMP1033,C1027,2022-11-30,3,123,369
OID19128,PID2067,A155,EMP1030,C1532,2022-08-25,4,1119,4476
OID19129,PID2083,A111,EMP1034,C1566,2022-07-20,1,2141,2141
OID19130,PID2049,A153,EMP1035,C1576,2022-04-27,4,826,3304
OID19131,PID2026,A166,EMP1000,C1360,2022-02-20,1,947,947
OID19136,PID2021,A172,EMP1033,C1331,2022-02-20,1,217,217
OID19137,PID2090,A143,EMP1011,C1309,2022-12-18,1,1338,1338
OID19138,PID2061,A169,EMP1032,C1323,2022-12-03,1,913,913
OID19139,PID2041,A107,EMP1020,C1587,2022-05-04,2,1380,2760
OID19148,PID2085,A173,EMP1009,C1116,2022-04-04,4,1862,7448
OID19149,PID2081,A143,EMP1031,C1182,2022-09-09,1,1566,1566
OID19150,PID2026,A141,EMP1023,C1418,2022-09-26,1,947,947
OID19151,PID2010,A106,EMP1017,C1162,2022-02-24,4,1812,7248
OID19153,PID2092,A112,EMP1007,C1195,2022-06-05,1,1639,1639
OID19154,PID2027,A111,EMP1039,C1656,2022-05-03,1,2497,2497
OID19157,PID2068,A131,EMP1020,C1479,2022-09-20,3,1500,4500
OID19159,PID2061,A121,EMP1011,C1284,2022-04-25,1,913,913
OID19162,PID2036,A113,EMP1027,C1010,2022-04-06,1,1582,1582
OID19164,PID2046,A153,EMP1019,C1521,2022-04-17,1,2410,2410
OID19166,PID2051,A164,EMP1024,C1316,2022-09-12,2,1077,2154
OID19167,PID2021,A157,EMP1028,C1080,2022-10-14,2,217,434
OID19169,PID2035,A113,EMP1037,C1502,2022-06-20,2,458,916
OID19171,PID2064,A156,EMP1027,C1532,2022-01-11,2,1414,2828
OID19174,PID2081,A128,EMP1043,C1368,2022-12-01,4,1566,6264
OID19178,PID2044,A100,EMP1025,C1190,2022-03-11,1,886,886
OID19181,PID2006,A169,EMP1006,C1302,2022-07-02,1,1826,1826
OID19187,PID2098,A142,EMP1033,C1706,2022-12-24,1,1178,1178
OID19188,PID2072,A127,EMP1014,C1788,2022-07-29,2,1887,3774
OID19193,PID2002,A144,EMP1034,C1797,2022-11-29,1,847,847
OID19194,PID2099,A144,EMP1027,C1048,2022-03-28,3,1367,4101
OID19195,PID2053,A102,EMP1004,C1645,2022-05-25,3,596,1788
OID19196,PID2002,A124,EMP1001,C1150,2022-10-14,1,847,847
OID19199,PID2035,A144,EMP1008,C1020,2022-08-09,1,458,458
OID19200,PID2057,A106,EMP1035,C1379,2022-08-05,1,181,181
OID19207,PID2006,A123,EMP1035,C1354,2022-07-03,1,1826,1826
OID19209,PID2071,A108,EMP1025,C1347,2022-03-31,3,136,408
OID19211,PID2015,A119,EMP1028,C1400,2022-08-23,1,637,637
OID19213,PID2041,A118,EMP1012,C1716,2022-01-13,3,1380,4140
OID19214,PID2034,A100,EMP1018,C1431,2022-02-18,2,871,1742
OID19215,PID2017,A155,EMP1035,C1073,2022-08-28,1,35,35
OID19216,PID2020,A128,EMP1037,C1330,2022-12-11,2,2005,4010
OID19219,PID2028,A154,EMP1002,C1483,2022-04-22,1,2283,2283
OID19221,PID2075,A120,EMP1008,C1755,2022-02-03,1,400,400
OID19228,PID2084,A137,EMP1030,C1026,2022-02-28,3,1783,5349
OID19229,PID2067,A154,EMP1036,C1335,2022-08-22,1,1119,1119
OID19232,PID2007,A151,EMP1044,C1304,2022-03-16,4,1405,5620
OID19238,PID2013,A109,EMP1010,C1586,2022-09-27,4,368,1472
OID19239,PID2052,A120,EMP1031,C1774,2022-11-29,2,1526,3052
OID19243,PID2055,A112,EMP1029,C1612,2022-07-08,1,2495,2495
OID19250,PID2018,A117,EMP1029,C1505,2022-07-18,1,1972,1972
OID19256,PID2075,A118,EMP1025,C1709,2022-03-29,1,400,400
OID19257,PID2052,A166,EMP1023,C1191,2022-02-06,4,1526,6104
OID19258,PID2059,A155,EMP1009,C1431,2022-08-31,1,1494,1494
OID19266,PID2007,A126,EMP1030,C1184,2022-12-06,2,1405,2810
OID19268,PID2030,A119,EMP1012,C1340,2022-12-20,1,1899,1899
OID19270,PID2086,A119,EMP1019,C1600,2022-11-22,1,123,123
OID19271,PID2083,A126,EMP1020,C1558,2022-09-26,4,2141,8564
OID19277,PID2095,A154,EMP1011,C1526,2022-02-18,1,1743,1743
OID19278,PID2061,A129,EMP1008,C1217,2022-04-09,1,913,913
OID19280,PID2072,A125,EMP1012,C1290,2022-12-29,3,1887,5661
OID19282,PID2032,A116,EMP1011,C1197,2022-09-11,3,1967,5901
OID19283,PID2040,A120,EMP1041,C1597,2022-11-07,1,1889,1889
OID19287,PID2082,A101,EMP1013,C1275,2022-02-09,1,1103,1103
OID19295,PID2009,A106,EMP1004,C1590,2022-03-12,1,584,584
OID19296,PID2041,A128,EMP1014,C1483,2022-03-01,1,1380,1380
OID19299,PID2013,A155,EMP1004,C1199,2022-08-28,1,368,368
OID19300,PID2048,A118,EMP1012,C1666,2022-07-15,1,502,502
OID19303,PID2014,A137,EMP1009,C1631,2022-06-14,3,1809,5427
OID19305,PID2088,A125,EMP1042,C1677,2022-04-11,2,603,1206
OID19309,PID2097,A134,EMP1039,C1572,2022-02-19,1,1052,1052
OID19310,PID2039,A114,EMP1021,C1388,2022-02-07,2,817,1634
OID19318,PID2007,A115,EMP1011,C1110,2022-11-23,1,1405,1405
OID19323,PID2036,A114,EMP1017,C1423,2022-02-09,2,1582,3164
OID19328,PID2030,A112,EMP1023,C1787,2022-09-14,1,1899,1899
OID19329,PID2042,A160,EMP1042,C1276,2022-11-27,2,203,406
OID19333,PID2054,A112,EMP1025,C1066,2022-09-14,1,127,127
OID19335,PID2063,A170,EMP1004,C1319,2022-07-11,4,1708,6832
OID19337,PID2072,A137,EMP1010,C1343,2022-02-10,1,1887,1887
OID19338,PID2098,A129,EMP1043,C1307,2022-02-04,1,1178,1178
OID19346,PID2002,A109,EMP1029,C1145,2022-03-07,3,847,2541
OID19356,PID2008,A128,EMP1012,C1113,2022-06-18,1,315,315
OID19358,PID2000,A170,EMP1024,C1348,2022-05-01,1,2241,2241
OID19359,PID2042,A149,EMP1027,C1442,2022-03-23,1,203,203
OID19362,PID2037,A170,EMP1033,C1798,2022-02-14,2,880,1760
OID19366,PID2062,A151,EMP1029,C1564,2022-06-13,1,2464,2464
OID19368,PID2060,A166,EMP1044,C1706,2022-12-27,3,1467,4401
OID19371,PID2023,A110,EMP1009,C1558,2022-06-06,1,818,818
OID19372,PID2011,A142,EMP1022,C1436,2022-04-24,1,530,530
OID19374,PID2065,A163,EMP1011,C1008,2022-07-05,1,2396,2396
OID19381,PID2030,A129,EMP1036,C1487,2022-05-11,4,1899,7596
OID19383,PID2061,A161,EMP1001,C1125,2022-05-13,1,913,913
OID19385,PID2040,A124,EMP1009,C1469,2022-12-23,4,1889,7556
OID19386,PID2010,A143,EMP1035,C1728,2022-01-11,1,1812,1812
OID19394,PID2010,A116,EMP1041,C1586,2022-05-05,1,1812,1812
OID19395,PID2046,A137,EMP1017,C1610,2022-08-14,2,2410,4820
OID19396,PID2095,A138,EMP1044,C1719,2022-01-15,1,1743,1743
OID19397,PID2051,A124,EMP1040,C1401,2022-01-31,1,1077,1077
OID19399,PID2073,A106,EMP1043,C1637,2022-08-16,1,95,95
OID19401,PID2001,A167,EMP1001,C1561,2022-10-27,2,951,1902
OID19407,PID2005,A155,EMP1012,C1702,2022-11-03,3,684,2052
OID19408,PID2072,A142,EMP1033,C1470,2022-02-08,1,1887,1887
OID19423,PID2001,A100,EMP1014,C1027,2022-06-19,2,951,1902
OID19429,PID2090,A162,EMP1005,C1137,2022-12-18,1,1338,1338
OID19434,PID2015,A130,EMP1032,C1498,2022-10-08,2,637,1274
OID19436,PID2092,A103,EMP1002,C1421,2022-03-21,1,1639,1639
OID19438,PID2073,A113,EMP1024,C1702,2022-07-13,1,95,95
OID19443,PID2019,A103,EMP1028,C1638,2022-01-25,2,800,1600
OID19446,PID2053,A124,EMP1016,C1320,2022-12-16,1,596,596
OID19447,PID2049,A120,EMP1006,C1517,2022-11-27,3,826,2478
OID19450,PID2053,A112,EMP1011,C1241,2022-06-23,1,596,596
OID19459,PID2005,A108,EMP1035,C1502,2022-04-22,2,684,1368
OID19466,PID2028,A149,EMP1024,C1091,2022-10-12,1,2283,2283
OID19469,PID2071,A145,EMP1039,C1009,2022-06-12,3,136,408
OID19470,PID2001,A169,EMP1008,C1213,2022-08-20,3,951,2853
OID19472,PID2071,A151,EMP1010,C1290,2022-09-02,2,136,272
OID19475,PID2016,A140,EMP1022,C1003,2022-04-17,3,1351,4053
OID19476,PID2029,A130,EMP1024,C1250,2022-05-28,2,1848,3696
OID19477,PID2100,A153,EMP1020,C1668,2022-10-24,2,799,1598
OID19478,PID2059,A135,EMP1023,C1697,2022-03-06,1,1494,1494
OID19479,PID2091,A165,EMP1007,C1115,2022-11-22,1,368,368
OID19480,PID2009,A139,EMP1006,C1491,2022-08-12,1,584,584
OID19481,PID2076,A115,EMP1009,C1019,2022-12-15,3,1522,4566
OID19483,PID2072,A157,EMP1014,C1175,2022-02-22,3,1887,5661
OID19485,PID2031,A145,EMP1008,C1029,2022-01-08,1,1638,1638
OID19488,PID2027,A117,EMP1012,C1643,2022-09-12,3,2497,7491
OID19489,PID2040,A130,EMP1042,C1652,2022-11-25,1,1889,1889
OID19493,PID2000,A149,EMP1011,C1774,2022-09-05,1,2241,2241
OID19502,PID2086,A142,EMP1025,C1267,2022-12-03,1,123,123
OID19504,PID2006,A142,EMP1007,C1721,2022-05-28,4,1826,7304
OID19506,PID2042,A167,EMP1018,C1740,2022-07-08,3,203,609
OID19508,PID2069,A128,EMP1042,C1713,2022-09-25,1,378,378
OID19510,PID2089,A104,EMP1026,C1772,2022-03-05,1,2294,2294
OID19513,PID2047,A120,EMP1037,C1601,2022-03-04,1,290,290
OID19528,PID2100,A160,EMP1001,C1513,2022-03-28,1,799,799
OID19545,PID2082,A115,EMP1044,C1623,2022-01-14,1,1103,1103
OID19546,PID2043,A112,EMP1041,C1580,2022-06-14,1,545,545
OID19547,PID2070,A150,EMP1012,C1618,2022-12-14,3,1671,5013
OID19565,PID2052,A143,EMP1016,C1019,2022-12-10,3,1526,4578
OID19568,PID2014,A150,EMP1001,C1748,2022-10-04,3,1809,5427
OID19572,PID2051,A160,EMP1029,C1437,2022-07-08,1,1077,1077
OID19576,PID2014,A128,EMP1012,C1632,2022-10-20,1,1809,1809
OID19578,PID2094,A166,EMP1038,C1598,2022-08-20,4,771,3084
OID19580,PID2046,A149,EMP1007,C1583,2022-12-05,3,2410,7230
OID19582,PID2016,A126,EMP1026,C1281,2022-01-07,3,1351,4053
OID19584,PID2098,A164,EMP1018,C1449,2022-09-21,1,1178,1178
OID19587,PID2002,A163,EMP1008,C1670,2022-04-12,3,847,2541
OID19593,PID2007,A155,EMP1006,C1494,2022-01-21,3,1405,4215
OID19602,PID2084,A169,EMP1005,C1190,2022-01-02,1,1783,1783
OID19604,PID2000,A143,EMP1002,C1549,2022-02-28,1,2241,2241
OID19608,PID2099,A109,EMP1040,C1185,2022-03-07,1,1367,1367
OID19609,PID2003,A125,EMP1016,C1290,2022-08-01,1,1783,1783
OID19612,PID2058,A114,EMP1031,C1585,2022-04-20,3,2257,6771
OID19613,PID2014,A116,EMP1000,C1631,2022-11-09,1,1809,1809
OID19615,PID2083,A100,EMP1006,C1774,2022-12-23,1,2141,2141
OID19616,PID2071,A111,EMP1017,C1036,2022-02-04,1,136,136
OID19622,PID2094,A170,EMP1005,C1292,2022-02-20,2,771,1542
OID19627,PID2001,A128,EMP1042,C1683,2022-10-05,1,951,951
OID19635,PID2023,A132,EMP1023,C1103,2022-08-15,1,818,818
OID19638,PID2013,A138,EMP1027,C1167,2022-10-02,3,368,1104
OID19641,PID2073,A167,EMP1018,C1585,2022-09-12,1,95,95
OID19650,PID2080,A140,EMP1014,C1612,2022-05-17,3,2353,7059
OID19652,PID2009,A124,EMP1023,C1074,2022-01-21,2,584,1168
OID19656,PID2019,A154,EMP1017,C1589,2022-04-02,1,800,800
OID19659,PID2060,A148,EMP1031,C1408,2022-02-22,2,1467,2934
OID19660,PID2057,A156,EMP1040,C1193,2022-04-04,1,181,181
OID19664,PID2066,A166,EMP1037,C1276,2022-05-20,3,2091,6273
OID19665,PID2079,A142,EMP1005,C1567,2022-04-20,1,1725,1725
OID19673,PID2069,A100,EMP1027,C1020,2022-05-01,4,378,1512
OID19675,PID2058,A173,EMP1041,C1411,2022-08-15,1,2257,2257
OID19678,PID2078,A163,EMP1039,C1055,2022-04-19,1,1798,1798
OID19679,PID2096,A157,EMP1006,C1486,2022-07-28,1,1587,1587
OID19681,PID2058,A126,EMP1000,C1601,2022-04-03,1,2257,2257
OID19682,PID2071,A157,EMP1043,C1004,2022-10-28,1,136,136
OID19684,PID2093,A142,EMP1033,C1800,2022-08-28,1,112,112
OID19687,PID2063,A148,EMP1026,C1774,2022-01-14,1,1708,1708
OID19688,PID2015,A109,EMP1044,C1626,2022-04-15,1,637,637
OID19690,PID2058,A128,EMP1025,C1167,2022-06-14,1,2257,2257
OID19692,PID2061,A123,EMP1026,C1574,2022-01-31,1,913,913
OID19697,PID2058,A146,EMP1009,C1196,2022-12-10,1,2257,2257
OID19699,PID2080,A127,EMP1041,C1482,2022-04-30,4,2353,9412
OID19702,PID2051,A113,EMP1041,C1312,2022-08-08,2,1077,2154
OID19704,PID2042,A163,EMP1044,C1113,2022-08-08,1,203,203
OID19705,PID2031,A101,EMP1014,C1523,2022-09-15,3,1638,4914
OID19709,PID2038,A120,EMP1039,C1200,2022-11-27,2,392,784
OID19710,PID2001,A128,EMP1001,C1225,2022-08-10,1,951,951
OID19712,PID2090,A168,EMP1025,C1503,2022-08-18,2,1338,2676
OID19714,PID2043,A152,EMP1016,C1256,2022-01-04,1,545,545
OID19716,PID2060,A162,EMP1004,C1054,2022-06-13,1,1467,1467
OID19718,PID2031,A156,EMP1005,C1049,2022-01-25,3,1638,4914
OID19721,PID2041,A108,EMP1017,C1650,2022-02-21,4,1380,5520
OID19725,PID2002,A121,EMP1022,C1516,2022-11-27,1,847,847
OID19726,PID2065,A165,EMP1041,C1357,2022-12-30,1,2396,2396
OID19733,PID2076,A164,EMP1010,C1593,2022-01-27,3,1522,4566
OID19737,PID2000,A120,EMP1043,C1014,2022-01-13,1,2241,2241
OID19739,PID2099,A166,EMP1005,C1162,2022-12-28,1,1367,1367
OID19746,PID2076,A164,EMP1012,C1391,2022-04-14,1,1522,1522
OID19747,PID2043,A171,EMP1041,C1712,2022-04-14,4,545,2180
OID19749,PID2052,A103,EMP1010,C1625,2022-02-18,1,1526,1526
OID19750,PID2076,A102,EMP1005,C1042,2022-02-13,1,1522,1522
OID19757,PID2035,A119,EMP1044,C1051,2022-08-21,2,458,916
OID19758,PID2099,A105,EMP1007,C1056,2022-02-20,1,1367,1367
OID19760,PID2060,A173,EMP1044,C1752,2022-08-02,3,1467,4401
OID19766,PID2074,A122,EMP1034,C1754,2022-02-28,1,504,504
OID19771,PID2059,A122,EMP1032,C1339,2022-04-27,2,1494,2988
OID19772,PID2048,A170,EMP1025,C1083,2022-09-14,4,502,2008
OID19773,PID2051,A173,EMP1037,C1654,2022-04-18,4,1077,4308
OID19778,PID2047,A102,EMP1021,C1235,2022-12-31,4,290,1160
OID19779,PID2063,A117,EMP1021,C1080,2022-12-24,1,1708,1708
OID19780,PID2060,A119,EMP1016,C1651,2022-12-31,2,1467,2934
OID19781,PID2100,A170,EMP1033,C1776,2022-02-07,4,799,3196
OID19785,PID2062,A162,EMP1032,C1747,2022-03-18,1,2464,2464
OID19786,PID2062,A106,EMP1004,C1054,2022-01-03,3,2464,7392
OID19793,PID2068,A124,EMP1017,C1042,2022-05-23,2,1500,3000
OID19794,PID2055,A146,EMP1012,C1168,2022-08-26,3,2495,7485
OID19796,PID2008,A101,EMP1032,C1695,2022-06-30,1,315,315
OID19798,PID2087,A131,EMP1031,C1249,2022-01-26,2,1022,2044
OID19800,PID2039,A117,EMP1001,C1470,2022-05-24,4,817,3268
OID19801,PID2025,A110,EMP1030,C1472,2022-06-12,2,667,1334
OID19802,PID2044,A165,EMP1007,C1095,2022-03-19,1,886,886
OID19805,PID2090,A117,EMP1023,C1077,2022-02-28,1,1338,1338
OID19807,PID2098,A120,EMP1033,C1708,2022-05-29,2,1178,2356
OID19808,PID2017,A126,EMP1034,C1455,2022-10-03,1,35,35
OID19811,PID2060,A117,EMP1002,C1248,2022-02-04,3,1467,4401
OID19814,PID2085,A105,EMP1015,C1689,2022-11-23,1,1862,1862
OID19815,PID2011,A104,EMP1039,C1744,2022-05-12,3,530,1590
OID19816,PID2055,A136,EMP1022,C1796,2022-05-16,1,2495,2495
OID19820,PID2033,A137,EMP1039,C1699,2022-10-06,1,2182,2182
OID19824,PID2032,A146,EMP1011,C1594,2022-08-15,4,1967,7868
OID19827,PID2074,A127,EMP1014,C1071,2022-07-10,2,504,1008
OID19828,PID2057,A167,EMP1007,C1598,2022-11-02,1,181,181
OID19830,PID2005,A107,EMP1016,C1093,2022-03-08,3,684,2052
OID19831,PID2056,A159,EMP1012,C1717,2022-08-29,2,1635,3270
OID19833,PID2061,A140,EMP1024,C1487,2022-12-19,3,913,2739
OID19838,PID2036,A165,EMP1031,C1659,2022-05-30,1,1582,1582
OID19841,PID2048,A116,EMP1031,C1340,2022-12-09,1,502,502
OID19845,PID2018,A117,EMP1016,C1566,2022-09-22,2,1972,3944
OID19846,PID2003,A127,EMP1004,C1192,2022-04-21,1,1783,1783
OID19847,PID2051,A171,EMP1019,C1059,2022-12-01,1,1077,1077
OID19858,PID2086,A150,EMP1035,C1799,2022-06-10,3,123,369
OID19860,PID2004,A172,EMP1041,C1342,2022-10-17,3,1278,3834
OID19863,PID2060,A130,EMP1032,C1186,2022-10-26,1,1467,1467
OID19866,PID2078,A125,EMP1024,C1500,2022-02-09,2,1798,3596
OID19867,PID2095,A111,EMP1021,C1373,2022-07-15,1,1743,1743
OID19872,PID2028,A133,EMP1024,C1469,2022-03-09,4,2283,9132
OID19877,PID2072,A155,EMP1012,C1054,2022-10-25,1,1887,1887
OID19879,PID2073,A157,EMP1036,C1314,2022-10-19,1,95,95
OID19882,PID2048,A125,EMP1011,C1251,2022-03-10,1,502,502
OID19883,PID2069,A168,EMP1026,C1320,2022-10-06,1,378,378
OID19885,PID2064,A164,EMP1044,C1485,2022-04-28,2,1414,2828
OID19889,PID2037,A121,EMP1018,C1150,2022-10-04,1,880,880
OID19892,PID2053,A134,EMP1043,C1754,2022-06-17,2,596,1192
OID19896,PID2022,A140,EMP1015,C1728,2022-08-07,1,561,561
OID19901,PID2016,A154,EMP1018,C1637,2022-01-12,3,1351,4053
OID19905,PID2003,A149,EMP1030,C1546,2022-05-31,2,1783,3566
OID19911,PID2093,A165,EMP1005,C1033,2022-06-22,1,112,112
OID19914,PID2003,A110,EMP1019,C1280,2022-08-30,1,1783,1783
OID19917,PID2099,A148,EMP1024,C1391,2022-07-12,1,1367,1367
OID19918,PID2044,A167,EMP1034,C1779,2022-06-03,1,886,886
OID19919,PID2037,A117,EMP1022,C1117,2022-06-24,1,880,880
OID19925,PID2032,A126,EMP1040,C1645,2022-05-08,1,1967,1967
OID19928,PID2095,A125,EMP1015,C1554,2022-11-11,1,1743,1743
OID19929,PID2051,A112,EMP1008,C1376,2022-05-21,1,1077,1077
OID19932,PID2044,A105,EMP1019,C1229,2022-07-19,2,886,1772
OID19938,PID2000,A145,EMP1016,C1163,2022-01-14,1,2241,2241
OID19943,PID2025,A144,EMP1025,C1142,2022-05-31,1,667,667
OID19948,PID2063,A151,EMP1021,C1589,2022-12-08,1,1708,1708
OID19952,PID2012,A122,EMP1031,C1039,2022-10-29,1,1353,1353
OID19954,PID2035,A173,EMP1044,C1327,2022-12-31,1,458,458
OID19957,PID2021,A158,EMP1008,C1400,2022-03-25,1,217,217
OID19959,PID2074,A170,EMP1044,C1306,2022-07-15,1,504,504
OID19963,PID2036,A114,EMP1040,C1288,2022-06-04,4,1582,6328
OID19964,PID2038,A135,EMP1024,C1707,2022-04-12,3,392,1176
OID19967,PID2010,A138,EMP1010,C1089,2022-04-29,2,1812,3624
OID19968,PID2093,A166,EMP1014,C1259,2022-04-01,4,112,448
OID19969,PID2054,A143,EMP1002,C1439,2022-09-10,1,127,127
OID19974,PID2037,A166,EMP1019,C1125,2022-02-16,2,880,1760
OID19977,PID2040,A134,EMP1020,C1319,2022-07-15,3,1889,5667
OID19979,PID2050,A103,EMP1033,C1227,2022-07-07,1,2391,2391
OID19987,PID2010,A142,EMP1025,C1383,2022-10-13,1,1812,1812
OID19989,PID2003,A146,EMP1023,C1531,2022-11-20,1,1783,1783
OID19990,PID2063,A102,EMP1020,C1433,2022-06-04,1,1708,1708
OID19998,PID2097,A160,EMP1038,C1329,2022-03-25,4,1052,4208
OID20000,PID2040,A110,EMP1026,C1709,2022-11-21,3,1889,5667
OID20006,PID2076,A156,EMP1033,C1114,2022-05-07,4,1522,6088
OID20009,PID2001,A160,EMP1025,C1155,2022-02-02,3,951,2853
OID20010,PID2047,A115,EMP1009,C1208,2022-02-11,3,290,870
OID20024,PID2093,A152,EMP1016,C1399,2022-07-18,1,112,112
OID20026,PID2010,A136,EMP1014,C1017,2022-04-13,1,1812,1812
OID20027,PID2099,A102,EMP1023,C1677,2022-06-02,1,1367,1367
OID20028,PID2026,A173,EMP1006,C1231,2022-04-06,4,947,3788
OID20031,PID2049,A157,EMP1006,C1204,2022-08-19,1,826,826
OID20034,PID2046,A143,EMP1030,C1305,2022-06-11,3,2410,7230
OID20038,PID2002,A125,EMP1028,C1714,2022-04-05,1,847,847
OID20039,PID2063,A166,EMP1008,C1053,2022-07-06,4,1708,6832
OID20045,PID2066,A160,EMP1004,C1153,2022-01-15,1,2091,2091
OID20049,PID2065,A161,EMP1017,C1654,2022-06-04,2,2396,4792
OID20050,PID2046,A126,EMP1004,C1198,2022-01-15,3,2410,7230
OID20052,PID2024,A118,EMP1042,C1084,2022-09-27,1,356,356
OID20053,PID2009,A147,EMP1041,C1017,2022-05-23,1,584,584
OID20057,PID2046,A124,EMP1005,C1533,2022-02-24,1,2410,2410
OID20060,PID2026,A115,EMP1031,C1127,2022-09-13,1,947,947
OID20064,PID2093,A167,EMP1015,C1534,2022-08-25,1,112,112
OID20070,PID2045,A171,EMP1014,C1551,2022-09-18,1,556,556
OID20071,PID2005,A147,EMP1030,C1569,2022-03-13,2,684,1368
OID20074,PID2002,A106,EMP1035,C1276,2022-07-22,3,847,2541
OID20075,PID2055,A157,EMP1034,C1554,2022-06-15,2,2495,4990
OID20076,PID2052,A129,EMP1018,C1245,2022-08-08,2,1526,3052
OID20078,PID2098,A102,EMP1033,C1228,2022-08-26,2,1178,2356
OID20079,PID2091,A156,EMP1005,C1750,2022-09-01,1,368,368
OID20081,PID2043,A107,EMP1036,C1248,2022-11-02,1,545,545
OID20082,PID2073,A123,EMP1039,C1748,2022-12-30,1,95,95
OID20084,PID2046,A137,EMP1023,C1221,2022-08-21,1,2410,2410
OID20087,PID2083,A157,EMP1015,C1324,2022-11-24,4,2141,8564
OID20088,PID2088,A120,EMP1011,C1453,2022-05-09,1,603,603
OID20090,PID2084,A103,EMP1044,C1032,2022-07-18,1,1783,1783
OID20094,PID2052,A141,EMP1035,C1600,2022-08-30,1,1526,1526
OID20097,PID2041,A139,EMP1043,C1091,2022-08-25,1,1380,1380
OID20099,PID2037,A115,EMP1035,C1322,2022-02-08,1,880,880
OID20101,PID2078,A102,EMP1002,C1033,2022-01-21,1,1798,1798
OID20105,PID2006,A141,EMP1012,C1634,2022-11-05,3,1826,5478
OID20106,PID2094,A114,EMP1037,C1621,2022-11-07,1,771,771
OID20107,PID2046,A119,EMP1005,C1272,2022-04-30,2,2410,4820
OID20109,PID2015,A105,EMP1031,C1749,2022-03-06,1,637,637
OID20113,PID2093,A110,EMP1012,C1753,2022-08-26,1,112,112
OID20116,PID2092,A164,EMP1027,C1398,2022-11-27,3,1639,4917
OID20121,PID2006,A143,EMP1017,C1707,2022-05-05,1,1826,1826
OID20123,PID2055,A162,EMP1004,C1428,2022-11-21,2,2495,4990
OID20127,PID2006,A166,EMP1029,C1573,2022-09-28,4,1826,7304
OID20132,PID2014,A156,EMP1023,C1686,2022-03-04,2,1809,3618
OID20134,PID2093,A171,EMP1016,C1436,2022-08-07,3,112,336
OID20136,PID2053,A108,EMP1021,C1528,2022-01-01,1,596,596
OID20139,PID2024,A140,EMP1004,C1270,2022-06-08,1,356,356
OID20142,PID2046,A169,EMP1044,C1321,2022-12-15,1,2410,2410
OID20144,PID2048,A149,EMP1040,C1013,2022-09-24,3,502,1506
OID20146,PID2027,A128,EMP1009,C1486,2022-11-11,2,2497,4994
OID20150,PID2074,A114,EMP1038,C1056,2022-06-11,1,504,504
OID20157,PID2098,A114,EMP1014,C1114,2022-04-15,2,1178,2356
OID20158,PID2074,A112,EMP1020,C1792,2022-03-26,1,504,504
OID20159,PID2067,A169,EMP1009,C1127,2022-10-05,1,1119,1119
OID20169,PID2018,A132,EMP1006,C1612,2022-04-10,1,1972,1972
OID20176,PID2027,A146,EMP1034,C1077,2022-02-22,3,2497,7491
OID20177,PID2073,A164,EMP1005,C1189,2022-05-12,1,95,95
OID20183,PID2079,A120,EMP1004,C1205,2022-02-14,2,1725,3450
OID20193,PID2087,A110,EMP1010,C1750,2022-03-24,2,1022,2044
OID20196,PID2092,A104,EMP1012,C1564,2022-07-06,3,1639,4917
OID20197,PID2059,A165,EMP1042,C1319,2022-07-22,1,1494,1494
OID20198,PID2042,A138,EMP1005,C1769,2022-10-04,2,203,406
OID20201,PID2049,A155,EMP1004,C1192,2022-04-29,1,826,826
OID20202,PID2053,A121,EMP1016,C1795,2022-02-22,1,596,596
OID20203,PID2005,A135,EMP1022,C1006,2022-03-17,2,684,1368
OID20205,PID2035,A140,EMP1006,C1545,2022-11-27,3,458,1374
OID20206,PID2075,A102,EMP1033,C1686,2022-11-14,1,400,400
OID20207,PID2024,A101,EMP1010,C1084,2022-05-30,1,356,356
OID20213,PID2095,A140,EMP1003,C1049,2022-07-09,1,1743,1743
OID20214,PID2085,A165,EMP1017,C1182,2022-12-23,1,1862,1862
OID20216,PID2023,A139,EMP1002,C1397,2022-05-21,2,818,1636
OID20217,PID2066,A125,EMP1041,C1298,2022-09-08,1,2091,2091
OID20225,PID2009,A126,EMP1020,C1096,2022-10-20,3,584,1752
OID20226,PID2053,A127,EMP1017,C1676,2022-09-16,3,596,1788
OID20227,PID2007,A164,EMP1030,C1381,2022-01-16,4,1405,5620
OID20228,PID2029,A134,EMP1003,C1484,2022-03-05,2,1848,3696
OID20233,PID2016,A119,EMP1013,C1202,2022-03-23,1,1351,1351
OID20234,PID2029,A142,EMP1043,C1248,2022-03-12,1,1848,1848
OID20235,PID2040,A134,EMP1010,C1795,2022-10-25,2,1889,3778
OID20239,PID2095,A115,EMP1015,C1219,2022-05-12,3,1743,5229
OID20241,PID2030,A169,EMP1007,C1764,2022-04-24,1,1899,1899
OID20242,PID2088,A125,EMP1018,C1465,2022-09-26,1,603,603
OID20245,PID2083,A102,EMP1015,C1481,2022-03-29,1,2141,2141
OID20247,PID2099,A147,EMP1033,C1510,2022-07-27,1,1367,1367
OID20250,PID2088,A141,EMP1010,C1339,2022-10-01,2,603,1206
OID20252,PID2012,A112,EMP1030,C1560,2022-06-15,3,1353,4059
OID20254,PID2047,A163,EMP1006,C1797,2022-05-25,1,290,290
OID20256,PID2033,A146,EMP1027,C1435,2022-08-01,3,2182,6546
OID20259,PID2076,A116,EMP1010,C1455,2022-10-29,1,1522,1522
OID20260,PID2005,A110,EMP1025,C1158,2022-08-18,3,684,2052
OID20261,PID2008,A148,EMP1031,C1364,2022-09-07,1,315,315
OID20263,PID2037,A172,EMP1044,C1536,2022-06-29,1,880,880
OID20266,PID2097,A106,EMP1040,C1043,2022-10-18,1,1052,1052
OID20267,PID2023,A120,EMP1009,C1763,2022-07-11,1,818,818
OID20272,PID2039,A146,EMP1015,C1199,2022-02-23,3,817,2451
OID20273,PID2051,A117,EMP1007,C1291,2022-06-04,1,1077,1077
OID20279,PID2042,A138,EMP1016,C1353,2022-02-01,1,203,203
OID20283,PID2026,A148,EMP1008,C1528,2022-03-10,4,947,3788
OID20284,PID2037,A104,EMP1002,C1240,2022-10-24,3,880,2640
OID20285,PID2013,A141,EMP1030,C1408,2022-10-23,2,368,736
OID20287,PID2039,A147,EMP1025,C1180,2022-03-28,2,817,1634
OID20290,PID2067,A111,EMP1004,C1136,2022-07-01,1,1119,1119
OID20300,PID2057,A100,EMP1010,C1216,2022-12-03,1,181,181
OID20304,PID2079,A132,EMP1044,C1567,2022-01-16,1,1725,1725
OID20306,PID2059,A134,EMP1005,C1791,2022-01-16,2,1494,2988
OID20308,PID2023,A154,EMP1000,C1538,2022-06-18,1,818,818
OID20309,PID2076,A156,EMP1016,C1370,2022-02-19,1,1522,1522
OID20310,PID2054,A112,EMP1034,C1692,2022-09-18,1,127,127
OID20311,PID2028,A162,EMP1018,C1422,2022-10-05,3,2283,6849
OID20314,PID2057,A164,EMP1035,C1415,2022-01-24,1,181,181
OID20316,PID2092,A172,EMP1023,C1219,2022-03-30,3,1639,4917
OID20317,PID2027,A126,EMP1039,C1134,2022-09-07,3,2497,7491
OID20318,PID2084,A169,EMP1030,C1570,2022-11-20,1,1783,1783
OID20321,PID2073,A165,EMP1009,C1069,2022-09-21,1,95,95
OID20333,PID2028,A103,EMP1040,C1039,2022-08-19,1,2283,2283
OID20343,PID2074,A107,EMP1001,C1043,2022-01-21,1,504,504
OID20345,PID2073,A132,EMP1041,C1475,2022-03-29,3,95,285
OID20347,PID2003,A161,EMP1029,C1665,2022-10-31,1,1783,1783
OID20349,PID2066,A147,EMP1042,C1693,2022-10-17,1,2091,2091
OID20350,PID2063,A169,EMP1036,C1102,2022-10-10,3,1708,5124
OID20357,PID2090,A134,EMP1010,C1315,2022-12-08,1,1338,1338
OID20358,PID2006,A134,EMP1028,C1270,2022-02-21,3,1826,5478
OID20360,PID2054,A134,EMP1044,C1322,2022-05-03,3,127,381
OID20365,PID2000,A161,EMP1016,C1285,2022-10-03,1,2241,2241
OID20368,PID2079,A119,EMP1004,C1342,2022-04-01,2,1725,3450
OID20369,PID2074,A134,EMP1039,C1529,2022-12-05,2,504,1008
OID20370,PID2049,A101,EMP1032,C1501,2022-02-20,1,826,826
OID20372,PID2061,A117,EMP1006,C1717,2022-07-02,1,913,913
OID20377,PID2023,A151,EMP1025,C1033,2022-09-01,1,818,818
OID20379,PID2003,A149,EMP1027,C1797,2022-11-29,1,1783,1783
OID20381,PID2019,A167,EMP1034,C1408,2022-11-09,1,800,800
OID20385,PID2015,A138,EMP1038,C1512,2022-11-08,1,637,637
OID20386,PID2076,A102,EMP1021,C1394,2022-08-10,3,1522,4566
OID20387,PID2021,A122,EMP1025,C1736,2022-03-11,1,217,217
OID20388,PID2042,A136,EMP1036,C1095,2022-03-16,1,203,203
OID20400,PID2045,A159,EMP1030,C1600,2022-09-30,1,556,556
OID20403,PID2059,A138,EMP1030,C1177,2022-10-23,3,1494,4482
OID20406,PID2022,A118,EMP1007,C1745,2022-10-30,1,561,561
OID20408,PID2065,A165,EMP1023,C1505,2022-09-27,4,2396,9584
OID20413,PID2080,A108,EMP1012,C1004,2022-08-04,1,2353,2353
OID20420,PID2050,A101,EMP1005,C1516,2022-01-04,1,2391,2391
OID20422,PID2038,A120,EMP1027,C1745,2022-05-30,1,392,392
OID20424,PID2026,A144,EMP1006,C1672,2022-10-23,1,947,947
OID20427,PID2088,A141,EMP1022,C1275,2022-07-18,1,603,603
OID20430,PID2099,A172,EMP1000,C1698,2022-07-05,1,1367,1367
OID20433,PID2010,A168,EMP1001,C1118,2022-02-02,2,1812,3624
OID20435,PID2015,A137,EMP1007,C1653,2022-01-31,1,637,637
OID20438,PID2087,A149,EMP1002,C1378,2022-03-22,2,1022,2044
OID20439,PID2018,A135,EMP1040,C1667,2022-05-18,1,1972,1972
OID20440,PID2090,A140,EMP1035,C1046,2022-04-22,4,1338,5352
OID20446,PID2082,A142,EMP1001,C1785,2022-02-23,4,1103,4412
OID20447,PID2062,A113,EMP1021,C1137,2022-06-02,3,2464,7392
OID20450,PID2020,A159,EMP1032,C1567,2022-04-21,1,2005,2005
OID20453,PID2052,A125,EMP1026,C1404,2022-07-07,1,1526,1526
OID20455,PID2043,A143,EMP1020,C1016,2022-12-08,1,545,545
OID20456,PID2088,A166,EMP1023,C1182,2022-12-08,1,603,603
OID20458,PID2005,A152,EMP1014,C1151,2022-02-26,2,684,1368
OID20459,PID2048,A132,EMP1028,C1748,2022-03-22,1,502,502
OID20468,PID2009,A140,EMP1020,C1248,2022-11-16,2,584,1168
OID20477,PID2082,A148,EMP1041,C1141,2022-12-16,1,1103,1103
OID20482,PID2089,A158,EMP1008,C1129,2022-06-22,1,2294,2294
OID20484,PID2039,A122,EMP1014,C1292,2022-10-08,4,817,3268
OID20491,PID2018,A149,EMP1027,C1074,2022-10-15,1,1972,1972
OID20500,PID2077,A143,EMP1014,C1475,2022-11-10,2,530,1060
OID20502,PID2048,A157,EMP1008,C1018,2022-02-07,1,502,502
OID20508,PID2027,A147,EMP1010,C1549,2022-09-27,3,2497,7491
OID20510,PID2093,A106,EMP1017,C1025,2022-06-02,1,112,112
OID20514,PID2092,A151,EMP1041,C1176,2022-12-24,3,1639,4917
OID20522,PID2017,A158,EMP1012,C1041,2022-08-01,3,35,105
OID20525,PID2090,A119,EMP1002,C1400,2022-06-07,3,1338,4014
OID20529,PID2010,A155,EMP1041,C1350,2022-06-13,3,1812,5436
OID20530,PID2040,A113,EMP1021,C1100,2022-06-30,1,1889,1889
OID20536,PID2043,A163,EMP1027,C1638,2022-12-02,1,545,545
OID20542,PID2062,A136,EMP1020,C1117,2022-04-18,1,2464,2464
OID20543,PID2043,A167,EMP1005,C1669,2022-04-08,1,545,545
OID20545,PID2026,A112,EMP1012,C1054,2022-12-08,1,947,947
OID20549,PID2044,A148,EMP1008,C1208,2022-10-30,4,886,3544
OID20550,PID2073,A133,EMP1015,C1336,2022-08-22,1,95,95
OID20551,PID2002,A133,EMP1024,C1012,2022-12-22,1,847,847
OID20554,PID2026,A101,EMP1018,C1621,2022-08-03,2,947,1894
OID20555,PID2049,A169,EMP1029,C1594,2022-06-13,3,826,2478
OID20556,PID2075,A132,EMP1018,C1105,2022-05-10,1,400,400
OID20562,PID2091,A124,EMP1015,C1345,2022-08-27,1,368,368
OID20566,PID2005,A138,EMP1043,C1056,2022-01-26,1,684,684
OID20569,PID2016,A169,EMP1015,C1494,2022-06-13,4,1351,5404
OID20570,PID2069,A121,EMP1006,C1418,2022-02-26,4,378,1512
OID20572,PID2090,A122,EMP1030,C1174,2022-10-11,1,1338,1338
OID20574,PID2079,A161,EMP1006,C1289,2022-02-14,1,1725,1725
OID20577,PID2040,A107,EMP1016,C1168,2022-10-20,1,1889,1889
OID20578,PID2013,A153,EMP1014,C1220,2022-05-17,4,368,1472
OID20580,PID2096,A133,EMP1003,C1075,2022-03-04,2,1587,3174
OID20586,PID2008,A159,EMP1031,C1591,2022-07-30,1,315,315
OID20587,PID2040,A154,EMP1002,C1435,2022-06-25,4,1889,7556
OID20588,PID2087,A109,EMP1021,C1525,2022-03-28,4,1022,4088
OID20591,PID2096,A124,EMP1036,C1056,2022-04-10,1,1587,1587
OID20598,PID2092,A121,EMP1019,C1587,2022-04-27,2,1639,3278
OID20600,PID2092,A148,EMP1024,C1523,2022-11-05,1,1639,1639
OID20601,PID2044,A163,EMP1034,C1388,2022-04-30,1,886,886
OID20605,PID2049,A173,EMP1006,C1492,2022-05-19,1,826,826
OID20606,PID2070,A173,EMP1035,C1768,2022-09-29,2,1671,3342
OID20608,PID2041,A117,EMP1032,C1523,2022-02-19,1,1380,1380
OID20610,PID2089,A118,EMP1024,C1668,2022-12-17,1,2294,2294
OID20612,PID2087,A149,EMP1044,C1295,2022-06-29,4,1022,4088
OID20613,PID2052,A146,EMP1042,C1608,2022-05-11,4,1526,6104
OID20619,PID2003,A165,EMP1039,C1432,2022-04-10,2,1783,3566
OID20623,PID2032,A146,EMP1017,C1087,2022-06-29,1,1967,1967
OID20624,PID2090,A120,EMP1028,C1183,2022-04-13,1,1338,1338
OID20627,PID2023,A164,EMP1031,C1265,2022-02-08,2,818,1636
OID20630,PID2085,A138,EMP1029,C1692,2022-11-16,2,1862,3724
OID20631,PID2006,A104,EMP1008,C1287,2022-02-22,1,1826,1826
OID20633,PID2015,A148,EMP1022,C1373,2022-04-15,1,637,637
OID20634,PID2030,A115,EMP1001,C1545,2022-02-18,1,1899,1899
OID20635,PID2042,A153,EMP1000,C1677,2022-08-09,2,203,406
OID20636,PID2085,A102,EMP1028,C1292,2022-07-02,3,1862,5586
OID20638,PID2064,A123,EMP1027,C1176,2022-01-02,1,1414,1414
OID20645,PID2012,A139,EMP1024,C1101,2022-04-12,3,1353,4059
OID20646,PID2072,A162,EMP1019,C1430,2022-06-30,3,1887,5661
OID20647,PID2097,A149,EMP1038,C1411,2022-10-07,4,1052,4208
OID20650,PID2004,A145,EMP1038,C1401,2022-11-23,1,1278,1278
OID20653,PID2071,A164,EMP1003,C1252,2022-03-10,1,136,136
OID20659,PID2015,A135,EMP1008,C1293,2022-03-19,4,637,2548
OID20666,PID2074,A122,EMP1010,C1724,2022-03-20,1,504,504
OID20667,PID2061,A125,EMP1034,C1791,2022-09-24,1,913,913
OID20669,PID2064,A102,EMP1010,C1306,2022-12-11,3,1414,4242
OID20671,PID2076,A112,EMP1014,C1305,2022-10-26,3,1522,4566
OID20672,PID2078,A104,EMP1004,C1561,2022-06-17,2,1798,3596
OID20674,PID2060,A114,EMP1043,C1740,2022-08-08,2,1467,2934
OID20676,PID2097,A101,EMP1043,C1120,2022-12-19,3,1052,3156
OID20677,PID2064,A160,EMP1007,C1358,2022-12-06,3,1414,4242
OID20678,PID2069,A161,EMP1019,C1518,2022-06-17,1,378,378
OID20684,PID2096,A116,EMP1010,C1298,2022-01-26,1,1587,1587
OID20685,PID2031,A122,EMP1023,C1312,2022-10-16,1,1638,1638
OID20688,PID2019,A145,EMP1044,C1128,2022-11-05,3,800,2400
OID20689,PID2074,A130,EMP1008,C1661,2022-08-12,2,504,1008
OID20694,PID2011,A104,EMP1022,C1525,2022-04-05,1,530,530
OID20700,PID2038,A145,EMP1016,C1300,2022-08-30,2,392,784
OID20701,PID2059,A107,EMP1025,C1260,2022-01-27,1,1494,1494
OID20702,PID2074,A161,EMP1000,C1686,2022-10-25,1,504,504
OID20704,PID2096,A122,EMP1005,C1206,2022-06-22,2,1587,3174
OID20705,PID2021,A119,EMP1023,C1148,2022-05-22,1,217,217
OID20716,PID2066,A109,EMP1003,C1609,2022-05-21,1,2091,2091
OID20719,PID2044,A113,EMP1003,C1704,2022-06-10,2,886,1772
OID20726,PID2100,A127,EMP1030,C1703,2022-10-14,2,799,1598
OID20727,PID2093,A172,EMP1001,C1433,2022-11-26,3,112,336
OID20729,PID2007,A127,EMP1026,C1124,2022-11-10,1,1405,1405
OID20730,PID2079,A117,EMP1004,C1440,2022-04-19,1,1725,1725
OID20731,PID2021,A152,EMP1031,C1344,2022-07-01,3,217,651
OID20735,PID2011,A111,EMP1023,C1772,2022-11-07,2,530,1060
OID20736,PID2049,A129,EMP1001,C1703,2022-07-07,2,826,1652
OID20737,PID2000,A102,EMP1003,C1448,2022-05-30,1,2241,2241
OID20738,PID2044,A137,EMP1009,C1146,2022-11-06,2,886,1772
OID20740,PID2030,A131,EMP1016,C1363,2022-11-04,2,1899,3798
OID20741,PID2002,A147,EMP1005,C1459,2022-04-11,1,847,847
OID20743,PID2046,A173,EMP1025,C1588,2022-12-21,4,2410,9640
OID20744,PID2056,A107,EMP1016,C1351,2022-07-27,1,1635,1635
OID20745,PID2099,A166,EMP1010,C1605,2022-06-30,1,1367,1367
OID20747,PID2087,A141,EMP1039,C1467,2022-06-07,1,1022,1022
OID20749,PID2044,A172,EMP1005,C1265,2022-03-15,1,886,886
OID20757,PID2096,A162,EMP1022,C1419,2022-08-07,3,1587,4761
OID20759,PID2024,A127,EMP1014,C1002,2022-12-19,1,356,356
OID20765,PID2078,A165,EMP1014,C1689,2022-08-22,4,1798,7192
OID20766,PID2033,A173,EMP1025,C1417,2022-04-20,2,2182,4364
OID20767,PID2090,A118,EMP1020,C1404,2022-03-12,1,1338,1338
OID20771,PID2066,A164,EMP1005,C1648,2022-01-19,3,2091,6273
OID20774,PID2045,A118,EMP1015,C1104,2022-03-12,1,556,556
OID20776,PID2084,A125,EMP1039,C1759,2022-12-02,1,1783,1783
OID20780,PID2078,A157,EMP1039,C1764,2022-08-25,1,1798,1798
OID20784,PID2050,A151,EMP1000,C1697,2022-08-24,4,2391,9564
OID20786,PID2065,A127,EMP1011,C1748,2022-07-07,1,2396,2396
OID20791,PID2033,A141,EMP1016,C1073,2022-03-18,3,2182,6546
OID20794,PID2095,A157,EMP1034,C1267,2022-11-21,3,1743,5229
OID20799,PID2061,A147,EMP1036,C1069,2022-09-20,4,913,3652
OID20804,PID2013,A153,EMP1020,C1422,2022-11-16,1,368,368
OID20812,PID2025,A103,EMP1039,C1656,2022-10-12,1,667,667
OID20813,PID2051,A132,EMP1004,C1293,2022-05-16,1,1077,1077
OID20814,PID2040,A112,EMP1003,C1489,2022-12-17,1,1889,1889
OID20819,PID2016,A156,EMP1023,C1678,2022-08-08,2,1351,2702
OID20822,PID2002,A126,EMP1028,C1183,2022-10-17,1,847,847
OID20834,PID2014,A127,EMP1041,C1747,2022-03-24,1,1809,1809
OID20840,PID2050,A126,EMP1008,C1722,2022-03-03,2,2391,4782
OID20841,PID2089,A103,EMP1004,C1412,2022-06-11,1,2294,2294
OID20844,PID2003,A127,EMP1000,C1459,2022-01-12,3,1783,5349
OID20849,PID2041,A102,EMP1022,C1486,2022-10-04,4,1380,5520
OID20851,PID2084,A108,EMP1007,C1799,2022-08-19,4,1783,7132
OID20853,PID2014,A123,EMP1033,C1626,2022-07-06,3,1809,5427
OID20854,PID2044,A120,EMP1001,C1409,2022-02-01,3,886,2658
OID20860,PID2066,A140,EMP1004,C1059,2022-05-23,3,2091,6273
OID20861,PID2035,A129,EMP1016,C1704,2022-01-06,1,458,458
OID20862,PID2071,A122,EMP1031,C1195,2022-07-29,4,136,544
OID20866,PID2055,A131,EMP1007,C1165,2022-02-19,4,2495,9980
OID20871,PID2096,A103,EMP1035,C1090,2022-10-04,4,1587,6348
OID20881,PID2013,A103,EMP1037,C1319,2022-11-15,4,368,1472
OID20886,PID2018,A173,EMP1019,C1409,2022-06-07,1,1972,1972
OID20887,PID2083,A116,EMP1028,C1546,2022-10-06,1,2141,2141
OID20893,PID2064,A136,EMP1031,C1722,2022-02-02,1,1414,1414
OID20899,PID2050,A141,EMP1037,C1041,2022-08-05,4,2391,9564
OID20902,PID2030,A149,EMP1006,C1771,2022-12-27,3,1899,5697
OID20905,PID2062,A118,EMP1004,C1517,2022-06-30,3,2464,7392
OID20907,PID2027,A137,EMP1001,C1396,2022-06-27,3,2497,7491
OID20910,PID2084,A118,EMP1013,C1696,2022-02-16,1,1783,1783
OID20913,PID2074,A125,EMP1018,C1388,2022-11-10,4,504,2016
OID20914,PID2022,A161,EMP1009,C1382,2022-01-01,1,561,561
OID20915,PID2011,A160,EMP1003,C1322,2022-10-17,1,530,530
OID20921,PID2090,A118,EMP1043,C1353,2022-10-05,4,1338,5352
OID20922,PID2057,A125,EMP1020,C1250,2022-08-01,1,181,181
OID20928,PID2023,A120,EMP1023,C1551,2022-08-01,3,818,2454
OID20930,PID2031,A161,EMP1017,C1377,2022-09-06,4,1638,6552
OID20938,PID2071,A115,EMP1014,C1353,2022-11-15,1,136,136
OID20942,PID2035,A141,EMP1003,C1467,2022-01-13,3,458,1374
OID20944,PID2002,A142,EMP1044,C1247,2022-10-18,2,847,1694
OID20951,PID2091,A145,EMP1020,C1328,2022-08-28,1,368,368
OID20952,PID2015,A153,EMP1024,C1589,2022-09-10,1,637,637
OID20955,PID2065,A154,EMP1039,C1442,2022-04-28,1,2396,2396
OID20957,PID2083,A170,EMP1035,C1727,2022-06-23,4,2141,8564
OID20960,PID2022,A109,EMP1032,C1504,2022-06-09,3,561,1683
OID20962,PID2022,A139,EMP1041,C1021,2022-01-03,2,561,1122
OID20964,PID2010,A109,EMP1034,C1578,2022-12-06,1,1812,1812
OID20967,PID2016,A170,EMP1040,C1342,2022-02-20,1,1351,1351
OID20970,PID2022,A122,EMP1016,C1153,2022-07-04,3,561,1683
OID20973,PID2073,A117,EMP1035,C1058,2022-12-13,2,95,190
OID20976,PID2077,A116,EMP1020,C1173,2022-02-02,2,530,1060
OID20980,PID2085,A126,EMP1005,C1270,2022-05-20,4,1862,7448
OID20984,PID2003,A124,EMP1010,C1290,2022-04-29,1,1783,1783
OID20987,PID2095,A168,EMP1003,C1455,2022-11-14,1,1743,1743
OID20989,PID2053,A140,EMP1015,C1564,2022-03-23,4,596,2384
OID20991,PID2040,A122,EMP1025,C1157,2022-11-13,2,1889,3778
OID20996,PID2005,A135,EMP1011,C1697,2022-05-26,1,684,684
OID20997,PID2043,A153,EMP1004,C1371,2022-07-10,1,545,545
OID21000,PID2084,A171,EMP1042,C1015,2022-04-07,3,1783,5349
OID21002,PID2063,A130,EMP1032,C1269,2022-08-06,2,1708,3416
OID21005,PID2084,A115,EMP1036,C1434,2022-11-24,1,1783,1783
OID21006,PID2010,A109,EMP1039,C1115,2022-09-08,1,1812,1812
OID21009,PID2090,A160,EMP1028,C1450,2022-03-25,1,1338,1338
OID21011,PID2068,A110,EMP1016,C1091,2022-10-27,1,1500,1500
OID21012,PID2047,A120,EMP1031,C1562,2022-12-28,1,290,290
OID21019,PID2066,A110,EMP1019,C1784,2022-04-12,1,2091,2091
OID21021,PID2051,A135,EMP1036,C1458,2022-04-20,1,1077,1077
OID21022,PID2070,A166,EMP1032,C1371,2022-01-17,1,1671,1671
OID21025,PID2075,A117,EMP1028,C1491,2022-10-19,1,400,400
OID21033,PID2003,A152,EMP1016,C1667,2022-04-11,3,1783,5349
OID21034,PID2070,A118,EMP1006,C1524,2022-06-27,2,1671,3342
OID21036,PID2019,A120,EMP1040,C1394,2022-06-06,1,800,800
OID21038,PID2091,A148,EMP1021,C1442,2022-02-12,2,368,736
OID21040,PID2093,A167,EMP1032,C1240,2022-06-30,1,112,112
OID21047,PID2075,A116,EMP1037,C1102,2022-02-27,1,400,400
OID21049,PID2026,A164,EMP1040,C1322,2022-11-07,1,947,947
OID21051,PID2046,A139,EMP1026,C1356,2022-07-14,3,2410,7230
OID21053,PID2069,A142,EMP1002,C1333,2022-06-05,3,378,1134
OID21062,PID2025,A141,EMP1039,C1608,2022-06-16,1,667,667
OID21063,PID2099,A148,EMP1021,C1422,2022-02-13,1,1367,1367
OID21067,PID2068,A148,EMP1023,C1247,2022-09-30,1,1500,1500
OID21074,PID2016,A151,EMP1017,C1341,2022-09-13,1,1351,1351
OID21081,PID2094,A121,EMP1027,C1504,2022-12-09,1,771,771
OID21082,PID2003,A164,EMP1043,C1112,2022-08-31,4,1783,7132
OID21083,PID2099,A161,EMP1010,C1495,2022-08-05,2,1367,2734
OID21085,PID2095,A173,EMP1000,C1114,2022-04-27,2,1743,3486
OID21087,PID2013,A105,EMP1037,C1772,2022-10-26,3,368,1104
OID21089,PID2054,A128,EMP1020,C1605,2022-05-09,1,127,127
OID21090,PID2035,A111,EMP1032,C1237,2022-09-09,3,458,1374
OID21095,PID2024,A133,EMP1012,C1193,2022-10-07,3,356,1068
OID21096,PID2068,A145,EMP1036,C1058,2022-09-15,4,1500,6000
OID21098,PID2096,A107,EMP1019,C1756,2022-01-14,3,1587,4761
OID21100,PID2054,A136,EMP1038,C1255,2022-10-24,2,127,254
OID21101,PID2018,A150,EMP1026,C1572,2022-09-30,4,1972,7888
OID21105,PID2060,A138,EMP1027,C1724,2022-04-29,1,1467,1467
OID21106,PID2053,A134,EMP1034,C1372,2022-06-16,1,596,596
OID21108,PID2030,A137,EMP1007,C1539,2022-09-09,1,1899,1899
OID21109,PID2017,A133,EMP1019,C1318,2022-03-19,4,35,140
OID21111,PID2030,A150,EMP1044,C1677,2022-01-26,2,1899,3798
OID21118,PID2068,A162,EMP1026,C1786,2022-04-06,3,1500,4500
OID21125,PID2032,A107,EMP1041,C1432,2022-11-08,1,1967,1967
OID21128,PID2025,A151,EMP1006,C1221,2022-07-30,1,667,667
OID21137,PID2074,A104,EMP1010,C1334,2022-07-16,3,504,1512
OID21141,PID2003,A117,EMP1033,C1005,2022-06-05,4,1783,7132
OID21143,PID2023,A150,EMP1031,C1116,2022-04-21,1,818,818
OID21145,PID2031,A103,EMP1029,C1090,2022-06-04,1,1638,1638
OID21156,PID2022,A156,EMP1030,C1701,2022-03-18,3,561,1683
OID21160,PID2086,A145,EMP1025,C1365,2022-12-21,3,123,369
OID21161,PID2040,A120,EMP1014,C1470,2022-08-21,4,1889,7556
OID21170,PID2028,A150,EMP1013,C1673,2022-12-08,4,2283,9132
OID21173,PID2036,A157,EMP1027,C1493,2022-01-03,1,1582,1582
OID21178,PID2011,A125,EMP1015,C1740,2022-01-22,1,530,530
OID21185,PID2090,A105,EMP1001,C1390,2022-06-08,2,1338,2676
OID21189,PID2070,A107,EMP1040,C1589,2022-09-10,4,1671,6684
OID21192,PID2003,A142,EMP1026,C1117,2022-06-22,3,1783,5349
OID21194,PID2039,A151,EMP1002,C1177,2022-12-12,1,817,817
OID21195,PID2016,A154,EMP1013,C1556,2022-12-28,1,1351,1351
OID21202,PID2023,A112,EMP1001,C1592,2022-05-05,1,818,818
OID21203,PID2055,A161,EMP1044,C1706,2022-01-02,1,2495,2495
OID21204,PID2021,A152,EMP1018,C1090,2022-09-10,3,217,651
OID21207,PID2022,A132,EMP1008,C1327,2022-09-05,1,561,561
OID21213,PID2007,A128,EMP1000,C1005,2022-12-05,1,1405,1405
OID21217,PID2062,A106,EMP1039,C1397,2022-09-28,4,2464,9856
OID21219,PID2032,A113,EMP1011,C1580,2022-03-22,2,1967,3934
OID21220,PID2083,A154,EMP1010,C1041,2022-01-13,1,2141,2141
OID21221,PID2041,A103,EMP1026,C1736,2022-09-03,2,1380,2760
OID21224,PID2030,A140,EMP1034,C1701,2022-09-08,1,1899,1899
OID21226,PID2087,A128,EMP1019,C1799,2022-11-06,2,1022,2044
OID21233,PID2054,A146,EMP1028,C1672,2022-10-14,1,127,127
OID21234,PID2061,A162,EMP1004,C1658,2022-04-28,2,913,1826
OID21236,PID2046,A110,EMP1030,C1675,2022-11-13,2,2410,4820
OID21238,PID2095,A170,EMP1035,C1273,2022-01-12,4,1743,6972
OID21243,PID2057,A104,EMP1015,C1077,2022-11-28,1,181,181
OID21246,PID2040,A137,EMP1040,C1216,2022-06-06,4,1889,7556
OID21248,PID2076,A128,EMP1033,C1777,2022-05-12,1,1522,1522
OID21249,PID2099,A127,EMP1033,C1049,2022-03-17,2,1367,2734
OID21250,PID2016,A133,EMP1038,C1266,2022-06-02,1,1351,1351
OID21256,PID2019,A112,EMP1027,C1142,2022-03-13,4,800,3200
OID21257,PID2088,A111,EMP1011,C1257,2022-12-15,3,603,1809
OID21262,PID2045,A126,EMP1015,C1034,2022-03-15,2,556,1112
OID21263,PID2098,A111,EMP1007,C1564,2022-10-27,3,1178,3534
OID21266,PID2019,A171,EMP1013,C1695,2022-03-22,4,800,3200
OID21267,PID2030,A128,EMP1024,C1600,2022-01-03,1,1899,1899
OID21270,PID2066,A147,EMP1009,C1717,2022-10-28,1,2091,2091
OID21271,PID2005,A143,EMP1021,C1745,2022-01-17,1,684,684
OID21273,PID2058,A130,EMP1024,C1452,2022-10-09,1,2257,2257
OID21277,PID2027,A100,EMP1013,C1640,2022-01-05,1,2497,2497
OID21279,PID2039,A155,EMP1010,C1015,2022-10-04,3,817,2451
OID21281,PID2040,A158,EMP1000,C1475,2022-01-26,3,1889,5667
OID21283,PID2011,A109,EMP1025,C1491,2022-12-21,1,530,530
OID21286,PID2052,A105,EMP1030,C1711,2022-11-22,1,1526,1526
OID21287,PID2048,A169,EMP1022,C1498,2022-10-30,4,502,2008
OID21288,PID2024,A159,EMP1029,C1466,2022-08-09,4,356,1424
OID21290,PID2001,A123,EMP1029,C1209,2022-08-09,3,951,2853
OID21293,PID2059,A123,EMP1012,C1460,2022-08-27,2,1494,2988
OID21299,PID2028,A146,EMP1034,C1301,2022-06-24,2,2283,4566
OID21300,PID2006,A108,EMP1010,C1692,2022-07-13,4,1826,7304
OID21308,PID2008,A139,EMP1042,C1504,2022-11-06,1,315,315
OID21310,PID2057,A105,EMP1039,C1015,2022-03-21,1,181,181
OID21314,PID2050,A120,EMP1034,C1289,2022-10-27,1,2391,2391
OID21316,PID2037,A140,EMP1020,C1683,2022-09-19,3,880,2640
OID21317,PID2053,A161,EMP1012,C1554,2022-06-22,1,596,596
OID21320,PID2098,A128,EMP1020,C1496,2022-07-01,3,1178,3534
OID21326,PID2063,A126,EMP1000,C1546,2022-01-22,1,1708,1708
OID21329,PID2048,A151,EMP1018,C1096,2022-07-13,2,502,1004
OID21330,PID2009,A101,EMP1009,C1784,2022-02-20,3,584,1752
OID21332,PID2047,A109,EMP1025,C1175,2022-03-17,1,290,290
OID21334,PID2032,A140,EMP1014,C1326,2022-04-22,2,1967,3934
OID21336,PID2093,A152,EMP1002,C1710,2022-11-06,2,112,224
OID21337,PID2097,A147,EMP1040,C1027,2022-02-15,2,1052,2104
OID21360,PID2051,A161,EMP1028,C1181,2022-03-20,1,1077,1077
OID21361,PID2005,A153,EMP1043,C1774,2022-09-10,1,684,684
OID21363,PID2073,A144,EMP1018,C1237,2022-03-19,1,95,95
OID21364,PID2033,A148,EMP1029,C1675,2022-11-30,1,2182,2182
OID21366,PID2085,A107,EMP1026,C1743,2022-09-10,4,1862,7448
OID21367,PID2077,A169,EMP1011,C1046,2022-12-02,3,530,1590
OID21378,PID2047,A165,EMP1000,C1047,2022-04-26,1,290,290
OID21383,PID2052,A166,EMP1037,C1381,2022-03-17,2,1526,3052
OID21389,PID2058,A108,EMP1006,C1160,2022-07-10,2,2257,4514
OID21391,PID2025,A166,EMP1041,C1684,2022-08-08,1,667,667
OID21394,PID2020,A110,EMP1000,C1256,2022-11-05,1,2005,2005
OID21395,PID2051,A169,EMP1006,C1722,2022-06-01,1,1077,1077
OID21397,PID2065,A166,EMP1039,C1011,2022-09-30,1,2396,2396
OID21398,PID2020,A160,EMP1015,C1533,2022-08-18,4,2005,8020
OID21400,PID2023,A145,EMP1006,C1656,2022-04-18,1,818,818
OID21401,PID2053,A112,EMP1039,C1267,2022-12-10,3,596,1788
OID21403,PID2091,A131,EMP1026,C1594,2022-09-20,1,368,368
OID21406,PID2066,A173,EMP1022,C1583,2022-07-09,1,2091,2091
OID21407,PID2060,A169,EMP1039,C1639,2022-01-13,2,1467,2934
OID21409,PID2071,A137,EMP1013,C1396,2022-10-03,3,136,408
OID21414,PID2082,A131,EMP1041,C1539,2022-01-14,2,1103,2206
OID21415,PID2097,A137,EMP1030,C1721,2022-01-11,2,1052,2104
OID21417,PID2096,A173,EMP1014,C1635,2022-01-27,1,1587,1587
OID21420,PID2018,A160,EMP1019,C1483,2022-10-30,1,1972,1972
OID21421,PID2093,A141,EMP1014,C1531,2022-06-25,1,112,112
OID21424,PID2014,A165,EMP1021,C1371,2022-02-24,1,1809,1809
OID21429,PID2028,A106,EMP1042,C1201,2022-02-22,3,2283,6849
OID21430,PID2068,A154,EMP1040,C1724,2022-12-19,2,1500,3000
OID21432,PID2044,A159,EMP1036,C1008,2022-10-29,1,886,886
OID21433,PID2052,A137,EMP1016,C1147,2022-01-23,2,1526,3052
OID21440,PID2087,A153,EMP1004,C1719,2022-01-12,1,1022,1022
OID21443,PID2088,A103,EMP1033,C1045,2022-01-05,3,603,1809
OID21444,PID2032,A128,EMP1021,C1512,2022-09-24,1,1967,1967
OID21449,PID2078,A141,EMP1013,C1145,2022-04-21,1,1798,1798
OID21450,PID2077,A158,EMP1021,C1164,2022-02-17,1,530,530
OID21451,PID2003,A116,EMP1000,C1207,2022-06-25,3,1783,5349
OID21455,PID2070,A151,EMP1022,C1266,2022-07-13,1,1671,1671
OID21457,PID2023,A161,EMP1013,C1363,2022-12-19,1,818,818
OID21458,PID2077,A166,EMP1043,C1115,2022-02-01,3,530,1590
OID21465,PID2052,A168,EMP1031,C1570,2022-12-16,4,1526,6104
OID21466,PID2077,A143,EMP1031,C1109,2022-08-01,3,530,1590
OID21467,PID2031,A102,EMP1004,C1723,2022-11-28,1,1638,1638
OID21468,PID2027,A161,EMP1012,C1735,2022-08-20,3,2497,7491
OID21473,PID2073,A108,EMP1043,C1640,2022-08-11,1,95,95
OID21477,PID2040,A103,EMP1012,C1071,2022-10-26,1,1889,1889
OID21480,PID2060,A152,EMP1000,C1733,2022-01-27,1,1467,1467
OID21482,PID2021,A108,EMP1008,C1005,2022-04-17,3,217,651
OID21485,PID2006,A154,EMP1043,C1731,2022-03-18,2,1826,3652
OID21489,PID2013,A126,EMP1028,C1228,2022-01-17,4,368,1472
OID21492,PID2091,A146,EMP1003,C1542,2022-10-31,2,368,736
OID21494,PID2011,A117,EMP1022,C1001,2022-03-11,4,530,2120
OID21495,PID2087,A101,EMP1038,C1774,2022-07-25,3,1022,3066
OID21498,PID2018,A138,EMP1038,C1430,2022-04-21,2,1972,3944
OID21499,PID2008,A145,EMP1023,C1012,2022-08-14,4,315,1260
OID21508,PID2002,A108,EMP1023,C1551,2022-12-21,1,847,847
OID21511,PID2081,A156,EMP1027,C1624,2022-02-23,1,1566,1566
OID21512,PID2063,A121,EMP1016,C1732,2022-05-13,2,1708,3416
OID21513,PID2046,A173,EMP1041,C1402,2022-02-16,1,2410,2410
OID21515,PID2024,A117,EMP1000,C1319,2022-05-25,1,356,356
OID21519,PID2033,A116,EMP1010,C1331,2022-06-27,1,2182,2182
OID21520,PID2057,A157,EMP1015,C1620,2022-12-07,1,181,181
OID21523,PID2031,A113,EMP1004,C1221,2022-05-14,1,1638,1638
OID21526,PID2062,A138,EMP1005,C1340,2022-10-12,4,2464,9856
OID21528,PID2067,A119,EMP1031,C1685,2022-09-30,1,1119,1119
OID21529,PID2018,A133,EMP1029,C1335,2022-12-07,1,1972,1972
OID21530,PID2037,A132,EMP1008,C1578,2022-02-26,1,880,880
OID21531,PID2077,A138,EMP1026,C1020,2022-09-13,1,530,530
OID21535,PID2085,A129,EMP1014,C1190,2022-03-03,2,1862,3724
OID21537,PID2032,A101,EMP1029,C1271,2022-02-20,1,1967,1967
OID21538,PID2097,A132,EMP1014,C1297,2022-06-06,2,1052,2104
OID21541,PID2054,A101,EMP1019,C1732,2022-08-17,1,127,127
OID21542,PID2023,A152,EMP1001,C1558,2022-04-10,2,818,1636
OID21547,PID2013,A126,EMP1018,C1382,2022-08-26,2,368,736
OID21563,PID2003,A130,EMP1043,C1470,2022-02-13,1,1783,1783
OID21564,PID2083,A164,EMP1021,C1627,2022-04-25,1,2141,2141
OID21568,PID2026,A129,EMP1027,C1600,2022-03-24,1,947,947
OID21570,PID2072,A156,EMP1009,C1534,2022-12-04,1,1887,1887
OID21571,PID2048,A155,EMP1041,C1074,2022-01-10,1,502,502
OID21573,PID2059,A161,EMP1030,C1694,2022-06-14,1,1494,1494
OID21575,PID2052,A145,EMP1043,C1481,2022-12-15,3,1526,4578
OID21578,PID2098,A158,EMP1015,C1719,2022-11-21,1,1178,1178
OID21582,PID2016,A166,EMP1017,C1318,2022-11-26,3,1351,4053
OID21586,PID2023,A108,EMP1011,C1187,2022-03-09,1,818,818
OID21588,PID2060,A144,EMP1034,C1340,2022-05-10,3,1467,4401
OID21592,PID2029,A114,EMP1030,C1368,2022-03-29,4,1848,7392
OID21594,PID2020,A130,EMP1027,C1457,2022-08-11,3,2005,6015
OID21595,PID2053,A171,EMP1014,C1288,2022-11-07,3,596,1788
OID21596,PID2007,A105,EMP1024,C1219,2022-09-28,3,1405,4215
OID21599,PID2099,A107,EMP1020,C1064,2022-12-08,1,1367,1367
OID21600,PID2056,A169,EMP1002,C1723,2022-06-09,1,1635,1635
OID21601,PID2075,A157,EMP1027,C1291,2022-02-03,1,400,400
OID21602,PID2038,A150,EMP1041,C1103,2022-06-09,1,392,392
OID21607,PID2018,A122,EMP1041,C1281,2022-07-31,4,1972,7888
OID21613,PID2053,A170,EMP1034,C1056,2022-01-21,2,596,1192
OID21614,PID2090,A159,EMP1000,C1096,2022-12-14,2,1338,2676
OID21616,PID2074,A142,EMP1039,C1464,2022-03-21,4,504,2016
OID21618,PID2065,A131,EMP1019,C1359,2022-11-05,3,2396,7188
OID21620,PID2019,A165,EMP1043,C1273,2022-08-15,1,800,800
OID21623,PID2088,A108,EMP1006,C1328,2022-09-09,4,603,2412
OID21632,PID2010,A128,EMP1012,C1797,2022-04-20,1,1812,1812
OID21633,PID2054,A159,EMP1008,C1259,2022-08-26,4,127,508
OID21635,PID2079,A131,EMP1041,C1381,2022-09-16,1,1725,1725
OID21640,PID2012,A153,EMP1028,C1600,2022-11-29,2,1353,2706
OID21646,PID2001,A140,EMP1007,C1293,2022-09-19,1,951,951
OID21647,PID2018,A164,EMP1002,C1307,2022-06-25,1,1972,1972
OID21657,PID2052,A154,EMP1039,C1657,2022-10-01,2,1526,3052
OID21661,PID2093,A149,EMP1030,C1286,2022-10-17,2,112,224
OID21667,PID2036,A165,EMP1030,C1344,2022-12-25,1,1582,1582
OID21671,PID2092,A165,EMP1009,C1248,2022-08-18,2,1639,3278
OID21675,PID2032,A156,EMP1043,C1133,2022-08-03,1,1967,1967
OID21683,PID2032,A130,EMP1003,C1684,2022-07-22,4,1967,7868
OID21684,PID2060,A144,EMP1020,C1689,2022-11-04,1,1467,1467
OID21687,PID2022,A139,EMP1024,C1466,2022-12-07,3,561,1683
OID21688,PID2058,A128,EMP1014,C1040,2022-09-07,1,2257,2257
OID21689,PID2099,A142,EMP1031,C1364,2022-02-27,4,1367,5468
OID21691,PID2099,A117,EMP1033,C1394,2022-07-25,3,1367,4101
OID21694,PID2063,A100,EMP1014,C1589,2022-01-30,1,1708,1708
OID21697,PID2031,A165,EMP1028,C1136,2022-01-09,1,1638,1638
OID21701,PID2082,A151,EMP1030,C1068,2022-08-23,1,1103,1103
OID21708,PID2059,A148,EMP1035,C1602,2022-08-19,3,1494,4482
OID21709,PID2097,A119,EMP1016,C1650,2022-10-17,1,1052,1052
OID21714,PID2050,A107,EMP1004,C1201,2022-06-09,4,2391,9564
OID21716,PID2048,A128,EMP1036,C1422,2022-12-28,4,502,2008
OID21719,PID2078,A169,EMP1026,C1663,2022-06-27,3,1798,5394
OID21737,PID2057,A147,EMP1014,C1391,2022-09-23,1,181,181
OID21742,PID2052,A108,EMP1038,C1041,2022-09-30,2,1526,3052
OID21745,PID2099,A140,EMP1040,C1397,2022-02-09,1,1367,1367
OID21748,PID2018,A101,EMP1013,C1671,2022-04-12,4,1972,7888
OID21755,PID2048,A145,EMP1025,C1260,2022-01-01,3,502,1506
OID21756,PID2070,A116,EMP1007,C1128,2022-07-25,1,1671,1671
OID21757,PID2021,A142,EMP1027,C1293,2022-12-25,2,217,434
OID21759,PID2010,A144,EMP1025,C1589,2022-06-13,2,1812,3624
OID21761,PID2002,A164,EMP1021,C1502,2022-03-12,4,847,3388
OID21767,PID2088,A169,EMP1040,C1594,2022-09-19,3,603,1809
OID21768,PID2013,A101,EMP1008,C1183,2022-10-07,3,368,1104
OID21773,PID2011,A169,EMP1044,C1214,2022-04-03,2,530,1060
OID21775,PID2083,A128,EMP1018,C1612,2022-07-31,1,2141,2141
OID21778,PID2006,A145,EMP1021,C1185,2022-08-16,1,1826,1826
OID21783,PID2044,A119,EMP1008,C1337,2022-10-26,3,886,2658
OID21785,PID2056,A125,EMP1023,C1431,2022-05-22,2,1635,3270
OID21791,PID2045,A125,EMP1024,C1077,2022-01-03,4,556,2224
OID21794,PID2023,A116,EMP1019,C1133,2022-04-25,1,818,818
OID21795,PID2014,A151,EMP1026,C1785,2022-07-28,4,1809,7236
OID21796,PID2064,A159,EMP1010,C1543,2022-07-20,4,1414,5656
OID21797,PID2018,A102,EMP1024,C1683,2022-06-16,1,1972,1972
OID21805,PID2046,A146,EMP1021,C1163,2022-01-13,1,2410,2410
OID21806,PID2029,A122,EMP1013,C1222,2022-10-27,1,1848,1848
OID21809,PID2005,A146,EMP1029,C1235,2022-07-12,2,684,1368
OID21810,PID2069,A163,EMP1017,C1159,2022-09-06,3,378,1134
OID21814,PID2085,A111,EMP1019,C1060,2022-12-31,1,1862,1862
OID21819,PID2066,A163,EMP1000,C1596,2022-12-04,1,2091,2091
OID21820,PID2091,A101,EMP1016,C1611,2022-10-08,1,368,368
OID21821,PID2037,A129,EMP1026,C1771,2022-06-20,3,880,2640
OID21822,PID2029,A160,EMP1042,C1428,2022-06-19,3,1848,5544
OID21823,PID2074,A127,EMP1043,C1399,2022-09-29,1,504,504
OID21824,PID2023,A172,EMP1001,C1009,2022-06-03,2,818,1636
OID21833,PID2056,A118,EMP1008,C1482,2022-04-05,1,1635,1635
OID21835,PID2014,A112,EMP1000,C1471,2022-03-24,1,1809,1809
OID21836,PID2054,A131,EMP1005,C1686,2022-04-22,1,127,127
OID21837,PID2019,A158,EMP1044,C1656,2022-06-21,1,800,800
OID21842,PID2057,A163,EMP1021,C1154,2022-11-05,1,181,181
OID21843,PID2081,A141,EMP1017,C1048,2022-11-16,1,1566,1566
OID21847,PID2019,A119,EMP1037,C1417,2022-11-22,1,800,800
OID21852,PID2070,A144,EMP1015,C1287,2022-03-10,1,1671,1671
OID21853,PID2077,A112,EMP1013,C1608,2022-05-18,3,530,1590
OID21854,PID2081,A125,EMP1038,C1326,2022-03-15,3,1566,4698
OID21855,PID2012,A112,EMP1044,C1079,2022-02-15,1,1353,1353
OID21856,PID2035,A159,EMP1030,C1440,2022-06-22,3,458,1374
OID21864,PID2069,A134,EMP1005,C1046,2022-09-19,1,378,378
OID21865,PID2087,A101,EMP1037,C1486,2022-06-29,3,1022,3066
OID21866,PID2004,A167,EMP1013,C1621,2022-01-17,4,1278,5112
OID21868,PID2100,A114,EMP1018,C1420,2022-01-20,2,799,1598
OID21873,PID2077,A119,EMP1022,C1311,2022-10-24,4,530,2120
OID21874,PID2051,A127,EMP1025,C1797,2022-06-14,1,1077,1077
OID21878,PID2007,A117,EMP1042,C1125,2022-09-27,4,1405,5620
OID21884,PID2032,A167,EMP1042,C1686,2022-04-14,1,1967,1967
OID21888,PID2098,A136,EMP1016,C1221,2022-12-06,1,1178,1178
OID21891,PID2089,A170,EMP1006,C1751,2022-05-29,1,2294,2294
OID21897,PID2066,A132,EMP1037,C1218,2022-12-12,3,2091,6273
OID21903,PID2025,A143,EMP1014,C1444,2022-10-13,1,667,667
OID21907,PID2030,A140,EMP1002,C1588,2022-06-25,3,1899,5697
OID21909,PID2042,A165,EMP1030,C1062,2022-01-09,3,203,609
OID21910,PID2004,A161,EMP1003,C1507,2022-04-06,1,1278,1278
OID21914,PID2057,A145,EMP1011,C1402,2022-05-12,1,181,181
OID21915,PID2069,A171,EMP1018,C1768,2022-02-26,1,378,378
OID21920,PID2062,A121,EMP1028,C1579,2022-05-19,2,2464,4928
OID21923,PID2077,A142,EMP1003,C1003,2022-06-15,3,530,1590
OID21927,PID2051,A119,EMP1018,C1689,2022-02-24,2,1077,2154
OID21931,PID2012,A141,EMP1032,C1672,2022-12-20,4,1353,5412
OID21932,PID2098,A122,EMP1019,C1519,2022-04-19,1,1178,1178
OID21944,PID2081,A131,EMP1041,C1535,2022-10-11,4,1566,6264
OID21949,PID2008,A165,EMP1010,C1004,2022-05-23,3,315,945
OID21950,PID2045,A140,EMP1035,C1758,2022-01-24,1,556,556
OID21951,PID2041,A153,EMP1001,C1517,2022-11-05,1,1380,1380
OID21952,PID2081,A150,EMP1044,C1337,2022-06-02,1,1566,1566
OID21956,PID2070,A128,EMP1028,C1485,2022-12-31,1,1671,1671
OID21958,PID2002,A143,EMP1013,C1423,2022-02-03,2,847,1694
OID21964,PID2057,A111,EMP1011,C1134,2022-12-26,1,181,181
OID21965,PID2017,A105,EMP1005,C1165,2022-02-28,4,35,140
OID21966,PID2051,A144,EMP1028,C1356,2022-05-26,1,1077,1077
OID21967,PID2026,A128,EMP1043,C1683,2022-12-04,1,947,947
OID21969,PID2089,A163,EMP1001,C1560,2022-03-07,1,2294,2294
OID21972,PID2085,A162,EMP1034,C1581,2022-05-12,2,1862,3724
OID21975,PID2002,A119,EMP1011,C1199,2022-04-10,1,847,847
OID21978,PID2003,A150,EMP1020,C1141,2022-11-10,1,1783,1783
OID21979,PID2054,A128,EMP1039,C1653,2022-03-06,3,127,381
OID21986,PID2069,A119,EMP1032,C1080,2022-09-22,1,378,378
OID21987,PID2039,A111,EMP1025,C1555,2022-07-04,3,817,2451
OID21988,PID2097,A131,EMP1030,C1005,2022-04-06,1,1052,1052
OID21991,PID2031,A138,EMP1021,C1742,2022-08-12,2,1638,3276
OID21993,PID2009,A159,EMP1001,C1234,2022-10-31,1,584,584
OID21999,PID2089,A123,EMP1028,C1020,2022-05-24,1,2294,2294
OID22000,PID2066,A132,EMP1020,C1507,2022-02-07,1,2091,2091
OID22001,PID2010,A126,EMP1019,C1378,2022-12-19,1,1812,1812
OID22005,PID2048,A136,EMP1027,C1340,2022-11-11,2,502,1004
OID22007,PID2037,A140,EMP1042,C1763,2022-12-12,1,880,880
OID22009,PID2001,A112,EMP1029,C1608,2022-12-25,1,951,951
OID22012,PID2077,A106,EMP1013,C1409,2022-04-03,1,530,530
OID22023,PID2058,A103,EMP1037,C1677,2022-03-17,2,2257,4514
OID22026,PID2025,A167,EMP1025,C1704,2022-08-31,2,667,1334
OID22028,PID2012,A169,EMP1029,C1221,2022-12-11,1,1353,1353
OID22030,PID2022,A133,EMP1018,C1367,2022-11-29,1,561,561
OID22032,PID2057,A107,EMP1006,C1126,2022-05-04,1,181,181
OID22034,PID2030,A162,EMP1038,C1374,2022-03-27,1,1899,1899
OID22037,PID2082,A133,EMP1020,C1483,2022-01-22,1,1103,1103
OID22040,PID2008,A120,EMP1005,C1759,2022-02-14,4,315,1260
OID22046,PID2068,A144,EMP1038,C1614,2022-08-10,4,1500,6000
OID22047,PID2019,A127,EMP1041,C1477,2022-04-06,4,800,3200
OID22050,PID2071,A147,EMP1032,C1533,2022-10-25,3,136,408
OID22051,PID2023,A105,EMP1008,C1400,2022-08-18,2,818,1636
OID22054,PID2001,A110,EMP1003,C1139,2022-02-16,1,951,951
OID22056,PID2093,A167,EMP1018,C1294,2022-05-24,2,112,224
OID22060,PID2013,A145,EMP1012,C1743,2022-05-28,1,368,368
OID22063,PID2015,A152,EMP1020,C1158,2022-06-25,1,637,637
OID22066,PID2095,A132,EMP1007,C1419,2022-09-30,1,1743,1743
OID22079,PID2062,A157,EMP1016,C1763,2022-04-20,1,2464,2464
OID22081,PID2069,A118,EMP1012,C1653,2022-04-22,3,378,1134
OID22083,PID2038,A117,EMP1025,C1771,2022-01-06,4,392,1568
OID22087,PID2061,A169,EMP1000,C1190,2022-06-23,3,913,2739
OID22091,PID2075,A163,EMP1042,C1103,2022-05-27,3,400,1200
OID22102,PID2067,A132,EMP1033,C1258,2022-10-12,1,1119,1119
OID22108,PID2064,A167,EMP1020,C1217,2022-08-18,4,1414,5656
OID22113,PID2002,A163,EMP1036,C1026,2022-01-07,1,847,847
OID22116,PID2025,A105,EMP1043,C1029,2022-09-23,1,667,667
OID22118,PID2062,A119,EMP1024,C1501,2022-03-17,1,2464,2464
OID22122,PID2014,A131,EMP1014,C1635,2022-04-08,1,1809,1809
OID22127,PID2050,A116,EMP1013,C1678,2022-03-21,1,2391,2391
OID22129,PID2001,A130,EMP1029,C1599,2022-07-26,1,951,951
OID22130,PID2058,A123,EMP1040,C1196,2022-09-02,1,2257,2257
OID22138,PID2055,A150,EMP1028,C1272,2022-07-25,1,2495,2495
OID22140,PID2005,A163,EMP1010,C1098,2022-06-21,2,684,1368
OID22142,PID2009,A152,EMP1029,C1371,2022-08-13,2,584,1168
OID22144,PID2042,A166,EMP1001,C1509,2022-04-16,1,203,203
OID22145,PID2038,A100,EMP1032,C1148,2022-01-10,3,392,1176
OID22148,PID2028,A162,EMP1010,C1646,2022-08-29,2,2283,4566
OID22150,PID2095,A115,EMP1036,C1563,2022-05-26,1,1743,1743
OID22151,PID2067,A146,EMP1007,C1060,2022-04-19,1,1119,1119
OID22156,PID2052,A133,EMP1013,C1518,2022-11-11,4,1526,6104
OID22157,PID2043,A105,EMP1017,C1597,2022-02-03,2,545,1090
OID22160,PID2068,A117,EMP1037,C1543,2022-11-26,1,1500,1500
OID22166,PID2064,A135,EMP1005,C1036,2022-08-15,2,1414,2828
OID22168,PID2037,A166,EMP1012,C1366,2022-11-12,3,880,2640
OID22170,PID2033,A153,EMP1000,C1220,2022-02-19,1,2182,2182
OID22171,PID2041,A112,EMP1007,C1123,2022-11-18,2,1380,2760
OID22173,PID2053,A153,EMP1034,C1725,2022-06-30,2,596,1192
OID22178,PID2052,A127,EMP1026,C1543,2022-12-01,1,1526,1526
OID22185,PID2021,A132,EMP1040,C1005,2022-03-02,4,217,868
OID22188,PID2087,A119,EMP1019,C1731,2022-01-04,4,1022,4088
OID22191,PID2016,A128,EMP1017,C1178,2022-05-11,1,1351,1351
OID22195,PID2076,A115,EMP1017,C1753,2022-04-04,1,1522,1522
OID22197,PID2016,A108,EMP1044,C1200,2022-11-03,4,1351,5404
OID22208,PID2015,A140,EMP1013,C1640,2022-03-19,3,637,1911
OID22213,PID2000,A152,EMP1023,C1399,2022-10-14,1,2241,2241
OID22215,PID2002,A156,EMP1024,C1488,2022-06-07,2,847,1694
OID22217,PID2032,A149,EMP1035,C1496,2022-11-21,1,1967,1967
OID22222,PID2044,A154,EMP1041,C1635,2022-11-21,3,886,2658
OID22223,PID2076,A145,EMP1018,C1460,2022-04-02,1,1522,1522
OID22235,PID2099,A141,EMP1004,C1286,2022-10-28,1,1367,1367
OID22236,PID2011,A167,EMP1005,C1731,2022-06-19,2,530,1060
OID22237,PID2023,A102,EMP1005,C1446,2022-03-10,2,818,1636
OID22239,PID2009,A160,EMP1006,C1463,2022-10-30,1,584,584
OID22244,PID2100,A160,EMP1021,C1519,2022-04-23,4,799,3196
OID22247,PID2071,A146,EMP1009,C1323,2022-04-14,1,136,136
OID22249,PID2039,A128,EMP1023,C1290,2022-03-26,1,817,817
OID22251,PID2040,A140,EMP1024,C1283,2022-02-17,1,1889,1889
OID22253,PID2068,A117,EMP1038,C1031,2022-12-17,1,1500,1500
OID22260,PID2021,A111,EMP1010,C1117,2022-08-20,2,217,434
OID22267,PID2097,A123,EMP1015,C1093,2022-10-15,3,1052,3156
OID22268,PID2017,A131,EMP1033,C1554,2022-12-07,2,35,70
OID22269,PID2007,A121,EMP1009,C1040,2022-09-20,1,1405,1405
OID22270,PID2072,A138,EMP1038,C1528,2022-07-02,2,1887,3774
OID22273,PID2013,A160,EMP1012,C1203,2022-05-15,2,368,736
OID22274,PID2005,A152,EMP1026,C1055,2022-11-18,1,684,684
OID22277,PID2017,A115,EMP1033,C1118,2022-12-16,1,35,35
OID22283,PID2063,A133,EMP1008,C1584,2022-05-29,3,1708,5124
OID22290,PID2075,A102,EMP1020,C1325,2022-06-17,2,400,800
OID22295,PID2038,A119,EMP1021,C1379,2022-04-10,4,392,1568
OID22297,PID2060,A170,EMP1025,C1460,2022-03-12,1,1467,1467
OID22299,PID2061,A149,EMP1000,C1418,2022-05-15,1,913,913
OID22300,PID2047,A119,EMP1017,C1625,2022-04-15,2,290,580
OID22303,PID2007,A130,EMP1020,C1589,2022-12-12,2,1405,2810
OID22304,PID2061,A159,EMP1028,C1495,2022-08-02,1,913,913
OID22310,PID2008,A160,EMP1034,C1674,2022-08-04,1,315,315
OID22323,PID2036,A158,EMP1025,C1616,2022-07-17,1,1582,1582
OID22334,PID2084,A170,EMP1036,C1690,2022-02-24,1,1783,1783
OID22335,PID2065,A163,EMP1040,C1039,2022-04-14,2,2396,4792
OID22336,PID2092,A124,EMP1029,C1615,2022-01-05,2,1639,3278
OID22340,PID2078,A136,EMP1019,C1354,2022-03-20,2,1798,3596
OID22341,PID2087,A142,EMP1042,C1389,2022-08-29,2,1022,2044
OID22346,PID2038,A163,EMP1018,C1699,2022-10-07,1,392,392
OID22347,PID2024,A137,EMP1035,C1049,2022-03-30,2,356,712
OID22352,PID2068,A129,EMP1005,C1120,2022-05-26,1,1500,1500
OID22353,PID2033,A117,EMP1017,C1115,2022-07-24,3,2182,6546
OID22354,PID2086,A135,EMP1025,C1176,2022-12-27,1,123,123
OID22355,PID2098,A144,EMP1007,C1009,2022-07-17,4,1178,4712
OID22356,PID2097,A104,EMP1016,C1012,2022-09-16,2,1052,2104
OID22358,PID2036,A134,EMP1006,C1160,2022-08-27,3,1582,4746
OID22363,PID2054,A139,EMP1007,C1721,2022-04-09,3,127,381
OID22370,PID2046,A125,EMP1033,C1523,2022-02-18,1,2410,2410
OID22373,PID2069,A124,EMP1029,C1143,2022-05-20,2,378,756
OID22374,PID2030,A160,EMP1027,C1026,2022-04-06,1,1899,1899
OID22376,PID2076,A156,EMP1002,C1484,2022-11-24,1,1522,1522
OID22379,PID2094,A134,EMP1003,C1264,2022-09-29,1,771,771
OID22381,PID2067,A122,EMP1030,C1376,2022-11-16,1,1119,1119
OID22382,PID2022,A123,EMP1000,C1124,2022-09-13,3,561,1683
OID22389,PID2007,A130,EMP1024,C1568,2022-12-09,4,1405,5620
OID22390,PID2010,A166,EMP1005,C1157,2022-03-20,3,1812,5436
OID22401,PID2070,A121,EMP1017,C1612,2022-11-30,1,1671,1671
OID22403,PID2026,A145,EMP1034,C1428,2022-04-30,4,947,3788
OID22405,PID2035,A130,EMP1015,C1611,2022-08-26,3,458,1374
OID22410,PID2077,A126,EMP1017,C1738,2022-01-06,1,530,530
OID22411,PID2010,A101,EMP1025,C1434,2022-03-31,2,1812,3624
OID22412,PID2058,A160,EMP1003,C1010,2022-09-07,1,2257,2257
OID22414,PID2006,A141,EMP1001,C1256,2022-10-15,3,1826,5478
OID22428,PID2069,A129,EMP1041,C1687,2022-06-30,4,378,1512
OID22430,PID2035,A124,EMP1015,C1600,2022-03-28,1,458,458
OID22432,PID2073,A173,EMP1041,C1231,2022-07-09,1,95,95
OID22434,PID2029,A134,EMP1031,C1186,2022-10-29,4,1848,7392
OID22440,PID2054,A166,EMP1007,C1169,2022-09-15,2,127,254
OID22443,PID2038,A139,EMP1041,C1284,2022-09-26,3,392,1176
OID22444,PID2009,A155,EMP1034,C1005,2022-09-16,2,584,1168
OID22446,PID2034,A132,EMP1029,C1032,2022-09-08,2,871,1742
OID22448,PID2008,A135,EMP1024,C1342,2022-04-20,2,315,630
OID22449,PID2027,A138,EMP1040,C1720,2022-12-01,3,2497,7491
OID22452,PID2077,A112,EMP1010,C1256,2022-12-27,2,530,1060
OID22463,PID2046,A153,EMP1004,C1670,2022-10-23,1,2410,2410
OID22479,PID2039,A117,EMP1044,C1750,2022-01-01,2,817,1634
OID22480,PID2014,A119,EMP1001,C1676,2022-12-03,1,1809,1809
OID22484,PID2007,A167,EMP1006,C1087,2022-07-25,3,1405,4215
OID22490,PID2012,A135,EMP1000,C1022,2022-07-27,2,1353,2706
OID22493,PID2056,A117,EMP1019,C1187,2022-11-16,2,1635,3270
OID22496,PID2000,A127,EMP1025,C1405,2022-08-26,1,2241,2241
OID22499,PID2006,A117,EMP1032,C1366,2022-07-21,4,1826,7304
OID22507,PID2095,A167,EMP1036,C1324,2022-07-09,1,1743,1743
OID22508,PID2089,A103,EMP1013,C1378,2022-07-26,3,2294,6882
OID22510,PID2027,A142,EMP1035,C1212,2022-04-14,4,2497,9988
OID22511,PID2004,A136,EMP1020,C1616,2022-04-30,3,1278,3834
OID22517,PID2070,A111,EMP1005,C1650,2022-09-26,1,1671,1671
OID22519,PID2043,A150,EMP1026,C1401,2022-01-06,2,545,1090
OID22520,PID2075,A102,EMP1030,C1564,2022-07-13,1,400,400
OID22521,PID2014,A161,EMP1002,C1208,2022-04-21,4,1809,7236
OID22526,PID2043,A132,EMP1044,C1712,2022-12-02,4,545,2180
OID22527,PID2007,A139,EMP1036,C1032,2022-10-31,1,1405,1405
OID22534,PID2092,A161,EMP1024,C1429,2022-06-30,2,1639,3278
OID22536,PID2014,A152,EMP1005,C1513,2022-05-16,3,1809,5427
OID22539,PID2054,A170,EMP1030,C1764,2022-10-04,1,127,127
OID22540,PID2022,A153,EMP1009,C1004,2022-08-04,2,561,1122
OID22541,PID2053,A125,EMP1013,C1508,2022-01-13,2,596,1192
OID22543,PID2016,A127,EMP1038,C1527,2022-05-19,1,1351,1351
OID22544,PID2088,A138,EMP1012,C1684,2022-09-08,3,603,1809
OID22545,PID2027,A145,EMP1031,C1360,2022-07-31,1,2497,2497
OID22552,PID2083,A163,EMP1038,C1282,2022-06-08,4,2141,8564
OID22553,PID2027,A149,EMP1033,C1393,2022-07-18,1,2497,2497
OID22555,PID2067,A136,EMP1026,C1643,2022-08-09,1,1119,1119
OID22560,PID2075,A164,EMP1038,C1784,2022-11-22,1,400,400
OID22562,PID2026,A116,EMP1043,C1619,2022-08-19,2,947,1894
OID22565,PID2018,A145,EMP1041,C1611,2022-03-23,4,1972,7888
OID22569,PID2055,A161,EMP1023,C1208,2022-06-20,1,2495,2495
OID22571,PID2089,A106,EMP1001,C1583,2022-11-06,2,2294,4588
OID22573,PID2038,A139,EMP1042,C1011,2022-12-17,1,392,392
OID22574,PID2026,A136,EMP1030,C1066,2022-04-02,1,947,947
OID22575,PID2089,A149,EMP1015,C1609,2022-08-18,1,2294,2294
OID22576,PID2060,A115,EMP1003,C1408,2022-01-09,1,1467,1467
OID22581,PID2097,A107,EMP1000,C1442,2022-05-28,1,1052,1052
OID22585,PID2063,A122,EMP1024,C1494,2022-03-18,1,1708,1708
OID22589,PID2020,A133,EMP1011,C1121,2022-12-07,1,2005,2005
OID22591,PID2082,A144,EMP1026,C1628,2022-09-09,2,1103,2206
OID22597,PID2100,A126,EMP1017,C1579,2022-10-29,3,799,2397
OID22610,PID2081,A126,EMP1018,C1231,2022-06-21,1,1566,1566
OID22611,PID2065,A153,EMP1006,C1659,2022-08-19,2,2396,4792
OID22616,PID2053,A118,EMP1040,C1428,2022-03-01,1,596,596
OID22617,PID2062,A101,EMP1036,C1034,2022-07-10,1,2464,2464
OID22619,PID2032,A159,EMP1010,C1423,2022-06-03,1,1967,1967
OID22621,PID2074,A122,EMP1032,C1012,2022-11-11,3,504,1512
OID22622,PID2065,A153,EMP1014,C1699,2022-12-20,1,2396,2396
OID22623,PID2037,A130,EMP1017,C1800,2022-03-25,1,880,880
OID22625,PID2035,A132,EMP1004,C1613,2022-02-19,2,458,916
OID22639,PID2081,A109,EMP1010,C1184,2022-07-30,1,1566,1566
OID22644,PID2091,A101,EMP1021,C1492,2022-04-18,1,368,368
OID22645,PID2020,A172,EMP1014,C1335,2022-12-03,1,2005,2005
OID22646,PID2081,A139,EMP1040,C1518,2022-07-01,2,1566,3132
OID22647,PID2073,A101,EMP1007,C1181,2022-12-27,1,95,95
OID22648,PID2022,A161,EMP1037,C1105,2022-03-05,3,561,1683
OID22650,PID2051,A126,EMP1037,C1557,2022-08-30,2,1077,2154
OID22652,PID2051,A133,EMP1034,C1111,2022-10-17,1,1077,1077
OID22659,PID2054,A133,EMP1006,C1536,2022-07-18,2,127,254
OID22661,PID2010,A104,EMP1008,C1203,2022-06-13,2,1812,3624
OID22662,PID2013,A139,EMP1023,C1766,2022-09-16,1,368,368
OID22663,PID2064,A152,EMP1026,C1676,2022-12-22,2,1414,2828
OID22673,PID2091,A125,EMP1004,C1481,2022-04-12,3,368,1104
OID22674,PID2042,A112,EMP1021,C1607,2022-06-09,2,203,406
OID22675,PID2044,A115,EMP1016,C1532,2022-05-15,3,886,2658
OID22676,PID2014,A115,EMP1005,C1197,2022-09-02,2,1809,3618
OID22682,PID2097,A120,EMP1028,C1346,2022-01-04,1,1052,1052
OID22684,PID2012,A136,EMP1012,C1307,2022-02-23,2,1353,2706
OID22685,PID2019,A155,EMP1040,C1414,2022-05-21,3,800,2400
OID22686,PID2041,A118,EMP1030,C1511,2022-07-26,1,1380,1380
OID22687,PID2066,A112,EMP1027,C1718,2022-11-18,1,2091,2091
OID22694,PID2004,A109,EMP1036,C1505,2022-06-18,1,1278,1278
OID22699,PID2086,A161,EMP1015,C1159,2022-02-16,3,123,369
OID22701,PID2025,A113,EMP1001,C1714,2022-11-26,1,667,667
OID22703,PID2003,A157,EMP1018,C1342,2022-12-06,1,1783,1783
OID22704,PID2026,A105,EMP1022,C1691,2022-12-06,3,947,2841
OID22705,PID2012,A144,EMP1018,C1385,2022-03-18,4,1353,5412
OID22708,PID2014,A149,EMP1036,C1370,2022-01-01,1,1809,1809
OID22709,PID2066,A148,EMP1012,C1529,2022-01-12,1,2091,2091
OID22711,PID2071,A100,EMP1008,C1432,2022-02-24,4,136,544
OID22722,PID2096,A108,EMP1000,C1794,2022-04-20,1,1587,1587
OID22727,PID2032,A148,EMP1035,C1760,2022-07-25,1,1967,1967
OID22728,PID2069,A134,EMP1027,C1296,2022-02-18,1,378,378
OID22729,PID2051,A136,EMP1027,C1192,2022-10-04,1,1077,1077
OID22730,PID2021,A120,EMP1008,C1136,2022-09-11,1,217,217
OID22735,PID2016,A138,EMP1032,C1752,2022-03-05,3,1351,4053
OID22737,PID2037,A135,EMP1004,C1649,2022-06-26,1,880,880
OID22746,PID2072,A147,EMP1015,C1608,2022-08-03,1,1887,1887
OID22752,PID2032,A156,EMP1010,C1341,2022-10-04,1,1967,1967
OID22757,PID2010,A163,EMP1023,C1135,2022-10-02,3,1812,5436
OID22760,PID2026,A102,EMP1015,C1627,2022-07-10,2,947,1894
OID22763,PID2039,A111,EMP1043,C1677,2022-07-31,1,817,817
OID22764,PID2051,A170,EMP1035,C1480,2022-03-30,4,1077,4308
OID22765,PID2016,A145,EMP1008,C1028,2022-09-10,1,1351,1351
OID22766,PID2009,A150,EMP1015,C1462,2022-11-08,4,584,2336
OID22774,PID2070,A123,EMP1042,C1484,2022-05-25,1,1671,1671
OID22777,PID2036,A117,EMP1040,C1728,2022-05-31,1,1582,1582
OID22778,PID2057,A112,EMP1036,C1730,2022-07-03,1,181,181
OID22779,PID2000,A100,EMP1031,C1377,2022-04-04,1,2241,2241
OID22781,PID2100,A161,EMP1038,C1639,2022-08-24,4,799,3196
OID22783,PID2034,A109,EMP1037,C1606,2022-10-20,2,871,1742
OID22785,PID2029,A121,EMP1005,C1755,2022-09-24,1,1848,1848
OID22787,PID2020,A142,EMP1044,C1157,2022-05-05,2,2005,4010
OID22788,PID2046,A143,EMP1029,C1782,2022-11-16,1,2410,2410
OID22789,PID2068,A107,EMP1018,C1105,2022-07-22,1,1500,1500
OID22790,PID2096,A130,EMP1038,C1093,2022-07-05,1,1587,1587
OID22793,PID2091,A150,EMP1030,C1314,2022-06-13,1,368,368
OID22794,PID2036,A110,EMP1003,C1136,2022-05-13,2,1582,3164
OID22795,PID2034,A110,EMP1003,C1456,2022-10-11,1,871,871
OID22796,PID2077,A135,EMP1044,C1490,2022-05-23,4,530,2120
OID22798,PID2056,A173,EMP1002,C1762,2022-05-08,1,1635,1635
OID22801,PID2060,A103,EMP1014,C1355,2022-12-06,3,1467,4401
OID22805,PID2011,A152,EMP1036,C1671,2022-11-26,1,530,530
OID22809,PID2071,A171,EMP1030,C1539,2022-03-10,3,136,408
OID22811,PID2062,A128,EMP1003,C1380,2022-07-05,4,2464,9856
OID22814,PID2093,A162,EMP1021,C1602,2022-04-21,1,112,112
OID22815,PID2026,A100,EMP1040,C1751,2022-07-27,4,947,3788
OID22817,PID2092,A120,EMP1037,C1439,2022-06-09,4,1639,6556
OID22821,PID2089,A170,EMP1003,C1612,2022-03-29,1,2294,2294
OID22823,PID2087,A141,EMP1023,C1617,2022-06-26,3,1022,3066
OID22825,PID2082,A126,EMP1032,C1743,2022-07-16,3,1103,3309
OID22826,PID2067,A100,EMP1017,C1134,2022-08-07,1,1119,1119
OID22830,PID2083,A122,EMP1032,C1205,2022-10-14,3,2141,6423
OID22832,PID2006,A131,EMP1036,C1389,2022-01-06,1,1826,1826
OID22833,PID2040,A147,EMP1028,C1448,2022-07-15,1,1889,1889
OID22835,PID2074,A132,EMP1037,C1248,2022-02-07,1,504,504
OID22836,PID2039,A109,EMP1035,C1626,2022-10-27,3,817,2451
OID22837,PID2023,A139,EMP1007,C1219,2022-01-18,3,818,2454
OID22840,PID2057,A150,EMP1028,C1208,2022-09-12,3,181,543
OID22841,PID2053,A153,EMP1036,C1466,2022-02-22,1,596,596
OID22843,PID2007,A120,EMP1000,C1225,2022-11-07,1,1405,1405
OID22844,PID2049,A143,EMP1005,C1775,2022-06-05,3,826,2478
OID22845,PID2018,A150,EMP1037,C1730,2022-03-06,2,1972,3944
OID22848,PID2091,A166,EMP1026,C1671,2022-07-17,1,368,368
OID22849,PID2048,A109,EMP1039,C1020,2022-04-01,1,502,502
OID22854,PID2086,A158,EMP1023,C1378,2022-08-19,3,123,369
OID22855,PID2054,A113,EMP1039,C1198,2022-09-03,1,127,127
OID22856,PID2087,A172,EMP1031,C1462,2022-11-12,4,1022,4088
OID22860,PID2008,A172,EMP1026,C1114,2022-08-03,1,315,315
OID22864,PID2043,A144,EMP1008,C1434,2022-08-01,3,545,1635
OID22866,PID2097,A106,EMP1020,C1047,2022-07-26,1,1052,1052
OID22871,PID2028,A100,EMP1026,C1264,2022-06-01,1,2283,2283
OID22872,PID2028,A131,EMP1041,C1800,2022-09-26,1,2283,2283
OID22875,PID2100,A162,EMP1007,C1438,2022-03-31,1,799,799
OID22877,PID2008,A127,EMP1025,C1372,2022-02-10,1,315,315
OID22884,PID2058,A132,EMP1003,C1350,2022-01-15,4,2257,9028
OID22891,PID2082,A117,EMP1017,C1171,2022-11-12,2,1103,2206
OID22892,PID2020,A108,EMP1001,C1580,2022-10-30,3,2005,6015
OID22893,PID2017,A100,EMP1001,C1786,2022-08-27,4,35,140
OID22899,PID2078,A101,EMP1025,C1453,2022-02-05,1,1798,1798
OID22900,PID2091,A157,EMP1042,C1603,2022-06-05,1,368,368
OID22907,PID2006,A144,EMP1009,C1743,2022-09-02,2,1826,3652
OID22908,PID2023,A107,EMP1001,C1712,2022-12-06,1,818,818
OID22910,PID2015,A129,EMP1020,C1667,2022-02-25,1,637,637
OID22914,PID2013,A143,EMP1019,C1395,2022-06-29,2,368,736
OID22923,PID2071,A107,EMP1015,C1619,2022-04-15,2,136,272
OID22924,PID2067,A133,EMP1028,C1181,2022-04-14,2,1119,2238
OID22925,PID2041,A169,EMP1034,C1747,2022-01-31,1,1380,1380
OID22927,PID2094,A150,EMP1035,C1514,2022-03-16,3,771,2313
OID22928,PID2088,A153,EMP1011,C1766,2022-08-16,3,603,1809
OID22934,PID2015,A162,EMP1043,C1003,2022-11-05,1,637,637
OID22936,PID2020,A103,EMP1005,C1239,2022-07-15,1,2005,2005
OID22938,PID2085,A153,EMP1022,C1653,2022-02-10,2,1862,3724
OID22940,PID2089,A113,EMP1043,C1590,2022-10-13,4,2294,9176
OID22942,PID2042,A107,EMP1044,C1784,2022-10-03,1,203,203
OID22945,PID2001,A103,EMP1041,C1599,2022-07-06,1,951,951
OID22952,PID2096,A102,EMP1043,C1288,2022-06-09,1,1587,1587
OID22959,PID2018,A124,EMP1028,C1392,2022-05-06,2,1972,3944
OID22960,PID2001,A145,EMP1001,C1302,2022-04-14,1,951,951
OID22961,PID2024,A135,EMP1008,C1664,2022-04-22,3,356,1068
OID22962,PID2036,A112,EMP1024,C1055,2022-07-10,1,1582,1582
OID22965,PID2068,A120,EMP1031,C1312,2022-06-14,1,1500,1500
OID22968,PID2047,A129,EMP1004,C1739,2022-06-29,1,290,290
OID22971,PID2025,A111,EMP1023,C1530,2022-06-21,1,667,667
OID22973,PID2093,A109,EMP1023,C1789,2022-03-12,3,112,336
OID22977,PID2047,A153,EMP1012,C1619,2022-12-09,1,290,290
OID22984,PID2057,A114,EMP1002,C1344,2022-11-25,3,181,543
OID22986,PID2081,A122,EMP1037,C1298,2022-07-15,3,1566,4698
OID22988,PID2077,A136,EMP1017,C1088,2022-03-25,1,530,530
OID22991,PID2008,A120,EMP1026,C1466,2022-10-09,2,315,630
OID22997,PID2032,A143,EMP1005,C1035,2022-02-05,4,1967,7868
OID22999,PID2039,A158,EMP1012,C1271,2022-08-23,2,817,1634
OID23001,PID2009,A132,EMP1036,C1413,2022-03-18,1,584,584
OID23003,PID2067,A151,EMP1004,C1262,2022-10-14,1,1119,1119
OID23004,PID2091,A104,EMP1042,C1289,2022-02-26,3,368,1104
OID23006,PID2092,A156,EMP1023,C1108,2022-07-01,1,1639,1639
OID23012,PID2006,A112,EMP1037,C1434,2022-05-08,1,1826,1826
OID23017,PID2086,A128,EMP1025,C1132,2022-03-22,4,123,492
OID23019,PID2072,A152,EMP1000,C1543,2022-04-24,3,1887,5661
OID23020,PID2047,A101,EMP1027,C1446,2022-11-28,3,290,870
OID23024,PID2080,A152,EMP1032,C1239,2022-11-13,1,2353,2353
OID23025,PID2024,A106,EMP1009,C1028,2022-05-12,1,356,356
OID23026,PID2029,A102,EMP1008,C1425,2022-12-25,4,1848,7392
OID23029,PID2099,A121,EMP1031,C1209,2022-10-19,2,1367,2734
OID23031,PID2005,A143,EMP1036,C1490,2022-10-11,1,684,684
OID23034,PID2096,A156,EMP1014,C1797,2022-04-09,4,1587,6348
OID23041,PID2078,A160,EMP1020,C1750,2022-08-10,1,1798,1798
OID23048,PID2087,A162,EMP1021,C1379,2022-04-12,1,1022,1022
OID23051,PID2003,A132,EMP1015,C1461,2022-06-20,4,1783,7132
OID23059,PID2057,A151,EMP1032,C1108,2022-02-22,1,181,181
OID23063,PID2060,A128,EMP1008,C1486,2022-05-17,4,1467,5868
OID23067,PID2046,A163,EMP1019,C1429,2022-02-01,1,2410,2410
OID23068,PID2077,A168,EMP1041,C1080,2022-09-20,1,530,530
OID23072,PID2075,A131,EMP1002,C1749,2022-09-15,1,400,400
OID23075,PID2053,A101,EMP1020,C1387,2022-08-02,2,596,1192
OID23082,PID2091,A103,EMP1035,C1157,2022-06-25,1,368,368
OID23085,PID2040,A102,EMP1013,C1639,2022-10-22,1,1889,1889
OID23091,PID2001,A121,EMP1023,C1733,2022-02-21,4,951,3804
OID23094,PID2002,A136,EMP1008,C1308,2022-09-12,1,847,847
OID23099,PID2015,A158,EMP1022,C1313,2022-01-04,1,637,637
OID23102,PID2080,A159,EMP1011,C1201,2022-02-13,1,2353,2353
OID23104,PID2078,A101,EMP1041,C1392,2022-05-29,4,1798,7192
OID23108,PID2078,A115,EMP1004,C1264,2022-06-06,2,1798,3596
OID23110,PID2047,A171,EMP1006,C1195,2022-02-03,3,290,870
OID23112,PID2079,A161,EMP1031,C1743,2022-03-29,2,1725,3450
OID23115,PID2006,A155,EMP1028,C1160,2022-10-23,2,1826,3652
OID23116,PID2054,A121,EMP1001,C1228,2022-11-14,3,127,381
OID23117,PID2090,A152,EMP1042,C1589,2022-11-25,3,1338,4014
OID23125,PID2018,A151,EMP1011,C1283,2022-06-03,4,1972,7888
OID23130,PID2055,A153,EMP1018,C1589,2022-01-27,1,2495,2495
OID23132,PID2071,A100,EMP1008,C1162,2022-03-19,1,136,136
OID23137,PID2075,A120,EMP1019,C1449,2022-06-09,3,400,1200
OID23141,PID2017,A146,EMP1034,C1356,2022-11-06,3,35,105
OID23148,PID2032,A138,EMP1023,C1076,2022-06-25,1,1967,1967
OID23152,PID2021,A132,EMP1024,C1276,2022-08-30,2,217,434
OID23156,PID2074,A169,EMP1009,C1176,2022-01-15,4,504,2016
OID23159,PID2100,A125,EMP1000,C1383,2022-09-01,4,799,3196
OID23162,PID2028,A110,EMP1037,C1692,2022-03-13,3,2283,6849
OID23168,PID2099,A169,EMP1021,C1683,2022-01-30,1,1367,1367
OID23174,PID2013,A111,EMP1001,C1018,2022-06-14,3,368,1104
OID23175,PID2017,A160,EMP1026,C1141,2022-04-30,1,35,35
OID23177,PID2034,A171,EMP1015,C1124,2022-06-30,2,871,1742
OID23180,PID2071,A160,EMP1018,C1060,2022-01-23,1,136,136
OID23187,PID2014,A118,EMP1008,C1324,2022-02-26,1,1809,1809
OID23190,PID2057,A105,EMP1036,C1184,2022-08-21,1,181,181
OID23195,PID2022,A134,EMP1003,C1671,2022-07-02,2,561,1122
OID23197,PID2093,A168,EMP1004,C1152,2022-06-19,3,112,336
OID23198,PID2038,A109,EMP1010,C1619,2022-10-20,4,392,1568
OID23200,PID2024,A161,EMP1009,C1579,2022-03-29,3,356,1068
OID23203,PID2063,A100,EMP1041,C1186,2022-05-25,1,1708,1708
OID23206,PID2091,A129,EMP1041,C1549,2022-07-19,1,368,368
OID23209,PID2027,A125,EMP1032,C1542,2022-06-13,1,2497,2497
OID23211,PID2046,A142,EMP1039,C1047,2022-12-06,1,2410,2410
OID23213,PID2029,A146,EMP1018,C1153,2022-10-19,4,1848,7392
OID23215,PID2047,A152,EMP1044,C1155,2022-03-08,2,290,580
OID23218,PID2004,A120,EMP1010,C1045,2022-05-01,2,1278,2556
OID23223,PID2080,A104,EMP1016,C1690,2022-10-17,4,2353,9412
OID23225,PID2083,A169,EMP1036,C1523,2022-12-23,1,2141,2141
OID23230,PID2083,A111,EMP1022,C1637,2022-11-14,4,2141,8564
OID23236,PID2012,A153,EMP1001,C1212,2022-02-20,1,1353,1353
OID23238,PID2070,A123,EMP1022,C1190,2022-09-16,2,1671,3342
OID23241,PID2076,A116,EMP1022,C1739,2022-10-26,4,1522,6088
OID23245,PID2042,A117,EMP1005,C1730,2022-09-15,1,203,203
OID23248,PID2051,A119,EMP1039,C1133,2022-05-25,1,1077,1077
OID23250,PID2019,A145,EMP1007,C1528,2022-05-08,2,800,1600
OID23251,PID2078,A109,EMP1030,C1198,2022-05-12,1,1798,1798
OID23254,PID2046,A146,EMP1035,C1723,2022-06-04,1,2410,2410
OID23256,PID2069,A131,EMP1036,C1323,2022-07-11,2,378,756
OID23257,PID2088,A135,EMP1014,C1330,2022-02-16,4,603,2412
OID23258,PID2001,A125,EMP1005,C1664,2022-12-16,2,951,1902
OID23259,PID2068,A127,EMP1040,C1346,2022-02-12,1,1500,1500
OID23261,PID2064,A111,EMP1021,C1286,2022-03-16,1,1414,1414
OID23264,PID2070,A103,EMP1012,C1400,2022-03-03,1,1671,1671
OID23266,PID2035,A165,EMP1036,C1610,2022-05-02,1,458,458
OID23267,PID2000,A106,EMP1039,C1628,2022-05-31,2,2241,4482
OID23269,PID2079,A151,EMP1027,C1569,2022-02-25,3,1725,5175
OID23271,PID2067,A113,EMP1026,C1573,2022-03-12,1,1119,1119
OID23277,PID2071,A144,EMP1026,C1074,2022-08-11,1,136,136
OID23282,PID2078,A167,EMP1020,C1356,2022-12-11,2,1798,3596
OID23286,PID2091,A148,EMP1013,C1254,2022-05-24,4,368,1472
OID23288,PID2066,A121,EMP1043,C1145,2022-10-19,1,2091,2091
OID23293,PID2099,A122,EMP1025,C1487,2022-10-04,2,1367,2734
OID23296,PID2096,A168,EMP1030,C1374,2022-02-17,4,1587,6348
OID23300,PID2003,A143,EMP1022,C1311,2022-03-23,3,1783,5349
OID23301,PID2024,A150,EMP1006,C1141,2022-05-05,3,356,1068
OID23309,PID2008,A157,EMP1034,C1514,2022-03-27,1,315,315
OID23310,PID2056,A170,EMP1011,C1438,2022-04-10,3,1635,4905
OID23311,PID2077,A147,EMP1024,C1254,2022-12-26,2,530,1060
OID23312,PID2068,A142,EMP1035,C1789,2022-09-18,1,1500,1500
OID23321,PID2088,A146,EMP1038,C1668,2022-05-16,1,603,603
OID23326,PID2085,A145,EMP1043,C1273,2022-05-25,2,1862,3724
OID23328,PID2062,A113,EMP1000,C1425,2022-03-18,1,2464,2464
OID23330,PID2011,A108,EMP1014,C1566,2022-06-07,1,530,530
OID23331,PID2058,A144,EMP1044,C1364,2022-07-03,3,2257,6771
OID23335,PID2045,A138,EMP1013,C1223,2022-09-29,1,556,556
OID23340,PID2069,A138,EMP1039,C1484,2022-10-10,1,378,378
OID23349,PID2030,A169,EMP1001,C1610,2022-12-25,1,1899,1899
OID23352,PID2080,A101,EMP1026,C1223,2022-03-23,3,2353,7059
OID23353,PID2064,A127,EMP1030,C1248,2022-11-26,1,1414,1414
OID23356,PID2025,A117,EMP1021,C1031,2022-02-28,2,667,1334
OID23358,PID2035,A132,EMP1043,C1763,2022-10-31,2,458,916
OID23362,PID2093,A144,EMP1039,C1394,2022-09-16,2,112,224
OID23364,PID2043,A122,EMP1029,C1226,2022-06-20,1,545,545
OID23366,PID2053,A122,EMP1010,C1776,2022-12-01,3,596,1788
OID23369,PID2043,A130,EMP1042,C1208,2022-10-08,4,545,2180
OID23370,PID2078,A167,EMP1000,C1546,2022-02-16,1,1798,1798
OID23373,PID2069,A101,EMP1035,C1373,2022-07-10,3,378,1134
OID23375,PID2085,A157,EMP1040,C1498,2022-12-15,1,1862,1862
OID23381,PID2004,A116,EMP1039,C1787,2022-09-24,1,1278,1278
OID23390,PID2007,A155,EMP1016,C1334,2022-06-18,3,1405,4215
OID23393,PID2035,A147,EMP1022,C1085,2022-04-13,1,458,458
OID23401,PID2081,A172,EMP1041,C1171,2022-06-20,1,1566,1566
OID23402,PID2019,A130,EMP1000,C1740,2022-01-07,3,800,2400
OID23405,PID2074,A133,EMP1020,C1444,2022-08-15,3,504,1512
OID23408,PID2048,A110,EMP1037,C1197,2022-10-22,3,502,1506
OID23411,PID2092,A156,EMP1002,C1091,2022-06-07,1,1639,1639
OID23414,PID2062,A112,EMP1040,C1574,2022-06-29,3,2464,7392
OID23416,PID2075,A149,EMP1010,C1780,2022-10-18,1,400,400
OID23418,PID2022,A129,EMP1017,C1202,2022-02-17,2,561,1122
OID23422,PID2030,A172,EMP1019,C1010,2022-02-21,2,1899,3798
OID23425,PID2062,A144,EMP1031,C1590,2022-05-31,4,2464,9856
OID23429,PID2046,A163,EMP1035,C1659,2022-02-17,1,2410,2410
OID23436,PID2007,A154,EMP1022,C1602,2022-10-28,2,1405,2810
OID23438,PID2015,A158,EMP1023,C1483,2022-12-02,3,637,1911
OID23441,PID2008,A143,EMP1028,C1023,2022-05-29,3,315,945
OID23444,PID2056,A135,EMP1000,C1216,2022-06-11,1,1635,1635
OID23449,PID2090,A118,EMP1011,C1533,2022-09-24,1,1338,1338
OID23450,PID2070,A154,EMP1015,C1153,2022-08-24,1,1671,1671
OID23454,PID2030,A134,EMP1019,C1017,2022-09-16,4,1899,7596
OID23456,PID2090,A144,EMP1020,C1286,2022-08-14,3,1338,4014
OID23458,PID2044,A162,EMP1008,C1382,2022-07-23,3,886,2658
OID23459,PID2038,A128,EMP1030,C1120,2022-11-27,1,392,392
OID23465,PID2096,A128,EMP1037,C1007,2022-04-06,2,1587,3174
OID23466,PID2058,A115,EMP1038,C1396,2022-11-20,1,2257,2257
OID23471,PID2091,A143,EMP1022,C1430,2022-06-11,1,368,368
OID23474,PID2093,A140,EMP1006,C1599,2022-10-01,2,112,224
OID23478,PID2036,A164,EMP1006,C1480,2022-06-26,1,1582,1582
OID23479,PID2081,A156,EMP1040,C1187,2022-12-31,3,1566,4698
OID23480,PID2078,A128,EMP1006,C1416,2022-04-03,3,1798,5394
OID23482,PID2060,A132,EMP1006,C1456,2022-04-03,2,1467,2934
OID23486,PID2037,A166,EMP1031,C1580,2022-01-02,1,880,880
OID23494,PID2099,A124,EMP1013,C1351,2022-09-17,1,1367,1367
OID23496,PID2057,A144,EMP1008,C1229,2022-02-16,1,181,181
OID23498,PID2011,A167,EMP1011,C1310,2022-07-19,2,530,1060
OID23501,PID2072,A140,EMP1043,C1320,2022-05-09,1,1887,1887
OID23503,PID2033,A111,EMP1033,C1632,2022-03-23,1,2182,2182
OID23507,PID2082,A171,EMP1023,C1140,2022-01-20,1,1103,1103
OID23508,PID2047,A124,EMP1038,C1650,2022-10-12,1,290,290
OID23509,PID2003,A106,EMP1017,C1242,2022-09-18,3,1783,5349
OID23510,PID2069,A112,EMP1009,C1457,2022-06-01,1,378,378
OID23511,PID2092,A106,EMP1028,C1582,2022-05-11,1,1639,1639
OID23525,PID2091,A103,EMP1019,C1004,2022-09-03,2,368,736
OID23526,PID2049,A141,EMP1029,C1525,2022-06-15,1,826,826
OID23527,PID2026,A171,EMP1024,C1717,2022-06-24,1,947,947
OID23528,PID2080,A145,EMP1031,C1033,2022-08-09,1,2353,2353
OID23539,PID2070,A134,EMP1002,C1446,2022-11-16,1,1671,1671
OID23543,PID2024,A100,EMP1026,C1229,2022-03-21,3,356,1068
OID23546,PID2084,A102,EMP1019,C1619,2022-02-19,3,1783,5349
OID23551,PID2100,A117,EMP1034,C1600,2022-03-30,4,799,3196
OID23552,PID2008,A137,EMP1023,C1205,2022-01-12,1,315,315
OID23554,PID2098,A123,EMP1036,C1650,2022-03-01,1,1178,1178
OID23555,PID2045,A142,EMP1004,C1624,2022-10-14,2,556,1112
OID23556,PID2006,A147,EMP1029,C1069,2022-08-18,4,1826,7304
OID23569,PID2017,A144,EMP1033,C1016,2022-10-02,4,35,140
OID23571,PID2045,A105,EMP1031,C1438,2022-06-11,1,556,556
OID23572,PID2069,A149,EMP1008,C1749,2022-09-15,3,378,1134
OID23573,PID2005,A157,EMP1036,C1171,2022-08-30,2,684,1368
OID23576,PID2023,A129,EMP1011,C1079,2022-11-17,2,818,1636
OID23577,PID2061,A160,EMP1004,C1652,2022-11-29,2,913,1826
OID23588,PID2016,A148,EMP1016,C1270,2022-12-30,2,1351,2702
OID23589,PID2008,A136,EMP1028,C1691,2022-07-30,2,315,630
OID23592,PID2041,A151,EMP1000,C1438,2022-04-19,2,1380,2760
OID23594,PID2049,A110,EMP1033,C1691,2022-07-29,4,826,3304
OID23597,PID2049,A108,EMP1033,C1517,2022-11-05,1,826,826
OID23603,PID2075,A148,EMP1005,C1641,2022-09-26,4,400,1600
OID23604,PID2074,A147,EMP1010,C1136,2022-01-01,1,504,504
OID23607,PID2017,A105,EMP1030,C1178,2022-04-26,2,35,70
OID23610,PID2017,A127,EMP1023,C1092,2022-07-11,1,35,35
OID23611,PID2098,A102,EMP1005,C1628,2022-05-07,3,1178,3534
OID23615,PID2088,A146,EMP1031,C1107,2022-07-11,4,603,2412
OID23622,PID2005,A116,EMP1033,C1518,2022-02-04,3,684,2052
OID23623,PID2024,A161,EMP1023,C1418,2022-03-01,1,356,356
OID23625,PID2008,A131,EMP1018,C1106,2022-11-22,3,315,945
OID23626,PID2013,A133,EMP1041,C1714,2022-09-29,4,368,1472
OID23627,PID2007,A112,EMP1013,C1464,2022-07-17,3,1405,4215
OID23629,PID2049,A144,EMP1028,C1570,2022-03-12,1,826,826
OID23632,PID2040,A102,EMP1004,C1573,2022-05-12,2,1889,3778
OID23633,PID2012,A151,EMP1015,C1721,2022-07-12,1,1353,1353
OID23635,PID2023,A152,EMP1043,C1780,2022-09-19,1,818,818
OID23636,PID2046,A104,EMP1011,C1715,2022-12-24,2,2410,4820
OID23640,PID2001,A168,EMP1017,C1688,2022-11-04,1,951,951
OID23641,PID2072,A110,EMP1041,C1505,2022-03-07,4,1887,7548
OID23642,PID2097,A126,EMP1013,C1333,2022-10-09,2,1052,2104
OID23643,PID2037,A102,EMP1016,C1758,2022-10-01,3,880,2640
OID23647,PID2001,A132,EMP1025,C1135,2022-04-11,1,951,951
OID23649,PID2021,A127,EMP1037,C1335,2022-12-05,4,217,868
OID23652,PID2036,A146,EMP1029,C1634,2022-09-19,2,1582,3164
OID23656,PID2079,A162,EMP1012,C1472,2022-12-13,2,1725,3450
OID23657,PID2081,A104,EMP1027,C1596,2022-07-03,1,1566,1566
OID23658,PID2051,A123,EMP1012,C1127,2022-11-25,1,1077,1077
OID23659,PID2032,A154,EMP1023,C1374,2022-01-31,4,1967,7868
OID23663,PID2010,A162,EMP1037,C1548,2022-05-09,2,1812,3624
OID23665,PID2011,A132,EMP1009,C1787,2022-11-02,1,530,530
OID23668,PID2088,A102,EMP1011,C1110,2022-09-22,1,603,603
OID23670,PID2012,A144,EMP1022,C1784,2022-03-18,1,1353,1353
OID23673,PID2064,A125,EMP1022,C1719,2022-07-04,2,1414,2828
OID23684,PID2051,A123,EMP1013,C1046,2022-04-05,4,1077,4308
OID23685,PID2027,A151,EMP1030,C1301,2022-02-13,1,2497,2497
OID23690,PID2039,A133,EMP1024,C1356,2022-05-19,1,817,817
OID23693,PID2054,A142,EMP1013,C1609,2022-06-30,3,127,381
OID23696,PID2027,A149,EMP1039,C1752,2022-12-16,4,2497,9988
OID23705,PID2000,A153,EMP1016,C1222,2022-12-01,1,2241,2241
OID23709,PID2071,A113,EMP1016,C1742,2022-09-24,1,136,136
OID23710,PID2017,A114,EMP1027,C1578,2022-06-22,1,35,35
OID23713,PID2025,A168,EMP1037,C1568,2022-08-26,1,667,667
OID23714,PID2023,A139,EMP1013,C1437,2022-07-07,3,818,2454
OID23718,PID2058,A102,EMP1039,C1442,2022-01-25,1,2257,2257
OID23720,PID2016,A127,EMP1033,C1335,2022-04-18,4,1351,5404
OID23723,PID2063,A114,EMP1044,C1385,2022-06-01,3,1708,5124
OID23724,PID2011,A129,EMP1014,C1716,2022-12-17,3,530,1590
OID23725,PID2040,A118,EMP1039,C1444,2022-11-19,2,1889,3778
OID23731,PID2042,A121,EMP1028,C1463,2022-06-28,2,203,406
OID23734,PID2073,A146,EMP1014,C1681,2022-07-17,2,95,190
OID23735,PID2045,A104,EMP1004,C1598,2022-02-13,2,556,1112
OID23743,PID2004,A119,EMP1033,C1419,2022-08-09,1,1278,1278
OID23745,PID2056,A165,EMP1029,C1418,2022-03-31,1,1635,1635
OID23754,PID2083,A158,EMP1000,C1159,2022-09-19,3,2141,6423
OID23757,PID2002,A150,EMP1036,C1323,2022-01-18,2,847,1694
OID23758,PID2100,A140,EMP1026,C1318,2022-11-15,1,799,799
OID23760,PID2031,A170,EMP1044,C1084,2022-09-20,2,1638,3276
OID23761,PID2006,A123,EMP1042,C1543,2022-01-17,1,1826,1826
OID23763,PID2024,A134,EMP1034,C1796,2022-12-03,3,356,1068
OID23765,PID2017,A137,EMP1035,C1765,2022-05-04,1,35,35
OID23768,PID2067,A113,EMP1013,C1641,2022-01-24,1,1119,1119
OID23769,PID2072,A104,EMP1030,C1003,2022-11-07,4,1887,7548
OID23770,PID2013,A162,EMP1032,C1571,2022-10-06,4,368,1472
OID23771,PID2037,A152,EMP1006,C1651,2022-10-18,1,880,880
OID23774,PID2013,A137,EMP1038,C1575,2022-11-12,3,368,1104
OID23776,PID2038,A116,EMP1029,C1709,2022-07-11,1,392,392
OID23779,PID2058,A103,EMP1042,C1365,2022-03-07,3,2257,6771
OID23782,PID2067,A168,EMP1031,C1243,2022-06-26,1,1119,1119
OID23786,PID2094,A119,EMP1035,C1183,2022-04-02,4,771,3084
OID23787,PID2006,A123,EMP1022,C1415,2022-07-17,2,1826,3652
OID23789,PID2032,A136,EMP1002,C1171,2022-09-20,3,1967,5901
OID23791,PID2042,A141,EMP1042,C1270,2022-01-19,4,203,812
OID23802,PID2033,A146,EMP1001,C1374,2022-03-25,3,2182,6546
OID23806,PID2028,A140,EMP1040,C1669,2022-11-21,1,2283,2283
OID23811,PID2099,A163,EMP1011,C1337,2022-04-10,3,1367,4101
OID23812,PID2092,A153,EMP1029,C1090,2022-07-07,2,1639,3278
OID23813,PID2088,A148,EMP1042,C1228,2022-04-26,3,603,1809
OID23816,PID2003,A129,EMP1025,C1446,2022-05-28,1,1783,1783
OID23817,PID2023,A147,EMP1012,C1069,2022-01-19,1,818,818
OID23819,PID2046,A138,EMP1024,C1751,2022-07-29,2,2410,4820
OID23820,PID2023,A117,EMP1017,C1256,2022-06-08,2,818,1636
OID23824,PID2077,A152,EMP1030,C1371,2022-05-27,3,530,1590
OID23829,PID2006,A141,EMP1037,C1297,2022-09-04,1,1826,1826
OID23832,PID2002,A105,EMP1025,C1385,2022-10-29,1,847,847
OID23833,PID2010,A162,EMP1004,C1047,2022-09-29,1,1812,1812
OID23834,PID2056,A109,EMP1036,C1205,2022-07-31,2,1635,3270
OID23841,PID2056,A135,EMP1017,C1399,2022-08-15,2,1635,3270
OID23842,PID2071,A105,EMP1025,C1676,2022-05-06,1,136,136
OID23843,PID2086,A133,EMP1011,C1057,2022-11-10,4,123,492
OID23845,PID2085,A104,EMP1038,C1742,2022-10-13,3,1862,5586
OID23850,PID2084,A140,EMP1011,C1401,2022-10-14,1,1783,1783
OID23852,PID2041,A138,EMP1036,C1057,2022-01-04,4,1380,5520
OID23855,PID2018,A172,EMP1022,C1304,2022-11-17,1,1972,1972
OID23858,PID2051,A105,EMP1017,C1383,2022-04-07,1,1077,1077
OID23863,PID2064,A168,EMP1007,C1645,2022-05-27,2,1414,2828
OID23864,PID2033,A134,EMP1039,C1487,2022-09-11,1,2182,2182
OID23868,PID2032,A116,EMP1006,C1339,2022-11-02,2,1967,3934
OID23869,PID2023,A161,EMP1015,C1088,2022-08-22,3,818,2454
OID23871,PID2075,A164,EMP1003,C1058,2022-01-14,1,400,400
OID23875,PID2084,A139,EMP1027,C1052,2022-11-23,4,1783,7132
OID23877,PID2035,A126,EMP1018,C1117,2022-11-05,3,458,1374
OID23878,PID2002,A161,EMP1032,C1222,2022-08-21,2,847,1694
OID23879,PID2009,A138,EMP1016,C1717,2022-11-04,4,584,2336
OID23881,PID2051,A102,EMP1029,C1217,2022-04-23,3,1077,3231
OID23882,PID2019,A130,EMP1024,C1245,2022-06-19,3,800,2400
OID23888,PID2088,A150,EMP1011,C1211,2022-10-05,3,603,1809
OID23889,PID2007,A157,EMP1015,C1118,2022-07-07,3,1405,4215
OID23891,PID2086,A130,EMP1040,C1190,2022-09-01,1,123,123
OID23895,PID2062,A168,EMP1026,C1311,2022-09-10,3,2464,7392
OID23901,PID2065,A111,EMP1003,C1337,2022-08-06,1,2396,2396
OID23904,PID2054,A153,EMP1027,C1425,2022-03-12,1,127,127
OID23906,PID2008,A168,EMP1039,C1548,2022-12-23,3,315,945
OID23909,PID2030,A125,EMP1023,C1681,2022-03-24,1,1899,1899
OID23911,PID2010,A154,EMP1024,C1243,2022-05-19,1,1812,1812
OID23914,PID2053,A117,EMP1009,C1479,2022-11-20,2,596,1192
OID23915,PID2027,A104,EMP1031,C1534,2022-03-02,3,2497,7491
OID23917,PID2036,A140,EMP1041,C1153,2022-10-11,2,1582,3164
OID23920,PID2076,A136,EMP1007,C1226,2022-04-18,1,1522,1522
OID23921,PID2023,A153,EMP1010,C1562,2022-03-02,3,818,2454
OID23925,PID2057,A131,EMP1040,C1159,2022-01-18,2,181,362
OID23929,PID2030,A145,EMP1013,C1194,2022-06-14,1,1899,1899
OID23930,PID2022,A111,EMP1027,C1513,2022-04-27,1,561,561
OID23944,PID2089,A162,EMP1031,C1796,2022-07-04,2,2294,4588
OID23950,PID2092,A172,EMP1021,C1371,2022-02-20,2,1639,3278
OID23951,PID2087,A133,EMP1023,C1785,2022-05-20,3,1022,3066
OID23954,PID2072,A135,EMP1000,C1621,2022-04-07,1,1887,1887
OID23956,PID2031,A120,EMP1018,C1741,2022-09-19,3,1638,4914
OID23961,PID2089,A152,EMP1011,C1124,2022-05-24,1,2294,2294
OID23962,PID2036,A166,EMP1044,C1303,2022-08-12,1,1582,1582
OID23966,PID2100,A166,EMP1032,C1701,2022-02-05,1,799,799
OID23967,PID2023,A172,EMP1038,C1009,2022-04-08,1,818,818
OID23968,PID2096,A154,EMP1031,C1689,2022-07-28,1,1587,1587
OID23972,PID2029,A158,EMP1040,C1199,2022-07-14,1,1848,1848
OID23977,PID2061,A147,EMP1016,C1375,2022-10-12,1,913,913
OID23984,PID2083,A166,EMP1043,C1173,2022-01-24,1,2141,2141
OID23986,PID2030,A144,EMP1025,C1192,2022-05-30,2,1899,3798
OID23987,PID2006,A106,EMP1009,C1241,2022-02-17,1,1826,1826
OID23992,PID2039,A154,EMP1022,C1342,2022-12-16,2,817,1634
OID23995,PID2069,A159,EMP1025,C1184,2022-06-28,4,378,1512
OID23996,PID2093,A146,EMP1012,C1530,2022-11-15,2,112,224
OID23997,PID2001,A117,EMP1002,C1172,2022-10-02,3,951,2853
OID23998,PID2030,A105,EMP1042,C1755,2022-11-12,3,1899,5697
OID24005,PID2090,A129,EMP1010,C1749,2022-07-01,1,1338,1338
OID24007,PID2076,A124,EMP1028,C1208,2022-01-09,2,1522,3044
OID24008,PID2088,A131,EMP1027,C1364,2022-04-18,1,603,603
OID24012,PID2022,A162,EMP1034,C1243,2022-03-24,1,561,561
OID24014,PID2059,A110,EMP1023,C1735,2022-05-17,2,1494,2988
OID24016,PID2008,A163,EMP1040,C1153,2022-06-25,1,315,315
OID24020,PID2064,A167,EMP1007,C1105,2022-10-17,1,1414,1414
OID24031,PID2045,A136,EMP1032,C1300,2022-11-29,1,556,556
OID24032,PID2059,A139,EMP1009,C1157,2022-04-20,2,1494,2988
OID24037,PID2069,A126,EMP1028,C1513,2022-05-10,2,378,756
OID24039,PID2037,A155,EMP1016,C1542,2022-10-24,1,880,880
OID24040,PID2088,A117,EMP1029,C1083,2022-10-31,2,603,1206
OID24041,PID2087,A112,EMP1015,C1231,2022-05-13,2,1022,2044
OID24049,PID2064,A171,EMP1010,C1679,2022-07-05,1,1414,1414
OID24056,PID2027,A161,EMP1042,C1689,2022-03-03,2,2497,4994
OID24059,PID2019,A127,EMP1006,C1553,2022-09-10,1,800,800
OID24060,PID2016,A131,EMP1002,C1112,2022-03-24,1,1351,1351
OID24062,PID2072,A173,EMP1033,C1628,2022-06-17,1,1887,1887
OID24063,PID2081,A124,EMP1004,C1758,2022-12-26,2,1566,3132
OID24067,PID2091,A139,EMP1036,C1764,2022-12-10,3,368,1104
OID24074,PID2026,A112,EMP1044,C1575,2022-01-18,1,947,947
OID24077,PID2078,A129,EMP1016,C1232,2022-11-11,1,1798,1798
OID24078,PID2020,A105,EMP1008,C1671,2022-08-09,1,2005,2005
OID24084,PID2027,A122,EMP1018,C1737,2022-06-18,1,2497,2497
OID24086,PID2019,A112,EMP1005,C1120,2022-02-13,1,800,800
OID24087,PID2086,A148,EMP1005,C1069,2022-06-01,3,123,369
OID24092,PID2075,A159,EMP1027,C1362,2022-01-27,3,400,1200
OID24094,PID2039,A113,EMP1039,C1098,2022-12-26,3,817,2451
OID24096,PID2070,A125,EMP1016,C1629,2022-02-22,2,1671,3342
OID24106,PID2089,A106,EMP1021,C1274,2022-02-07,2,2294,4588
OID24107,PID2073,A114,EMP1029,C1659,2022-04-18,2,95,190
OID24113,PID2030,A171,EMP1015,C1695,2022-06-22,1,1899,1899
OID24115,PID2003,A169,EMP1012,C1198,2022-01-06,2,1783,3566
OID24117,PID2028,A102,EMP1031,C1090,2022-06-24,3,2283,6849
OID24118,PID2052,A106,EMP1043,C1311,2022-12-05,3,1526,4578
OID24122,PID2072,A137,EMP1035,C1646,2022-11-19,4,1887,7548
OID24125,PID2029,A154,EMP1000,C1360,2022-02-14,2,1848,3696
OID24132,PID2037,A150,EMP1011,C1085,2022-06-29,1,880,880
OID24135,PID2059,A127,EMP1037,C1327,2022-06-09,2,1494,2988
OID24136,PID2025,A109,EMP1018,C1086,2022-02-09,1,667,667
OID24148,PID2045,A132,EMP1017,C1433,2022-06-22,1,556,556
OID24154,PID2018,A137,EMP1000,C1728,2022-11-27,2,1972,3944
OID24155,PID2073,A170,EMP1013,C1400,2022-06-10,1,95,95
OID24156,PID2001,A119,EMP1008,C1307,2022-07-22,3,951,2853
OID24157,PID2007,A125,EMP1044,C1360,2022-01-31,2,1405,2810
OID24160,PID2054,A142,EMP1020,C1705,2022-11-04,2,127,254
OID24165,PID2071,A144,EMP1005,C1548,2022-02-12,3,136,408
OID24167,PID2030,A165,EMP1026,C1268,2022-12-21,1,1899,1899
OID24177,PID2061,A131,EMP1023,C1149,2022-04-19,1,913,913
OID24178,PID2043,A142,EMP1042,C1445,2022-05-07,3,545,1635
OID24179,PID2005,A124,EMP1033,C1493,2022-09-22,2,684,1368
OID24181,PID2079,A119,EMP1034,C1002,2022-04-25,4,1725,6900
OID24182,PID2051,A162,EMP1000,C1291,2022-09-22,2,1077,2154
OID24184,PID2098,A118,EMP1015,C1016,2022-07-10,2,1178,2356
OID24186,PID2027,A124,EMP1012,C1511,2022-08-01,2,2497,4994
OID24187,PID2048,A146,EMP1017,C1501,2022-04-14,1,502,502
OID24190,PID2066,A154,EMP1023,C1143,2022-07-27,4,2091,8364
OID24192,PID2081,A147,EMP1007,C1256,2022-08-16,1,1566,1566
OID24204,PID2014,A120,EMP1034,C1602,2022-01-05,3,1809,5427
OID24205,PID2070,A155,EMP1002,C1446,2022-01-02,1,1671,1671
OID24215,PID2011,A127,EMP1025,C1545,2022-09-16,3,530,1590
OID24219,PID2028,A162,EMP1011,C1619,2022-11-16,3,2283,6849
OID24220,PID2062,A154,EMP1013,C1743,2022-09-22,2,2464,4928
OID24224,PID2034,A102,EMP1030,C1584,2022-02-24,2,871,1742
OID24227,PID2096,A148,EMP1010,C1198,2022-06-12,1,1587,1587
OID24234,PID2067,A144,EMP1044,C1171,2022-03-06,2,1119,2238
OID24236,PID2082,A132,EMP1011,C1678,2022-02-24,2,1103,2206
OID24239,PID2003,A163,EMP1037,C1331,2022-10-04,1,1783,1783
OID24241,PID2081,A104,EMP1002,C1041,2022-09-27,4,1566,6264
OID24243,PID2010,A139,EMP1008,C1733,2022-12-11,1,1812,1812
OID24248,PID2031,A123,EMP1036,C1199,2022-02-27,1,1638,1638
OID24255,PID2006,A147,EMP1034,C1546,2022-06-22,4,1826,7304
OID24257,PID2028,A158,EMP1026,C1413,2022-10-10,1,2283,2283
OID24258,PID2001,A154,EMP1014,C1460,2022-03-03,3,951,2853
OID24259,PID2051,A136,EMP1043,C1426,2022-07-08,1,1077,1077
OID24261,PID2037,A145,EMP1024,C1620,2022-03-20,4,880,3520
OID24267,PID2046,A135,EMP1030,C1201,2022-03-28,1,2410,2410
OID24268,PID2015,A116,EMP1008,C1138,2022-06-10,1,637,637
OID24275,PID2027,A114,EMP1018,C1244,2022-03-01,4,2497,9988
OID24279,PID2001,A165,EMP1044,C1292,2022-11-06,1,951,951
OID24280,PID2096,A110,EMP1003,C1408,2022-07-18,2,1587,3174
OID24282,PID2005,A111,EMP1005,C1327,2022-01-02,1,684,684
OID24283,PID2063,A156,EMP1042,C1606,2022-02-28,4,1708,6832
OID24285,PID2030,A115,EMP1003,C1326,2022-12-22,1,1899,1899
OID24289,PID2040,A159,EMP1014,C1538,2022-10-09,1,1889,1889
OID24292,PID2007,A144,EMP1029,C1475,2022-02-09,1,1405,1405
OID24295,PID2089,A173,EMP1010,C1222,2022-11-10,2,2294,4588
OID24297,PID2029,A135,EMP1042,C1387,2022-02-21,1,1848,1848
OID24299,PID2074,A151,EMP1027,C1559,2022-01-20,1,504,504
OID24300,PID2018,A138,EMP1027,C1609,2022-12-25,3,1972,5916
OID24306,PID2073,A101,EMP1022,C1105,2022-11-16,2,95,190
OID24311,PID2033,A140,EMP1024,C1281,2022-04-21,1,2182,2182
OID24314,PID2043,A116,EMP1016,C1371,2022-10-02,3,545,1635
OID24319,PID2092,A144,EMP1044,C1406,2022-06-26,1,1639,1639
OID24325,PID2057,A147,EMP1035,C1364,2022-06-25,3,181,543
OID24331,PID2087,A137,EMP1005,C1372,2022-01-01,4,1022,4088
OID24335,PID2054,A128,EMP1005,C1400,2022-09-09,1,127,127
OID24338,PID2062,A119,EMP1022,C1186,2022-03-08,3,2464,7392
OID24339,PID2020,A157,EMP1005,C1676,2022-09-07,2,2005,4010
OID24342,PID2014,A145,EMP1001,C1132,2022-01-11,1,1809,1809
OID24346,PID2034,A173,EMP1025,C1042,2022-11-17,4,871,3484
OID24348,PID2082,A169,EMP1003,C1690,2022-02-14,1,1103,1103
OID24349,PID2054,A107,EMP1018,C1598,2022-03-14,4,127,508
OID24351,PID2019,A162,EMP1029,C1736,2022-07-27,1,800,800
OID24352,PID2089,A111,EMP1029,C1555,2022-08-03,4,2294,9176
OID24359,PID2030,A149,EMP1026,C1786,2022-04-29,3,1899,5697
OID24360,PID2021,A140,EMP1039,C1755,2022-06-01,3,217,651
OID24364,PID2045,A160,EMP1002,C1682,2022-03-09,2,556,1112
OID24367,PID2089,A166,EMP1016,C1730,2022-12-06,1,2294,2294
OID24368,PID2001,A115,EMP1020,C1783,2022-05-21,1,951,951
OID24369,PID2088,A156,EMP1003,C1342,2022-06-14,1,603,603
OID24372,PID2054,A138,EMP1006,C1409,2022-07-18,1,127,127
OID24373,PID2064,A152,EMP1042,C1743,2022-05-27,3,1414,4242
OID24375,PID2049,A131,EMP1005,C1315,2022-05-05,3,826,2478
OID24383,PID2091,A156,EMP1011,C1699,2022-05-01,2,368,736
OID24385,PID2025,A158,EMP1010,C1094,2022-08-27,1,667,667
OID24386,PID2051,A127,EMP1013,C1346,2022-04-11,1,1077,1077
OID24387,PID2077,A147,EMP1012,C1774,2022-12-24,3,530,1590
OID24389,PID2030,A169,EMP1000,C1660,2022-04-12,1,1899,1899
OID24392,PID2057,A113,EMP1034,C1278,2022-08-30,4,181,724
OID24393,PID2065,A114,EMP1019,C1275,2022-01-15,2,2396,4792
OID24394,PID2042,A141,EMP1039,C1594,2022-03-29,4,203,812
OID24398,PID2002,A127,EMP1027,C1138,2022-11-14,4,847,3388
OID24400,PID2057,A160,EMP1011,C1475,2022-10-03,1,181,181
OID24404,PID2069,A153,EMP1032,C1286,2022-12-14,1,378,378
OID24406,PID2017,A165,EMP1022,C1429,2022-08-06,1,35,35
OID24408,PID2045,A139,EMP1025,C1739,2022-01-22,3,556,1668
OID24412,PID2092,A110,EMP1011,C1600,2022-11-07,3,1639,4917
OID24415,PID2021,A171,EMP1041,C1419,2022-03-29,2,217,434
OID24416,PID2011,A126,EMP1039,C1246,2022-03-21,4,530,2120
OID24423,PID2013,A113,EMP1012,C1405,2022-06-24,2,368,736
OID24432,PID2034,A138,EMP1036,C1506,2022-09-23,1,871,871
OID24434,PID2033,A117,EMP1004,C1107,2022-01-19,1,2182,2182
OID24435,PID2089,A166,EMP1034,C1719,2022-03-01,1,2294,2294
OID24447,PID2027,A125,EMP1037,C1022,2022-10-08,2,2497,4994
OID24448,PID2045,A141,EMP1001,C1306,2022-08-05,1,556,556
OID24449,PID2080,A108,EMP1011,C1768,2022-09-01,4,2353,9412
OID24453,PID2082,A103,EMP1020,C1106,2022-05-13,1,1103,1103
OID24457,PID2016,A117,EMP1044,C1543,2022-06-19,1,1351,1351
OID24458,PID2021,A167,EMP1012,C1158,2022-09-18,1,217,217
OID24463,PID2067,A138,EMP1032,C1394,2022-01-01,1,1119,1119
OID24472,PID2099,A132,EMP1040,C1473,2022-03-19,1,1367,1367
OID24473,PID2095,A118,EMP1014,C1566,2022-04-01,1,1743,1743
OID24474,PID2085,A173,EMP1020,C1304,2022-01-08,2,1862,3724
OID24486,PID2100,A148,EMP1030,C1001,2022-07-19,4,799,3196
OID24503,PID2022,A145,EMP1022,C1102,2022-01-10,4,561,2244
OID24508,PID2064,A105,EMP1025,C1148,2022-06-19,3,1414,4242
OID24513,PID2004,A154,EMP1019,C1129,2022-09-25,1,1278,1278
OID24515,PID2037,A106,EMP1031,C1299,2022-03-25,4,880,3520
OID24519,PID2002,A119,EMP1038,C1455,2022-01-23,1,847,847
OID24521,PID2029,A136,EMP1027,C1223,2022-08-29,3,1848,5544
OID24539,PID2009,A170,EMP1008,C1653,2022-11-07,3,584,1752
OID24546,PID2008,A151,EMP1043,C1001,2022-03-05,1,315,315
OID24549,PID2054,A165,EMP1040,C1271,2022-03-23,2,127,254
OID24555,PID2041,A129,EMP1044,C1700,2022-10-27,4,1380,5520
OID24558,PID2055,A154,EMP1039,C1353,2022-11-16,3,2495,7485
OID24562,PID2023,A168,EMP1034,C1449,2022-11-18,3,818,2454
OID24566,PID2036,A122,EMP1026,C1224,2022-03-05,4,1582,6328
OID24572,PID2054,A166,EMP1023,C1463,2022-04-25,2,127,254
OID24573,PID2023,A134,EMP1005,C1126,2022-05-12,1,818,818
OID24575,PID2017,A123,EMP1044,C1567,2022-05-29,4,35,140
OID24580,PID2045,A116,EMP1027,C1128,2022-01-30,1,556,556
OID24587,PID2090,A146,EMP1033,C1652,2022-09-23,3,1338,4014
OID24589,PID2100,A120,EMP1007,C1507,2022-07-06,1,799,799
OID24595,PID2090,A141,EMP1017,C1046,2022-02-08,1,1338,1338
OID24605,PID2049,A164,EMP1004,C1542,2022-07-10,2,826,1652
OID24609,PID2009,A151,EMP1003,C1800,2022-02-14,1,584,584
OID24610,PID2061,A108,EMP1044,C1260,2022-04-15,2,913,1826
OID24612,PID2097,A102,EMP1010,C1060,2022-03-10,1,1052,1052
OID24615,PID2062,A164,EMP1000,C1407,2022-07-12,3,2464,7392
OID24619,PID2013,A165,EMP1044,C1785,2022-06-28,1,368,368
OID24622,PID2045,A159,EMP1030,C1131,2022-07-23,1,556,556
OID24623,PID2045,A108,EMP1022,C1512,2022-02-01,2,556,1112
OID24624,PID2054,A117,EMP1011,C1400,2022-07-09,3,127,381
OID24627,PID2089,A109,EMP1044,C1205,2022-12-26,4,2294,9176
OID24630,PID2099,A126,EMP1003,C1488,2022-03-12,3,1367,4101
OID24631,PID2088,A162,EMP1024,C1319,2022-03-11,1,603,603
OID24633,PID2031,A104,EMP1011,C1622,2022-12-27,2,1638,3276
OID24634,PID2008,A159,EMP1039,C1249,2022-09-04,1,315,315
OID24635,PID2032,A111,EMP1003,C1206,2022-02-01,1,1967,1967
OID24640,PID2010,A167,EMP1002,C1034,2022-01-08,2,1812,3624
OID24645,PID2055,A163,EMP1026,C1150,2022-10-27,1,2495,2495
OID24649,PID2037,A147,EMP1043,C1223,2022-05-08,1,880,880
OID24650,PID2059,A108,EMP1026,C1612,2022-04-17,1,1494,1494
OID24654,PID2000,A153,EMP1019,C1260,2022-01-08,1,2241,2241
OID24656,PID2078,A171,EMP1005,C1300,2022-05-09,2,1798,3596
OID24658,PID2071,A143,EMP1022,C1116,2022-04-15,2,136,272
OID24660,PID2076,A103,EMP1038,C1402,2022-11-29,3,1522,4566
OID24662,PID2094,A103,EMP1043,C1794,2022-09-15,1,771,771
OID24663,PID2010,A132,EMP1037,C1527,2022-10-30,1,1812,1812
OID24665,PID2007,A131,EMP1013,C1376,2022-08-05,3,1405,4215
OID24666,PID2022,A167,EMP1023,C1171,2022-06-22,1,561,561
OID24675,PID2047,A103,EMP1026,C1463,2022-07-21,1,290,290
OID24687,PID2065,A145,EMP1030,C1312,2022-11-19,3,2396,7188
OID24688,PID2050,A157,EMP1000,C1739,2022-07-17,1,2391,2391
OID24690,PID2043,A165,EMP1021,C1332,2022-05-12,1,545,545
OID24691,PID2010,A155,EMP1007,C1056,2022-10-12,1,1812,1812
OID24694,PID2070,A141,EMP1015,C1449,2022-09-04,2,1671,3342
OID24695,PID2016,A144,EMP1042,C1487,2022-11-01,1,1351,1351
OID24699,PID2089,A146,EMP1003,C1672,2022-11-01,1,2294,2294
OID24701,PID2002,A138,EMP1021,C1578,2022-02-28,3,847,2541
OID24706,PID2080,A170,EMP1037,C1127,2022-12-04,1,2353,2353
OID24709,PID2069,A114,EMP1018,C1600,2022-07-16,1,378,378
OID24715,PID2088,A157,EMP1006,C1309,2022-08-04,1,603,603
OID24723,PID2064,A108,EMP1001,C1799,2022-08-19,1,1414,1414
OID24726,PID2055,A116,EMP1021,C1479,2022-12-12,2,2495,4990
OID24727,PID2022,A136,EMP1001,C1324,2022-09-06,3,561,1683
OID24728,PID2056,A142,EMP1020,C1397,2022-12-26,1,1635,1635
OID24729,PID2012,A147,EMP1022,C1306,2022-08-15,1,1353,1353
OID24738,PID2043,A115,EMP1038,C1684,2022-06-08,3,545,1635
OID24739,PID2097,A108,EMP1010,C1078,2022-01-01,2,1052,2104
OID24741,PID2032,A115,EMP1002,C1118,2022-07-21,1,1967,1967
OID24742,PID2037,A171,EMP1008,C1580,2022-06-05,1,880,880
OID24745,PID2083,A172,EMP1040,C1522,2022-10-12,3,2141,6423
OID24748,PID2084,A169,EMP1021,C1088,2022-04-11,3,1783,5349
OID24755,PID2034,A114,EMP1013,C1653,2022-01-30,1,871,871
OID24756,PID2099,A132,EMP1011,C1332,2022-07-29,2,1367,2734
OID24759,PID2043,A111,EMP1011,C1162,2022-11-04,1,545,545
OID24761,PID2023,A107,EMP1021,C1332,2022-06-24,4,818,3272
OID24764,PID2099,A169,EMP1009,C1152,2022-03-28,2,1367,2734
OID24765,PID2024,A173,EMP1027,C1442,2022-11-29,2,356,712
OID24768,PID2036,A105,EMP1007,C1706,2022-07-23,3,1582,4746
OID24770,PID2032,A158,EMP1002,C1048,2022-01-02,2,1967,3934
OID24772,PID2098,A151,EMP1009,C1707,2022-02-03,4,1178,4712
OID24774,PID2024,A149,EMP1004,C1593,2022-02-09,3,356,1068
OID24776,PID2094,A108,EMP1016,C1034,2022-10-22,4,771,3084
OID24779,PID2048,A100,EMP1016,C1117,2022-01-08,3,502,1506
OID24780,PID2000,A132,EMP1000,C1315,2022-10-25,4,2241,8964
OID24785,PID2000,A120,EMP1000,C1637,2022-05-11,3,2241,6723
OID24796,PID2025,A143,EMP1044,C1581,2022-11-22,1,667,667
OID24797,PID2022,A132,EMP1044,C1421,2022-02-19,4,561,2244
OID24807,PID2084,A133,EMP1040,C1723,2022-09-21,1,1783,1783
OID24809,PID2042,A152,EMP1020,C1537,2022-08-03,3,203,609
OID24812,PID2036,A106,EMP1023,C1352,2022-02-06,1,1582,1582
OID24814,PID2000,A117,EMP1002,C1302,2022-04-24,1,2241,2241
OID24816,PID2080,A145,EMP1019,C1379,2022-09-23,2,2353,4706
OID24821,PID2022,A169,EMP1042,C1663,2022-03-31,3,561,1683
OID24822,PID2041,A155,EMP1009,C1265,2022-01-04,1,1380,1380
OID24823,PID2093,A157,EMP1032,C1345,2022-12-21,1,112,112
OID24826,PID2034,A166,EMP1023,C1218,2022-09-17,2,871,1742
OID24827,PID2079,A169,EMP1031,C1409,2022-01-06,2,1725,3450
OID24831,PID2057,A127,EMP1006,C1440,2022-10-03,2,181,362
OID24835,PID2002,A153,EMP1034,C1718,2022-12-17,1,847,847
OID24836,PID2062,A133,EMP1041,C1399,2022-11-28,1,2464,2464
OID24837,PID2032,A110,EMP1032,C1551,2022-11-01,3,1967,5901
OID24841,PID2082,A109,EMP1005,C1024,2022-05-28,3,1103,3309
OID24850,PID2037,A157,EMP1024,C1377,2022-03-17,1,880,880
OID24851,PID2099,A137,EMP1001,C1129,2022-09-14,2,1367,2734
OID24852,PID2035,A171,EMP1021,C1686,2022-09-24,1,458,458
OID24854,PID2040,A147,EMP1007,C1042,2022-12-07,1,1889,1889
OID24858,PID2093,A141,EMP1006,C1531,2022-08-12,4,112,448
OID24860,PID2094,A124,EMP1002,C1130,2022-03-04,3,771,2313
OID24861,PID2047,A159,EMP1036,C1098,2022-11-21,3,290,870
OID24862,PID2051,A153,EMP1016,C1787,2022-04-21,1,1077,1077
OID24863,PID2063,A169,EMP1016,C1297,2022-12-11,2,1708,3416
OID24864,PID2099,A137,EMP1042,C1595,2022-09-07,4,1367,5468
OID24867,PID2008,A142,EMP1021,C1795,2022-08-17,3,315,945
OID24872,PID2081,A145,EMP1037,C1611,2022-09-01,3,1566,4698
OID24877,PID2099,A149,EMP1005,C1230,2022-04-03,3,1367,4101
OID24883,PID2090,A113,EMP1019,C1077,2022-03-23,3,1338,4014
OID24886,PID2090,A171,EMP1013,C1520,2022-05-15,2,1338,2676
OID24890,PID2031,A165,EMP1044,C1696,2022-09-26,1,1638,1638
OID24896,PID2001,A129,EMP1019,C1193,2022-01-11,4,951,3804
OID24898,PID2002,A121,EMP1010,C1498,2022-09-20,3,847,2541
OID24908,PID2092,A101,EMP1013,C1373,2022-05-25,1,1639,1639
OID24915,PID2025,A114,EMP1023,C1161,2022-03-10,3,667,2001
OID24916,PID2066,A152,EMP1037,C1780,2022-05-09,2,2091,4182
OID24922,PID2029,A147,EMP1038,C1537,2022-06-03,1,1848,1848
OID24931,PID2021,A173,EMP1025,C1694,2022-04-18,1,217,217
OID24933,PID2002,A154,EMP1002,C1222,2022-01-23,1,847,847
OID24934,PID2007,A136,EMP1009,C1414,2022-07-28,1,1405,1405
OID24936,PID2078,A149,EMP1020,C1022,2022-11-10,3,1798,5394
OID24938,PID2065,A102,EMP1002,C1308,2022-12-06,3,2396,7188
OID24939,PID2098,A139,EMP1011,C1297,2022-03-22,1,1178,1178
OID24942,PID2059,A110,EMP1028,C1313,2022-09-24,1,1494,1494
OID24943,PID2013,A114,EMP1021,C1134,2022-07-27,1,368,368
OID24948,PID2072,A161,EMP1016,C1540,2022-11-28,1,1887,1887
OID24957,PID2013,A167,EMP1042,C1189,2022-07-19,1,368,368
OID24962,PID2071,A125,EMP1031,C1625,2022-11-08,1,136,136
OID24964,PID2064,A152,EMP1028,C1233,2022-10-01,3,1414,4242
OID24966,PID2090,A171,EMP1004,C1624,2022-05-19,4,1338,5352
OID24968,PID2037,A157,EMP1019,C1552,2022-06-02,3,880,2640
OID24979,PID2093,A115,EMP1016,C1438,2022-04-24,4,112,448
OID24985,PID2007,A139,EMP1020,C1257,2022-04-16,1,1405,1405
OID24989,PID2046,A109,EMP1013,C1232,2022-09-19,1,2410,2410
OID24990,PID2082,A169,EMP1031,C1018,2022-03-11,4,1103,4412
OID24991,PID2083,A119,EMP1044,C1508,2022-03-04,3,2141,6423
OID24992,PID2100,A135,EMP1005,C1644,2022-04-16,4,799,3196
OID24994,PID2024,A169,EMP1044,C1351,2022-06-09,1,356,356
OID24997,PID2040,A161,EMP1003,C1626,2022-03-20,1,1889,1889
OID24999,PID2055,A114,EMP1031,C1351,2022-04-22,2,2495,4990
OID10004,PID2029,A142,EMP1019,C1078,2023-02-23,4,1848,7392
OID10014,PID2079,A152,EMP1041,C1073,2023-02-24,1,1725,1725
OID10027,PID2062,A126,EMP1001,C1256,2023-03-13,1,2464,2464
OID10032,PID2083,A156,EMP1025,C1342,2023-01-17,1,2141,2141
OID10042,PID2100,A147,EMP1019,C1267,2023-01-03,1,799,799
OID10061,PID2041,A101,EMP1041,C1168,2023-02-18,1,1380,1380
OID10070,PID2046,A159,EMP1040,C1147,2023-01-03,1,2410,2410
OID10071,PID2091,A121,EMP1016,C1755,2023-01-06,3,368,1104
OID10074,PID2038,A121,EMP1042,C1732,2023-02-25,1,392,392
OID10086,PID2054,A130,EMP1023,C1526,2023-01-14,1,127,127
OID10096,PID2005,A133,EMP1037,C1791,2023-02-08,1,684,684
OID10098,PID2098,A119,EMP1022,C1467,2023-03-08,1,1178,1178
OID10133,PID2045,A104,EMP1038,C1350,2023-01-24,1,556,556
OID10145,PID2033,A111,EMP1007,C1666,2023-02-03,2,2182,4364
OID10155,PID2027,A111,EMP1024,C1176,2023-01-05,1,2497,2497
OID10162,PID2030,A158,EMP1015,C1120,2023-02-09,2,1899,3798
OID10173,PID2093,A115,EMP1040,C1566,2023-01-18,3,112,336
OID10180,PID2011,A148,EMP1006,C1350,2023-01-26,4,530,2120
OID10199,PID2100,A115,EMP1001,C1350,2023-03-13,2,799,1598
OID10208,PID2054,A132,EMP1029,C1194,2023-03-14,1,127,127
OID10209,PID2043,A120,EMP1040,C1571,2023-03-08,3,545,1635
OID10218,PID2029,A123,EMP1018,C1612,2023-01-11,3,1848,5544
OID10230,PID2078,A115,EMP1005,C1455,2023-01-04,1,1798,1798
OID10232,PID2081,A143,EMP1035,C1572,2023-02-23,1,1566,1566
OID10243,PID2004,A108,EMP1020,C1529,2023-02-09,4,1278,5112
OID10259,PID2040,A139,EMP1029,C1528,2023-01-31,1,1889,1889
OID10268,PID2043,A125,EMP1025,C1124,2023-03-15,2,545,1090
OID10295,PID2076,A111,EMP1003,C1552,2023-03-06,3,1522,4566
OID10303,PID2052,A135,EMP1034,C1073,2023-03-03,3,1526,4578
OID10307,PID2098,A155,EMP1005,C1203,2023-03-14,2,1178,2356
OID10308,PID2081,A145,EMP1029,C1070,2023-01-18,3,1566,4698
OID10313,PID2012,A170,EMP1002,C1780,2023-02-20,3,1353,4059
OID10323,PID2010,A134,EMP1038,C1407,2023-02-14,3,1812,5436
OID10324,PID2027,A108,EMP1002,C1582,2023-01-31,1,2497,2497
OID10331,PID2032,A141,EMP1043,C1002,2023-01-11,1,1967,1967
OID10335,PID2023,A134,EMP1033,C1370,2023-03-07,1,818,818
OID10337,PID2061,A155,EMP1031,C1347,2023-02-19,4,913,3652
OID10350,PID2000,A129,EMP1008,C1648,2023-03-14,1,2241,2241
OID10355,PID2040,A151,EMP1010,C1776,2023-02-23,2,1889,3778
OID10360,PID2041,A126,EMP1003,C1212,2023-03-03,1,1380,1380
OID10381,PID2024,A138,EMP1018,C1791,2023-01-22,3,356,1068
OID10405,PID2062,A159,EMP1036,C1460,2023-02-06,3,2464,7392
OID10411,PID2100,A164,EMP1010,C1252,2023-02-27,1,799,799
OID10439,PID2056,A157,EMP1001,C1036,2023-02-28,1,1635,1635
OID10452,PID2094,A168,EMP1039,C1488,2023-01-21,1,771,771
OID10457,PID2099,A164,EMP1036,C1761,2023-01-15,2,1367,2734
OID10472,PID2031,A129,EMP1020,C1221,2023-02-03,1,1638,1638
OID10476,PID2041,A132,EMP1022,C1453,2023-02-08,1,1380,1380
OID10478,PID2066,A105,EMP1003,C1617,2023-02-01,2,2091,4182
OID10495,PID2099,A146,EMP1043,C1000,2023-02-03,3,1367,4101
OID10512,PID2099,A129,EMP1037,C1482,2023-02-23,3,1367,4101
OID10513,PID2059,A138,EMP1029,C1277,2023-02-17,1,1494,1494
OID10521,PID2042,A108,EMP1011,C1442,2023-01-27,1,203,203
OID10546,PID2003,A137,EMP1033,C1029,2023-02-04,2,1783,3566
OID10569,PID2074,A161,EMP1021,C1240,2023-02-14,4,504,2016
OID10649,PID2030,A120,EMP1023,C1595,2023-01-03,1,1899,1899
OID10654,PID2003,A127,EMP1034,C1577,2023-02-17,1,1783,1783
OID10661,PID2083,A142,EMP1043,C1267,2023-02-21,2,2141,4282
OID10670,PID2072,A140,EMP1006,C1217,2023-01-16,1,1887,1887
OID10685,PID2038,A145,EMP1026,C1583,2023-01-16,3,392,1176
OID10703,PID2074,A104,EMP1032,C1273,2023-02-09,1,504,504
OID10710,PID2041,A124,EMP1010,C1639,2023-01-07,2,1380,2760
OID10715,PID2054,A154,EMP1032,C1542,2023-01-07,1,127,127
OID10722,PID2027,A170,EMP1025,C1035,2023-01-30,3,2497,7491
OID10726,PID2036,A102,EMP1019,C1374,2023-02-14,2,1582,3164
OID10733,PID2024,A148,EMP1013,C1327,2023-01-20,4,356,1424
OID10771,PID2022,A157,EMP1026,C1007,2023-03-13,1,561,561
OID10783,PID2061,A168,EMP1017,C1521,2023-01-09,1,913,913
OID10808,PID2027,A146,EMP1011,C1442,2023-02-24,1,2497,2497
OID10820,PID2013,A135,EMP1034,C1406,2023-03-05,1,368,368
OID10826,PID2065,A147,EMP1034,C1168,2023-01-01,1,2396,2396
OID10880,PID2068,A123,EMP1032,C1596,2023-02-05,1,1500,1500
OID10920,PID2077,A132,EMP1000,C1586,2023-01-14,1,530,530
OID10925,PID2055,A151,EMP1012,C1185,2023-01-14,1,2495,2495
OID10935,PID2097,A134,EMP1022,C1304,2023-02-25,1,1052,1052
OID10971,PID2081,A131,EMP1033,C1026,2023-02-05,1,1566,1566
OID11010,PID2007,A162,EMP1016,C1567,2023-01-26,2,1405,2810
OID11039,PID2031,A145,EMP1031,C1483,2023-02-21,2,1638,3276
OID11071,PID2061,A172,EMP1017,C1714,2023-03-01,1,913,913
OID11086,PID2055,A142,EMP1040,C1505,2023-02-12,4,2495,9980
OID11109,PID2037,A154,EMP1012,C1085,2023-02-02,1,880,880
OID11128,PID2069,A134,EMP1010,C1687,2023-01-14,1,378,378
OID11134,PID2012,A120,EMP1019,C1779,2023-03-05,3,1353,4059
OID11172,PID2007,A124,EMP1042,C1308,2023-03-02,1,1405,1405
OID11175,PID2033,A129,EMP1038,C1647,2023-01-05,1,2182,2182
OID11206,PID2007,A142,EMP1002,C1726,2023-01-06,4,1405,5620
OID11210,PID2001,A109,EMP1026,C1237,2023-01-19,1,951,951
OID11213,PID2012,A102,EMP1043,C1477,2023-01-23,2,1353,2706
OID11222,PID2092,A153,EMP1005,C1544,2023-02-22,3,1639,4917
OID11246,PID2060,A109,EMP1008,C1138,2023-03-11,1,1467,1467
OID11254,PID2020,A160,EMP1037,C1796,2023-01-02,1,2005,2005
OID11258,PID2091,A149,EMP1041,C1284,2023-02-27,1,368,368
OID11261,PID2077,A131,EMP1036,C1274,2023-03-04,2,530,1060
OID11282,PID2005,A102,EMP1018,C1754,2023-02-14,3,684,2052
OID11285,PID2088,A127,EMP1033,C1059,2023-02-10,3,603,1809
OID11289,PID2007,A111,EMP1019,C1355,2023-01-16,1,1405,1405
OID11293,PID2043,A104,EMP1031,C1008,2023-01-09,1,545,545
OID11327,PID2059,A112,EMP1039,C1353,2023-01-01,1,1494,1494
OID11329,PID2052,A123,EMP1002,C1311,2023-02-23,3,1526,4578
OID11330,PID2047,A134,EMP1025,C1710,2023-02-08,1,290,290
OID11368,PID2071,A103,EMP1011,C1768,2023-02-21,1,136,136
OID11370,PID2031,A173,EMP1022,C1781,2023-02-14,3,1638,4914
OID11399,PID2020,A144,EMP1002,C1684,2023-01-12,1,2005,2005
OID11414,PID2066,A132,EMP1021,C1269,2023-02-03,1,2091,2091
OID11421,PID2000,A166,EMP1012,C1410,2023-02-09,3,2241,6723
OID11425,PID2031,A102,EMP1011,C1152,2023-02-01,1,1638,1638
OID11445,PID2019,A125,EMP1022,C1048,2023-01-12,1,800,800
OID11446,PID2093,A102,EMP1008,C1743,2023-03-05,1,112,112
OID11508,PID2020,A149,EMP1010,C1237,2023-01-31,1,2005,2005
OID11511,PID2028,A157,EMP1040,C1131,2023-02-15,1,2283,2283
OID11516,PID2088,A150,EMP1023,C1115,2023-01-26,3,603,1809
OID11563,PID2062,A106,EMP1036,C1457,2023-02-11,3,2464,7392
OID11564,PID2037,A100,EMP1025,C1080,2023-01-23,2,880,1760
OID11575,PID2093,A128,EMP1020,C1359,2023-02-21,1,112,112
OID11587,PID2021,A173,EMP1010,C1138,2023-02-24,2,217,434
OID11610,PID2089,A108,EMP1040,C1189,2023-01-31,4,2294,9176
OID11617,PID2085,A124,EMP1013,C1331,2023-02-12,4,1862,7448
OID11627,PID2035,A131,EMP1022,C1577,2023-01-04,1,458,458
OID11633,PID2044,A172,EMP1036,C1659,2023-01-11,2,886,1772
OID11676,PID2078,A130,EMP1015,C1458,2023-01-17,3,1798,5394
OID11689,PID2014,A152,EMP1034,C1542,2023-02-23,1,1809,1809
OID11713,PID2051,A120,EMP1003,C1619,2023-01-07,2,1077,2154
OID11715,PID2005,A149,EMP1039,C1251,2023-02-08,1,684,684
OID11733,PID2033,A167,EMP1014,C1137,2023-01-10,1,2182,2182
OID11754,PID2049,A110,EMP1008,C1368,2023-02-22,1,826,826
OID11779,PID2022,A140,EMP1016,C1800,2023-01-03,1,561,561
OID11796,PID2058,A138,EMP1001,C1440,2023-01-25,3,2257,6771
OID11797,PID2092,A135,EMP1036,C1723,2023-03-09,1,1639,1639
OID11798,PID2049,A143,EMP1004,C1257,2023-01-13,2,826,1652
OID11807,PID2023,A119,EMP1024,C1244,2023-01-09,3,818,2454
OID11833,PID2092,A153,EMP1043,C1744,2023-02-11,1,1639,1639
OID11870,PID2038,A156,EMP1020,C1374,2023-02-18,1,392,392
OID11873,PID2048,A123,EMP1018,C1406,2023-02-07,1,502,502
OID11894,PID2064,A131,EMP1036,C1303,2023-03-04,4,1414,5656
OID11947,PID2000,A111,EMP1001,C1065,2023-02-14,1,2241,2241
OID11952,PID2047,A169,EMP1042,C1648,2023-01-01,3,290,870
OID11975,PID2031,A112,EMP1029,C1752,2023-03-07,2,1638,3276
OID11978,PID2000,A144,EMP1032,C1073,2023-02-20,1,2241,2241
OID11987,PID2086,A161,EMP1010,C1092,2023-01-12,1,123,123
OID11995,PID2076,A159,EMP1036,C1286,2023-02-21,1,1522,1522
OID12026,PID2025,A133,EMP1027,C1637,2023-01-09,1,667,667
OID12039,PID2081,A172,EMP1004,C1011,2023-02-24,1,1566,1566
OID12042,PID2077,A162,EMP1032,C1367,2023-02-27,3,530,1590
OID12046,PID2033,A115,EMP1026,C1120,2023-01-05,1,2182,2182
OID12060,PID2076,A135,EMP1037,C1300,2023-02-15,1,1522,1522
OID12066,PID2078,A171,EMP1010,C1183,2023-01-09,1,1798,1798
OID12073,PID2090,A128,EMP1013,C1475,2023-03-10,1,1338,1338
OID12111,PID2029,A122,EMP1027,C1063,2023-01-17,1,1848,1848
OID12113,PID2008,A103,EMP1034,C1125,2023-01-05,1,315,315
OID12123,PID2050,A104,EMP1003,C1070,2023-02-26,4,2391,9564
OID12148,PID2095,A116,EMP1044,C1359,2023-01-06,2,1743,3486
OID12155,PID2064,A135,EMP1019,C1334,2023-01-18,4,1414,5656
OID12168,PID2068,A140,EMP1007,C1669,2023-01-12,1,1500,1500
OID12169,PID2080,A101,EMP1022,C1784,2023-02-11,1,2353,2353
OID12182,PID2008,A163,EMP1010,C1160,2023-01-13,1,315,315
OID12207,PID2003,A125,EMP1017,C1340,2023-01-28,3,1783,5349
OID12215,PID2064,A132,EMP1040,C1717,2023-02-20,2,1414,2828
OID12223,PID2036,A172,EMP1025,C1724,2023-02-23,1,1582,1582
OID12235,PID2057,A106,EMP1015,C1020,2023-01-16,1,181,181
OID12253,PID2061,A115,EMP1044,C1286,2023-02-05,3,913,2739
OID12261,PID2050,A157,EMP1043,C1672,2023-02-05,1,2391,2391
OID12288,PID2044,A166,EMP1013,C1368,2023-02-13,2,886,1772
OID12296,PID2024,A172,EMP1034,C1496,2023-01-18,3,356,1068
OID12305,PID2005,A100,EMP1005,C1395,2023-02-15,1,684,684
OID12356,PID2100,A116,EMP1043,C1513,2023-03-05,2,799,1598
OID12359,PID2010,A146,EMP1013,C1263,2023-02-13,4,1812,7248
OID12362,PID2062,A108,EMP1002,C1640,2023-03-05,1,2464,2464
OID12369,PID2008,A113,EMP1036,C1762,2023-02-20,1,315,315
OID12380,PID2039,A124,EMP1031,C1615,2023-01-26,4,817,3268
OID12391,PID2039,A116,EMP1016,C1357,2023-02-06,1,817,817
OID12418,PID2007,A118,EMP1000,C1148,2023-01-11,1,1405,1405
OID12420,PID2048,A105,EMP1005,C1423,2023-02-12,1,502,502
OID12463,PID2041,A172,EMP1038,C1177,2023-03-13,1,1380,1380
OID12477,PID2044,A125,EMP1019,C1035,2023-01-03,1,886,886
OID12486,PID2058,A171,EMP1004,C1368,2023-03-02,3,2257,6771
OID12497,PID2018,A111,EMP1024,C1709,2023-02-15,2,1972,3944
OID12500,PID2060,A122,EMP1007,C1713,2023-02-11,3,1467,4401
OID12501,PID2011,A165,EMP1041,C1015,2023-01-29,3,530,1590
OID12503,PID2077,A150,EMP1025,C1267,2023-02-10,1,530,530
OID12506,PID2033,A148,EMP1014,C1775,2023-02-10,4,2182,8728
OID12511,PID2078,A161,EMP1008,C1561,2023-02-04,2,1798,3596
OID12517,PID2044,A147,EMP1027,C1369,2023-02-07,2,886,1772
OID12518,PID2053,A107,EMP1034,C1343,2023-02-07,2,596,1192
OID12543,PID2021,A106,EMP1012,C1635,2023-01-16,3,217,651
OID12563,PID2038,A171,EMP1029,C1628,2023-01-02,3,392,1176
OID12566,PID2044,A156,EMP1039,C1780,2023-02-04,2,886,1772
OID12586,PID2075,A148,EMP1013,C1470,2023-01-02,2,400,800
OID12602,PID2020,A127,EMP1013,C1210,2023-03-12,1,2005,2005
OID12618,PID2074,A171,EMP1032,C1220,2023-02-01,4,504,2016
OID12624,PID2072,A144,EMP1011,C1064,2023-01-22,4,1887,7548
OID12626,PID2033,A116,EMP1042,C1518,2023-02-06,4,2182,8728
OID12630,PID2076,A140,EMP1006,C1708,2023-01-10,1,1522,1522
OID12636,PID2020,A158,EMP1030,C1032,2023-01-31,3,2005,6015
OID12639,PID2084,A117,EMP1036,C1007,2023-01-09,1,1783,1783
OID12651,PID2005,A150,EMP1002,C1339,2023-01-24,3,684,2052
OID12660,PID2087,A118,EMP1036,C1118,2023-01-15,2,1022,2044
OID12664,PID2035,A163,EMP1028,C1524,2023-02-06,4,458,1832
OID12666,PID2008,A130,EMP1016,C1647,2023-03-01,4,315,1260
OID12695,PID2000,A150,EMP1020,C1071,2023-03-12,4,2241,8964
OID12711,PID2089,A166,EMP1001,C1503,2023-03-09,3,2294,6882
OID12728,PID2005,A101,EMP1032,C1503,2023-02-06,4,684,2736
OID12742,PID2085,A170,EMP1039,C1504,2023-01-27,1,1862,1862
OID12756,PID2016,A156,EMP1013,C1221,2023-01-19,2,1351,2702
OID12758,PID2029,A126,EMP1029,C1157,2023-02-23,1,1848,1848
OID12777,PID2049,A134,EMP1025,C1546,2023-01-23,1,826,826
OID12779,PID2014,A170,EMP1039,C1061,2023-01-29,4,1809,7236
OID12785,PID2010,A157,EMP1031,C1526,2023-02-21,1,1812,1812
OID12827,PID2045,A148,EMP1016,C1604,2023-01-23,1,556,556
OID12840,PID2007,A135,EMP1037,C1277,2023-02-24,1,1405,1405
OID12855,PID2011,A135,EMP1038,C1578,2023-02-24,1,530,530
OID12858,PID2039,A101,EMP1015,C1218,2023-02-11,1,817,817
OID12899,PID2063,A156,EMP1021,C1048,2023-03-09,2,1708,3416
OID12906,PID2050,A135,EMP1011,C1123,2023-03-10,2,2391,4782
OID12912,PID2049,A129,EMP1027,C1294,2023-02-04,1,826,826
OID12923,PID2100,A129,EMP1010,C1197,2023-02-23,1,799,799
OID12947,PID2088,A142,EMP1027,C1389,2023-02-04,3,603,1809
OID12986,PID2062,A147,EMP1006,C1083,2023-02-11,3,2464,7392
OID12990,PID2095,A145,EMP1003,C1151,2023-01-04,1,1743,1743
OID13017,PID2004,A109,EMP1017,C1575,2023-01-31,4,1278,5112
OID13024,PID2060,A125,EMP1021,C1324,2023-01-01,2,1467,2934
OID13026,PID2028,A118,EMP1015,C1523,2023-01-12,1,2283,2283
OID13041,PID2093,A133,EMP1041,C1670,2023-02-09,1,112,112
OID13045,PID2045,A121,EMP1025,C1210,2023-02-19,2,556,1112
OID13053,PID2008,A162,EMP1007,C1224,2023-02-14,1,315,315
OID13065,PID2021,A147,EMP1022,C1618,2023-02-19,4,217,868
OID13090,PID2001,A132,EMP1036,C1454,2023-01-14,1,951,951
OID13093,PID2077,A123,EMP1027,C1560,2023-01-19,3,530,1590
OID13095,PID2063,A118,EMP1013,C1800,2023-03-01,2,1708,3416
OID13096,PID2031,A104,EMP1034,C1762,2023-02-10,1,1638,1638
OID13106,PID2047,A155,EMP1018,C1434,2023-01-17,1,290,290
OID13133,PID2034,A167,EMP1019,C1354,2023-01-19,3,871,2613
OID13141,PID2086,A139,EMP1042,C1000,2023-01-04,4,123,492
OID13148,PID2080,A173,EMP1027,C1054,2023-01-25,4,2353,9412
OID13150,PID2036,A103,EMP1005,C1386,2023-02-14,3,1582,4746
OID13155,PID2040,A147,EMP1021,C1304,2023-01-08,2,1889,3778
OID13159,PID2041,A105,EMP1043,C1782,2023-03-05,4,1380,5520
OID13166,PID2048,A117,EMP1006,C1716,2023-02-28,1,502,502
OID13178,PID2001,A101,EMP1023,C1106,2023-03-03,1,951,951
OID13202,PID2048,A166,EMP1025,C1613,2023-03-14,1,502,502
OID13231,PID2040,A119,EMP1002,C1366,2023-02-01,1,1889,1889
OID13237,PID2035,A148,EMP1018,C1543,2023-01-03,1,458,458
OID13242,PID2036,A146,EMP1011,C1335,2023-03-14,1,1582,1582
OID13281,PID2014,A157,EMP1012,C1663,2023-01-10,1,1809,1809
OID13298,PID2050,A114,EMP1002,C1658,2023-01-22,1,2391,2391
OID13300,PID2043,A165,EMP1005,C1594,2023-03-05,3,545,1635
OID13315,PID2047,A157,EMP1014,C1320,2023-02-03,2,290,580
OID13337,PID2049,A140,EMP1039,C1671,2023-01-08,1,826,826
OID13350,PID2018,A170,EMP1034,C1457,2023-03-03,4,1972,7888
OID13359,PID2074,A132,EMP1024,C1546,2023-03-10,1,504,504
OID13377,PID2072,A164,EMP1001,C1543,2023-03-09,2,1887,3774
OID13382,PID2073,A165,EMP1006,C1780,2023-03-01,1,95,95
OID13383,PID2060,A113,EMP1031,C1732,2023-02-06,1,1467,1467
OID13404,PID2058,A157,EMP1026,C1660,2023-01-13,1,2257,2257
OID13412,PID2077,A132,EMP1021,C1706,2023-03-02,1,530,530
OID13445,PID2085,A152,EMP1000,C1323,2023-03-05,4,1862,7448
OID13447,PID2021,A127,EMP1040,C1046,2023-02-02,1,217,217
OID13450,PID2055,A132,EMP1024,C1354,2023-01-08,3,2495,7485
OID13454,PID2083,A140,EMP1034,C1480,2023-03-09,1,2141,2141
OID13462,PID2051,A169,EMP1039,C1563,2023-02-16,2,1077,2154
OID13463,PID2065,A164,EMP1004,C1322,2023-01-31,1,2396,2396
OID13469,PID2080,A148,EMP1043,C1065,2023-01-17,1,2353,2353
OID13484,PID2064,A127,EMP1023,C1385,2023-01-08,2,1414,2828
OID13490,PID2097,A111,EMP1013,C1647,2023-01-16,1,1052,1052
OID13493,PID2030,A159,EMP1033,C1664,2023-03-12,1,1899,1899
OID13495,PID2033,A105,EMP1013,C1743,2023-03-04,1,2182,2182
OID13529,PID2064,A114,EMP1021,C1047,2023-01-20,3,1414,4242
OID13545,PID2098,A117,EMP1028,C1001,2023-02-05,1,1178,1178
OID13549,PID2096,A105,EMP1031,C1539,2023-03-14,1,1587,1587
OID13559,PID2079,A126,EMP1032,C1488,2023-02-28,2,1725,3450
OID13595,PID2045,A160,EMP1042,C1327,2023-03-15,1,556,556
OID13614,PID2004,A124,EMP1036,C1360,2023-02-07,3,1278,3834
OID13630,PID2013,A116,EMP1025,C1640,2023-01-11,2,368,736
OID13644,PID2020,A162,EMP1013,C1451,2023-01-27,4,2005,8020
OID13669,PID2083,A126,EMP1036,C1264,2023-02-22,1,2141,2141
OID13692,PID2001,A125,EMP1007,C1476,2023-02-22,3,951,2853
OID13695,PID2061,A155,EMP1009,C1506,2023-01-26,3,913,2739
OID13696,PID2094,A150,EMP1016,C1030,2023-02-08,1,771,771
OID13700,PID2042,A101,EMP1012,C1459,2023-01-16,3,203,609
OID13709,PID2086,A159,EMP1018,C1777,2023-01-14,3,123,369
OID13717,PID2055,A155,EMP1009,C1454,2023-01-28,1,2495,2495
OID13724,PID2018,A115,EMP1005,C1573,2023-01-24,2,1972,3944
OID13755,PID2054,A168,EMP1016,C1647,2023-01-16,1,127,127
OID13768,PID2001,A116,EMP1013,C1372,2023-01-25,1,951,951
OID13833,PID2079,A120,EMP1012,C1490,2023-01-18,4,1725,6900
OID13862,PID2097,A123,EMP1036,C1038,2023-01-07,1,1052,1052
OID13881,PID2036,A116,EMP1018,C1672,2023-02-20,1,1582,1582
OID13940,PID2066,A136,EMP1039,C1110,2023-01-30,1,2091,2091
OID14002,PID2050,A129,EMP1039,C1365,2023-03-05,1,2391,2391
OID14013,PID2083,A139,EMP1021,C1111,2023-02-02,1,2141,2141
OID14026,PID2022,A115,EMP1017,C1118,2023-03-07,1,561,561
OID14040,PID2053,A160,EMP1030,C1560,2023-02-08,4,596,2384
OID14048,PID2079,A145,EMP1001,C1792,2023-02-23,4,1725,6900
OID14050,PID2056,A165,EMP1043,C1432,2023-03-10,3,1635,4905
OID14052,PID2067,A139,EMP1030,C1697,2023-02-13,1,1119,1119
OID14097,PID2054,A137,EMP1026,C1125,2023-03-02,3,127,381
OID14141,PID2080,A173,EMP1028,C1254,2023-01-17,4,2353,9412
OID14178,PID2095,A114,EMP1023,C1253,2023-02-22,2,1743,3486
OID14183,PID2041,A156,EMP1016,C1257,2023-03-07,1,1380,1380
OID14198,PID2002,A149,EMP1037,C1032,2023-01-06,1,847,847
OID14212,PID2019,A124,EMP1014,C1551,2023-01-02,1,800,800
OID14219,PID2093,A126,EMP1024,C1279,2023-02-15,2,112,224
OID14234,PID2062,A166,EMP1025,C1596,2023-01-05,2,2464,4928
OID14243,PID2064,A140,EMP1004,C1166,2023-01-09,3,1414,4242
OID14244,PID2027,A163,EMP1014,C1304,2023-02-05,3,2497,7491
OID14246,PID2050,A121,EMP1040,C1526,2023-02-06,1,2391,2391
OID14253,PID2009,A158,EMP1026,C1166,2023-03-09,1,584,584
OID14304,PID2002,A138,EMP1027,C1264,2023-01-06,1,847,847
OID14311,PID2050,A157,EMP1001,C1017,2023-02-03,4,2391,9564
OID14349,PID2067,A171,EMP1038,C1512,2023-02-18,1,1119,1119
OID14359,PID2074,A118,EMP1029,C1695,2023-01-24,1,504,504
OID14384,PID2085,A123,EMP1015,C1442,2023-01-17,1,1862,1862
OID14418,PID2020,A109,EMP1004,C1687,2023-03-14,1,2005,2005
OID14426,PID2090,A102,EMP1025,C1388,2023-03-09,1,1338,1338
OID14474,PID2021,A132,EMP1019,C1014,2023-03-09,3,217,651
OID14480,PID2088,A119,EMP1039,C1446,2023-03-11,1,603,603
OID14481,PID2048,A173,EMP1026,C1629,2023-03-02,3,502,1506
OID14485,PID2008,A134,EMP1013,C1223,2023-02-04,3,315,945
OID14509,PID2008,A103,EMP1011,C1468,2023-01-23,4,315,1260
OID14512,PID2025,A129,EMP1023,C1525,2023-03-14,2,667,1334
OID14539,PID2098,A114,EMP1013,C1098,2023-01-08,2,1178,2356
OID14548,PID2026,A166,EMP1020,C1136,2023-03-04,1,947,947
OID14594,PID2014,A145,EMP1039,C1607,2023-02-01,1,1809,1809
OID14609,PID2093,A127,EMP1024,C1303,2023-01-24,2,112,224
OID14618,PID2051,A113,EMP1003,C1673,2023-01-16,3,1077,3231
OID14628,PID2030,A117,EMP1022,C1662,2023-02-12,1,1899,1899
OID14636,PID2025,A108,EMP1034,C1375,2023-03-05,1,667,667
OID14638,PID2058,A154,EMP1011,C1342,2023-01-25,2,2257,4514
OID14661,PID2093,A140,EMP1002,C1499,2023-01-20,1,112,112
OID14688,PID2060,A167,EMP1014,C1792,2023-01-28,1,1467,1467
OID14705,PID2051,A159,EMP1035,C1134,2023-03-11,3,1077,3231
OID14731,PID2053,A121,EMP1014,C1464,2023-03-01,3,596,1788
OID14778,PID2058,A137,EMP1029,C1458,2023-01-01,1,2257,2257
OID14801,PID2035,A165,EMP1023,C1752,2023-03-12,1,458,458
OID14812,PID2066,A158,EMP1010,C1129,2023-03-15,2,2091,4182
OID14823,PID2049,A145,EMP1032,C1543,2023-01-17,2,826,1652
OID14826,PID2082,A165,EMP1029,C1630,2023-03-08,3,1103,3309
OID14872,PID2060,A138,EMP1029,C1077,2023-03-01,1,1467,1467
OID14899,PID2089,A112,EMP1025,C1215,2023-02-27,2,2294,4588
OID14908,PID2002,A160,EMP1044,C1763,2023-01-13,3,847,2541
OID14911,PID2003,A123,EMP1021,C1306,2023-01-31,4,1783,7132
OID14934,PID2037,A149,EMP1000,C1567,2023-03-05,3,880,2640
OID14969,PID2074,A105,EMP1011,C1190,2023-01-13,3,504,1512
OID15007,PID2005,A141,EMP1041,C1431,2023-01-10,1,684,684
OID15017,PID2080,A163,EMP1006,C1252,2023-03-13,2,2353,4706
OID15031,PID2091,A147,EMP1005,C1165,2023-01-13,2,368,736
OID15037,PID2073,A162,EMP1037,C1145,2023-01-30,1,95,95
OID15052,PID2030,A159,EMP1042,C1499,2023-01-07,4,1899,7596
OID15104,PID2017,A117,EMP1041,C1383,2023-01-22,1,35,35
OID15120,PID2074,A144,EMP1039,C1673,2023-03-04,1,504,504
OID15121,PID2038,A105,EMP1025,C1532,2023-02-24,2,392,784
OID15143,PID2059,A146,EMP1004,C1524,2023-01-29,4,1494,5976
OID15165,PID2073,A163,EMP1001,C1313,2023-02-18,4,95,380
OID15168,PID2081,A142,EMP1020,C1485,2023-01-22,1,1566,1566
OID15170,PID2023,A100,EMP1020,C1775,2023-02-26,2,818,1636
OID15185,PID2063,A145,EMP1033,C1182,2023-02-07,4,1708,6832
OID15223,PID2032,A165,EMP1035,C1629,2023-01-02,1,1967,1967
OID15239,PID2086,A136,EMP1029,C1194,2023-03-01,1,123,123
OID15245,PID2088,A100,EMP1010,C1714,2023-02-28,3,603,1809
OID15247,PID2018,A108,EMP1004,C1263,2023-01-20,1,1972,1972
OID15259,PID2044,A126,EMP1021,C1008,2023-02-12,1,886,886
OID15292,PID2059,A104,EMP1039,C1450,2023-03-13,3,1494,4482
OID15332,PID2076,A112,EMP1026,C1400,2023-02-10,3,1522,4566
OID15344,PID2020,A165,EMP1010,C1616,2023-01-19,1,2005,2005
OID15356,PID2054,A125,EMP1038,C1402,2023-03-10,1,127,127
OID15368,PID2079,A104,EMP1002,C1641,2023-01-27,1,1725,1725
OID15399,PID2085,A164,EMP1020,C1096,2023-02-03,3,1862,5586
OID15401,PID2099,A151,EMP1027,C1330,2023-01-10,2,1367,2734
OID15446,PID2083,A141,EMP1038,C1034,2023-02-27,1,2141,2141
OID15451,PID2003,A163,EMP1008,C1478,2023-02-26,3,1783,5349
OID15464,PID2074,A139,EMP1011,C1669,2023-01-29,4,504,2016
OID15467,PID2020,A154,EMP1025,C1269,2023-02-23,1,2005,2005
OID15468,PID2040,A143,EMP1038,C1172,2023-01-25,1,1889,1889
OID15474,PID2084,A133,EMP1003,C1213,2023-01-24,1,1783,1783
OID15477,PID2056,A168,EMP1029,C1372,2023-01-25,1,1635,1635
OID15495,PID2023,A148,EMP1033,C1208,2023-02-23,1,818,818
OID15510,PID2035,A157,EMP1012,C1056,2023-03-01,1,458,458
OID15512,PID2022,A135,EMP1007,C1096,2023-01-17,1,561,561
OID15516,PID2001,A110,EMP1017,C1555,2023-01-05,1,951,951
OID15522,PID2060,A155,EMP1043,C1068,2023-02-24,4,1467,5868
OID15531,PID2039,A126,EMP1040,C1180,2023-02-08,3,817,2451
OID15533,PID2023,A143,EMP1004,C1198,2023-01-16,1,818,818
OID15538,PID2098,A129,EMP1022,C1220,2023-03-11,4,1178,4712
OID15551,PID2026,A132,EMP1027,C1382,2023-03-05,2,947,1894
OID15563,PID2020,A104,EMP1039,C1080,2023-02-23,1,2005,2005
OID15570,PID2087,A164,EMP1041,C1593,2023-03-05,1,1022,1022
OID15599,PID2080,A164,EMP1043,C1359,2023-02-02,1,2353,2353
OID15607,PID2029,A137,EMP1025,C1043,2023-03-12,2,1848,3696
OID15618,PID2090,A117,EMP1021,C1296,2023-03-05,1,1338,1338
OID15659,PID2036,A123,EMP1044,C1260,2023-02-23,1,1582,1582
OID15683,PID2042,A123,EMP1015,C1109,2023-01-24,1,203,203
OID15707,PID2077,A145,EMP1009,C1543,2023-03-02,3,530,1590
OID15730,PID2083,A156,EMP1015,C1751,2023-01-17,4,2141,8564
OID15747,PID2023,A136,EMP1027,C1519,2023-01-03,1,818,818
OID15752,PID2002,A160,EMP1039,C1342,2023-03-14,1,847,847
OID15756,PID2083,A102,EMP1011,C1538,2023-03-10,1,2141,2141
OID15772,PID2059,A153,EMP1040,C1688,2023-02-01,2,1494,2988
OID15773,PID2100,A120,EMP1013,C1634,2023-03-10,1,799,799
OID15775,PID2052,A113,EMP1036,C1023,2023-01-10,1,1526,1526
OID15789,PID2031,A168,EMP1038,C1162,2023-02-26,2,1638,3276
OID15802,PID2045,A142,EMP1000,C1590,2023-01-21,1,556,556
OID15906,PID2042,A170,EMP1018,C1606,2023-02-07,3,203,609
OID15912,PID2011,A141,EMP1005,C1617,2023-02-24,1,530,530
OID15923,PID2091,A134,EMP1013,C1480,2023-01-11,1,368,368
OID15929,PID2080,A122,EMP1039,C1601,2023-03-01,1,2353,2353
OID15934,PID2009,A103,EMP1044,C1436,2023-03-06,2,584,1168
OID15944,PID2052,A119,EMP1031,C1533,2023-03-06,4,1526,6104
OID15955,PID2017,A157,EMP1030,C1147,2023-02-13,1,35,35
OID15956,PID2003,A161,EMP1022,C1536,2023-01-01,1,1783,1783
OID15959,PID2061,A121,EMP1006,C1029,2023-02-13,3,913,2739
OID15972,PID2095,A114,EMP1013,C1113,2023-02-24,2,1743,3486
OID15978,PID2080,A172,EMP1031,C1361,2023-02-18,1,2353,2353
OID16016,PID2041,A127,EMP1038,C1606,2023-01-22,4,1380,5520
OID16033,PID2045,A157,EMP1017,C1133,2023-01-07,4,556,2224
OID16053,PID2008,A131,EMP1021,C1156,2023-02-10,1,315,315
OID16063,PID2028,A164,EMP1029,C1510,2023-01-17,1,2283,2283
OID16136,PID2094,A130,EMP1005,C1684,2023-02-06,1,771,771
OID16142,PID2055,A138,EMP1019,C1126,2023-02-26,3,2495,7485
OID16149,PID2001,A133,EMP1010,C1377,2023-02-22,2,951,1902
OID16151,PID2019,A126,EMP1012,C1774,2023-02-28,1,800,800
OID16161,PID2078,A124,EMP1042,C1377,2023-01-13,3,1798,5394
OID16169,PID2076,A169,EMP1009,C1720,2023-03-11,1,1522,1522
OID16182,PID2007,A142,EMP1028,C1793,2023-01-20,3,1405,4215
OID16195,PID2035,A156,EMP1001,C1030,2023-02-24,1,458,458
OID16210,PID2003,A125,EMP1009,C1418,2023-02-27,1,1783,1783
OID16247,PID2010,A102,EMP1033,C1431,2023-02-12,2,1812,3624
OID16248,PID2051,A170,EMP1023,C1092,2023-01-23,1,1077,1077
OID16281,PID2051,A100,EMP1035,C1302,2023-02-02,3,1077,3231
OID16284,PID2073,A124,EMP1038,C1542,2023-03-09,2,95,190
OID16286,PID2091,A159,EMP1044,C1296,2023-03-07,1,368,368
OID16302,PID2021,A136,EMP1004,C1185,2023-02-01,4,217,868
OID16337,PID2007,A155,EMP1020,C1343,2023-02-05,3,1405,4215
OID16338,PID2067,A147,EMP1041,C1525,2023-01-05,1,1119,1119
OID16361,PID2037,A115,EMP1005,C1767,2023-02-01,1,880,880
OID16362,PID2096,A135,EMP1016,C1335,2023-02-09,1,1587,1587
OID16365,PID2057,A100,EMP1044,C1264,2023-01-06,1,181,181
OID16369,PID2081,A118,EMP1005,C1677,2023-03-10,1,1566,1566
OID16379,PID2005,A115,EMP1020,C1682,2023-01-14,3,684,2052
OID16407,PID2025,A112,EMP1022,C1663,2023-02-23,4,667,2668
OID16414,PID2000,A159,EMP1038,C1657,2023-03-05,3,2241,6723
OID16439,PID2023,A110,EMP1025,C1795,2023-03-10,1,818,818
OID16466,PID2010,A111,EMP1007,C1573,2023-01-07,3,1812,5436
OID16497,PID2080,A172,EMP1020,C1560,2023-01-09,3,2353,7059
OID16546,PID2080,A117,EMP1022,C1314,2023-01-26,4,2353,9412
OID16565,PID2084,A136,EMP1000,C1686,2023-01-21,3,1783,5349
OID16567,PID2054,A118,EMP1000,C1439,2023-01-31,4,127,508
OID16578,PID2088,A109,EMP1040,C1630,2023-03-15,3,603,1809
OID16584,PID2095,A116,EMP1018,C1281,2023-02-15,1,1743,1743
OID16594,PID2034,A147,EMP1044,C1561,2023-03-06,1,871,871
OID16611,PID2069,A154,EMP1009,C1196,2023-01-04,3,378,1134
OID16680,PID2088,A129,EMP1042,C1107,2023-03-04,1,603,603
OID16698,PID2057,A115,EMP1023,C1639,2023-01-16,1,181,181
OID16701,PID2009,A113,EMP1002,C1777,2023-03-03,1,584,584
OID16706,PID2033,A155,EMP1037,C1078,2023-03-02,3,2182,6546
OID16716,PID2058,A108,EMP1021,C1138,2023-03-01,1,2257,2257
OID16719,PID2024,A112,EMP1028,C1098,2023-02-26,3,356,1068
OID16723,PID2006,A121,EMP1022,C1394,2023-01-06,1,1826,1826
OID16742,PID2091,A134,EMP1036,C1213,2023-02-02,1,368,368
OID16754,PID2082,A117,EMP1018,C1525,2023-01-27,3,1103,3309
OID16771,PID2005,A100,EMP1040,C1724,2023-01-12,1,684,684
OID16776,PID2051,A144,EMP1027,C1098,2023-02-10,1,1077,1077
OID16793,PID2063,A133,EMP1041,C1794,2023-02-17,3,1708,5124
OID16805,PID2050,A168,EMP1026,C1192,2023-03-06,1,2391,2391
OID16825,PID2014,A165,EMP1007,C1596,2023-02-01,1,1809,1809
OID16827,PID2086,A128,EMP1022,C1408,2023-02-07,3,123,369
OID16831,PID2087,A143,EMP1012,C1545,2023-01-06,1,1022,1022
OID16887,PID2067,A169,EMP1018,C1322,2023-01-19,1,1119,1119
OID16937,PID2043,A151,EMP1031,C1622,2023-01-10,3,545,1635
OID16942,PID2003,A154,EMP1044,C1711,2023-01-04,3,1783,5349
OID16944,PID2055,A127,EMP1038,C1657,2023-01-03,3,2495,7485
OID16963,PID2068,A140,EMP1020,C1457,2023-01-23,3,1500,4500
OID16966,PID2083,A117,EMP1015,C1633,2023-03-09,4,2141,8564
OID16981,PID2025,A149,EMP1039,C1752,2023-02-12,2,667,1334
OID16995,PID2087,A115,EMP1028,C1044,2023-03-13,1,1022,1022
OID17005,PID2066,A109,EMP1011,C1099,2023-01-06,3,2091,6273
OID17010,PID2082,A103,EMP1031,C1675,2023-02-07,3,1103,3309
OID17017,PID2021,A145,EMP1033,C1144,2023-02-26,3,217,651
OID17036,PID2036,A159,EMP1020,C1209,2023-02-07,1,1582,1582
OID17039,PID2000,A127,EMP1013,C1692,2023-03-13,1,2241,2241
OID17065,PID2067,A147,EMP1024,C1325,2023-01-04,2,1119,2238
OID17066,PID2022,A151,EMP1024,C1481,2023-01-17,4,561,2244
OID17075,PID2077,A108,EMP1033,C1304,2023-03-06,1,530,530
OID17077,PID2064,A114,EMP1027,C1464,2023-03-11,2,1414,2828
OID17112,PID2033,A106,EMP1021,C1014,2023-03-01,1,2182,2182
OID17153,PID2092,A112,EMP1005,C1637,2023-01-29,1,1639,1639
OID17164,PID2056,A130,EMP1029,C1447,2023-03-05,1,1635,1635
OID17182,PID2034,A113,EMP1024,C1720,2023-02-24,1,871,871
OID17218,PID2066,A162,EMP1025,C1079,2023-01-16,1,2091,2091
OID17227,PID2059,A141,EMP1015,C1515,2023-01-10,3,1494,4482
OID17239,PID2065,A105,EMP1035,C1582,2023-01-23,4,2396,9584
OID17248,PID2048,A134,EMP1028,C1698,2023-03-14,1,502,502
OID17270,PID2031,A116,EMP1042,C1279,2023-02-04,1,1638,1638
OID17282,PID2082,A149,EMP1044,C1788,2023-02-08,1,1103,1103
OID17308,PID2093,A138,EMP1033,C1199,2023-03-13,1,112,112
OID17326,PID2078,A114,EMP1025,C1193,2023-02-22,3,1798,5394
OID17328,PID2089,A173,EMP1033,C1088,2023-01-14,1,2294,2294
OID17346,PID2087,A146,EMP1000,C1632,2023-01-07,3,1022,3066
OID17359,PID2041,A118,EMP1002,C1336,2023-02-23,1,1380,1380
OID17367,PID2071,A140,EMP1019,C1152,2023-02-24,2,136,272
OID17369,PID2074,A132,EMP1039,C1788,2023-03-11,1,504,504
OID17372,PID2065,A124,EMP1041,C1655,2023-02-27,1,2396,2396
OID17379,PID2068,A117,EMP1019,C1096,2023-01-05,3,1500,4500
OID17381,PID2039,A159,EMP1043,C1204,2023-02-10,1,817,817
OID17395,PID2044,A167,EMP1018,C1333,2023-03-02,1,886,886
OID17408,PID2062,A146,EMP1037,C1713,2023-02-07,2,2464,4928
OID17442,PID2027,A139,EMP1012,C1212,2023-02-15,3,2497,7491
OID17476,PID2085,A127,EMP1027,C1321,2023-02-12,4,1862,7448
OID17482,PID2065,A167,EMP1006,C1728,2023-03-09,1,2396,2396
OID17483,PID2015,A116,EMP1011,C1122,2023-02-08,1,637,637
OID17488,PID2035,A126,EMP1015,C1011,2023-03-06,1,458,458
OID17493,PID2073,A100,EMP1040,C1371,2023-01-10,3,95,285
OID17499,PID2087,A116,EMP1010,C1147,2023-01-20,3,1022,3066
OID17514,PID2092,A136,EMP1017,C1454,2023-01-04,4,1639,6556
OID17525,PID2064,A172,EMP1039,C1161,2023-02-18,1,1414,1414
OID17526,PID2095,A155,EMP1028,C1590,2023-03-09,4,1743,6972
OID17536,PID2084,A117,EMP1023,C1101,2023-02-21,1,1783,1783
OID17558,PID2020,A151,EMP1030,C1351,2023-03-14,2,2005,4010
OID17592,PID2067,A139,EMP1019,C1627,2023-01-29,1,1119,1119
OID17608,PID2044,A122,EMP1006,C1450,2023-01-31,1,886,886
OID17632,PID2078,A115,EMP1037,C1703,2023-03-05,4,1798,7192
OID17648,PID2075,A169,EMP1024,C1597,2023-03-14,1,400,400
OID17651,PID2092,A111,EMP1026,C1077,2023-01-20,2,1639,3278
OID17658,PID2049,A111,EMP1018,C1707,2023-02-13,3,826,2478
OID17675,PID2051,A104,EMP1020,C1384,2023-01-16,3,1077,3231
OID17683,PID2017,A146,EMP1027,C1721,2023-01-02,1,35,35
OID17690,PID2061,A126,EMP1003,C1049,2023-02-20,3,913,2739
OID17717,PID2093,A117,EMP1000,C1658,2023-01-22,2,112,224
OID17729,PID2032,A113,EMP1034,C1091,2023-02-05,2,1967,3934
OID17748,PID2060,A163,EMP1027,C1620,2023-01-02,1,1467,1467
OID17754,PID2005,A115,EMP1038,C1519,2023-03-09,4,684,2736
OID17756,PID2019,A122,EMP1004,C1307,2023-02-02,4,800,3200
OID17760,PID2100,A108,EMP1037,C1469,2023-01-13,3,799,2397
OID17787,PID2007,A145,EMP1008,C1637,2023-03-08,1,1405,1405
OID17792,PID2045,A155,EMP1016,C1125,2023-01-07,1,556,556
OID17809,PID2066,A111,EMP1043,C1726,2023-01-07,2,2091,4182
OID17820,PID2100,A168,EMP1029,C1002,2023-02-09,1,799,799
OID17834,PID2058,A129,EMP1041,C1068,2023-02-20,1,2257,2257
OID17846,PID2078,A131,EMP1024,C1174,2023-02-24,2,1798,3596
OID17860,PID2044,A113,EMP1006,C1499,2023-02-14,4,886,3544
OID17913,PID2019,A123,EMP1036,C1000,2023-02-13,2,800,1600
OID17977,PID2023,A107,EMP1015,C1529,2023-03-10,1,818,818
OID18005,PID2028,A138,EMP1043,C1040,2023-02-15,4,2283,9132
OID18010,PID2014,A131,EMP1008,C1497,2023-03-07,2,1809,3618
OID18031,PID2031,A144,EMP1042,C1021,2023-02-12,1,1638,1638
OID18033,PID2084,A108,EMP1042,C1698,2023-02-08,1,1783,1783
OID18047,PID2085,A168,EMP1040,C1165,2023-01-05,2,1862,3724
OID18066,PID2001,A149,EMP1018,C1357,2023-03-15,1,951,951
OID18076,PID2052,A153,EMP1004,C1498,2023-01-15,1,1526,1526
OID18081,PID2069,A108,EMP1017,C1002,2023-03-13,1,378,378
OID18118,PID2000,A107,EMP1030,C1296,2023-02-25,2,2241,4482
OID18134,PID2007,A112,EMP1023,C1576,2023-01-15,1,1405,1405
OID18185,PID2050,A159,EMP1004,C1692,2023-01-09,2,2391,4782
OID18194,PID2001,A168,EMP1016,C1604,2023-01-05,1,951,951
OID18206,PID2013,A157,EMP1022,C1011,2023-02-24,3,368,1104
OID18248,PID2064,A150,EMP1016,C1113,2023-02-02,3,1414,4242
OID18277,PID2080,A123,EMP1021,C1377,2023-01-19,1,2353,2353
OID18291,PID2082,A168,EMP1014,C1756,2023-01-08,2,1103,2206
OID18303,PID2066,A141,EMP1043,C1570,2023-02-07,3,2091,6273
OID18328,PID2073,A114,EMP1029,C1239,2023-02-18,4,95,380
OID18352,PID2083,A123,EMP1035,C1058,2023-03-11,1,2141,2141
OID18361,PID2071,A151,EMP1000,C1530,2023-01-22,1,136,136
OID18391,PID2095,A100,EMP1015,C1123,2023-02-22,4,1743,6972
OID18428,PID2062,A137,EMP1022,C1756,2023-02-23,3,2464,7392
OID18442,PID2078,A111,EMP1037,C1556,2023-02-01,1,1798,1798
OID18450,PID2041,A142,EMP1040,C1117,2023-02-04,1,1380,1380
OID18454,PID2095,A131,EMP1004,C1775,2023-01-04,3,1743,5229
OID18471,PID2086,A110,EMP1032,C1533,2023-02-26,4,123,492
OID18496,PID2067,A126,EMP1017,C1566,2023-03-10,3,1119,3357
OID18507,PID2035,A164,EMP1036,C1079,2023-02-20,3,458,1374
OID18519,PID2070,A172,EMP1018,C1747,2023-01-21,2,1671,3342
OID18525,PID2023,A165,EMP1019,C1752,2023-03-05,1,818,818
OID18534,PID2060,A167,EMP1008,C1013,2023-03-10,1,1467,1467
OID18541,PID2039,A146,EMP1024,C1702,2023-01-04,1,817,817
OID18596,PID2086,A145,EMP1006,C1137,2023-02-24,1,123,123
OID18600,PID2037,A152,EMP1009,C1245,2023-01-31,1,880,880
OID18608,PID2076,A157,EMP1022,C1207,2023-01-24,1,1522,1522
OID18610,PID2087,A131,EMP1029,C1681,2023-01-13,1,1022,1022
OID18633,PID2074,A171,EMP1035,C1022,2023-01-14,1,504,504
OID18636,PID2043,A112,EMP1037,C1289,2023-03-15,3,545,1635
OID18658,PID2055,A147,EMP1021,C1196,2023-01-16,1,2495,2495
OID18672,PID2058,A133,EMP1022,C1079,2023-01-09,3,2257,6771
OID18678,PID2028,A145,EMP1018,C1121,2023-03-05,3,2283,6849
OID18710,PID2093,A108,EMP1001,C1011,2023-01-05,1,112,112
OID18798,PID2043,A101,EMP1002,C1441,2023-01-14,1,545,545
OID18803,PID2090,A127,EMP1034,C1344,2023-03-03,1,1338,1338
OID18806,PID2092,A128,EMP1043,C1778,2023-01-14,1,1639,1639
OID18817,PID2043,A118,EMP1012,C1262,2023-01-22,2,545,1090
OID18825,PID2032,A157,EMP1031,C1678,2023-02-09,3,1967,5901
OID18826,PID2052,A135,EMP1040,C1377,2023-02-22,3,1526,4578
OID18829,PID2011,A101,EMP1029,C1449,2023-01-03,1,530,530
OID18831,PID2072,A102,EMP1018,C1634,2023-01-04,2,1887,3774
OID18836,PID2085,A161,EMP1018,C1342,2023-03-11,1,1862,1862
OID18837,PID2072,A140,EMP1034,C1509,2023-03-04,4,1887,7548
OID18857,PID2088,A116,EMP1037,C1545,2023-01-22,3,603,1809
OID18921,PID2031,A125,EMP1043,C1138,2023-02-28,3,1638,4914
OID18936,PID2080,A134,EMP1044,C1758,2023-03-08,2,2353,4706
OID18951,PID2040,A172,EMP1040,C1709,2023-02-27,1,1889,1889
OID18974,PID2049,A137,EMP1009,C1487,2023-03-05,3,826,2478
OID18975,PID2058,A160,EMP1031,C1707,2023-01-07,1,2257,2257
OID18987,PID2061,A114,EMP1011,C1155,2023-03-13,1,913,913
OID18994,PID2015,A149,EMP1004,C1033,2023-03-09,1,637,637
OID19003,PID2077,A114,EMP1030,C1398,2023-01-22,1,530,530
OID19022,PID2065,A146,EMP1016,C1508,2023-03-03,1,2396,2396
OID19052,PID2075,A158,EMP1009,C1434,2023-02-23,1,400,400
OID19082,PID2040,A151,EMP1003,C1260,2023-01-24,1,1889,1889
OID19091,PID2023,A121,EMP1016,C1190,2023-02-18,1,818,818
OID19097,PID2007,A127,EMP1017,C1724,2023-01-05,1,1405,1405
OID19098,PID2058,A146,EMP1016,C1318,2023-01-27,3,2257,6771
OID19102,PID2034,A119,EMP1026,C1350,2023-03-07,1,871,871
OID19118,PID2096,A144,EMP1026,C1363,2023-01-31,1,1587,1587
OID19161,PID2034,A129,EMP1033,C1749,2023-02-11,1,871,871
OID19168,PID2046,A167,EMP1025,C1530,2023-02-08,1,2410,2410
OID19173,PID2002,A142,EMP1024,C1102,2023-03-13,2,847,1694
OID19182,PID2029,A116,EMP1017,C1365,2023-02-21,1,1848,1848
OID19206,PID2054,A105,EMP1037,C1584,2023-01-11,4,127,508
OID19225,PID2028,A137,EMP1009,C1236,2023-03-03,3,2283,6849
OID19267,PID2076,A152,EMP1039,C1209,2023-02-01,1,1522,1522
OID19272,PID2017,A135,EMP1006,C1308,2023-02-22,2,35,70
OID19274,PID2071,A170,EMP1003,C1756,2023-03-05,4,136,544
OID19276,PID2015,A135,EMP1040,C1087,2023-01-07,1,637,637
OID19308,PID2095,A114,EMP1034,C1393,2023-01-13,4,1743,6972
OID19332,PID2012,A147,EMP1002,C1021,2023-03-07,4,1353,5412
OID19352,PID2098,A143,EMP1040,C1711,2023-02-08,2,1178,2356
OID19353,PID2017,A132,EMP1022,C1000,2023-02-24,1,35,35
OID19387,PID2043,A173,EMP1003,C1317,2023-01-22,1,545,545
OID19413,PID2004,A168,EMP1003,C1789,2023-01-19,4,1278,5112
OID19433,PID2028,A114,EMP1014,C1162,2023-02-20,1,2283,2283
OID19435,PID2012,A168,EMP1019,C1459,2023-03-15,1,1353,1353
OID19440,PID2077,A145,EMP1012,C1348,2023-02-07,4,530,2120
OID19449,PID2028,A151,EMP1029,C1153,2023-02-28,3,2283,6849
OID19455,PID2080,A151,EMP1018,C1331,2023-02-03,1,2353,2353
OID19503,PID2093,A154,EMP1022,C1655,2023-01-25,3,112,336
OID19512,PID2073,A142,EMP1019,C1410,2023-02-11,1,95,95
OID19520,PID2028,A138,EMP1039,C1377,2023-02-13,1,2283,2283
OID19530,PID2081,A121,EMP1033,C1724,2023-01-14,1,1566,1566
OID19537,PID2098,A116,EMP1029,C1044,2023-03-01,1,1178,1178
OID19554,PID2013,A133,EMP1044,C1536,2023-01-25,2,368,736
OID19560,PID2077,A142,EMP1012,C1571,2023-01-05,3,530,1590
OID19571,PID2095,A128,EMP1015,C1671,2023-03-07,2,1743,3486
OID19573,PID2071,A102,EMP1004,C1751,2023-03-15,1,136,136
OID19603,PID2000,A121,EMP1010,C1031,2023-02-07,3,2241,6723
OID19605,PID2018,A106,EMP1035,C1229,2023-01-01,1,1972,1972
OID19626,PID2003,A106,EMP1005,C1259,2023-03-07,3,1783,5349
OID19646,PID2040,A146,EMP1035,C1292,2023-03-01,1,1889,1889
OID19655,PID2000,A173,EMP1032,C1279,2023-02-02,1,2241,2241
OID19686,PID2021,A162,EMP1006,C1243,2023-02-14,3,217,651
OID19720,PID2023,A156,EMP1035,C1720,2023-02-16,1,818,818
OID19743,PID2059,A173,EMP1027,C1130,2023-02-19,3,1494,4482
OID19755,PID2011,A163,EMP1006,C1062,2023-03-07,4,530,2120
OID19762,PID2086,A143,EMP1017,C1736,2023-02-06,1,123,123
OID19763,PID2088,A120,EMP1034,C1404,2023-01-18,4,603,2412
OID19789,PID2007,A170,EMP1021,C1131,2023-01-11,2,1405,2810
OID19790,PID2039,A149,EMP1030,C1725,2023-01-24,2,817,1634
OID19791,PID2087,A147,EMP1028,C1371,2023-03-01,3,1022,3066
OID19795,PID2076,A110,EMP1039,C1707,2023-01-31,1,1522,1522
OID19799,PID2077,A133,EMP1003,C1524,2023-02-04,2,530,1060
OID19817,PID2015,A170,EMP1026,C1538,2023-02-24,3,637,1911
OID19834,PID2003,A145,EMP1025,C1234,2023-01-14,4,1783,7132
OID19835,PID2092,A154,EMP1010,C1719,2023-02-17,4,1639,6556
OID19842,PID2013,A131,EMP1041,C1751,2023-01-31,4,368,1472
OID19855,PID2065,A125,EMP1005,C1103,2023-03-09,1,2396,2396
OID19857,PID2039,A119,EMP1043,C1789,2023-03-05,1,817,817
OID19861,PID2071,A129,EMP1036,C1160,2023-01-15,3,136,408
OID19868,PID2040,A122,EMP1019,C1117,2023-02-16,1,1889,1889
OID19878,PID2070,A141,EMP1000,C1783,2023-03-12,3,1671,5013
OID19880,PID2013,A162,EMP1040,C1124,2023-02-05,1,368,368
OID19906,PID2069,A154,EMP1041,C1400,2023-01-08,1,378,378
OID19913,PID2036,A111,EMP1044,C1382,2023-03-01,1,1582,1582
OID19935,PID2003,A143,EMP1005,C1658,2023-02-07,1,1783,1783
OID19975,PID2088,A112,EMP1013,C1765,2023-02-03,4,603,2412
OID19996,PID2031,A116,EMP1019,C1433,2023-02-28,1,1638,1638
OID19999,PID2020,A122,EMP1038,C1430,2023-01-07,3,2005,6015
OID20005,PID2055,A151,EMP1031,C1488,2023-02-19,1,2495,2495
OID20017,PID2018,A160,EMP1030,C1043,2023-03-14,1,1972,1972
OID20020,PID2022,A142,EMP1039,C1766,2023-02-11,3,561,1683
OID20035,PID2015,A147,EMP1016,C1685,2023-03-10,4,637,2548
OID20041,PID2055,A156,EMP1021,C1070,2023-03-09,1,2495,2495
OID20042,PID2013,A127,EMP1007,C1347,2023-02-04,2,368,736
OID20083,PID2093,A124,EMP1031,C1184,2023-01-17,1,112,112
OID20122,PID2092,A154,EMP1029,C1619,2023-01-04,1,1639,1639
OID20133,PID2000,A147,EMP1023,C1325,2023-02-03,3,2241,6723
OID20145,PID2056,A171,EMP1011,C1090,2023-02-02,4,1635,6540
OID20153,PID2070,A107,EMP1006,C1655,2023-01-13,1,1671,1671
OID20172,PID2061,A121,EMP1041,C1521,2023-03-14,1,913,913
OID20222,PID2033,A114,EMP1007,C1105,2023-02-11,1,2182,2182
OID20258,PID2066,A138,EMP1037,C1752,2023-02-21,2,2091,4182
OID20265,PID2062,A114,EMP1005,C1164,2023-03-13,3,2464,7392
OID20268,PID2094,A173,EMP1036,C1289,2023-01-14,2,771,1542
OID20270,PID2009,A117,EMP1010,C1724,2023-02-26,1,584,584
OID20274,PID2035,A122,EMP1041,C1016,2023-02-02,3,458,1374
OID20275,PID2045,A107,EMP1009,C1186,2023-03-05,4,556,2224
OID20286,PID2055,A145,EMP1009,C1342,2023-01-16,1,2495,2495
OID20293,PID2044,A137,EMP1038,C1118,2023-01-16,4,886,3544
OID20322,PID2033,A122,EMP1042,C1255,2023-02-20,2,2182,4364
OID20330,PID2020,A132,EMP1040,C1753,2023-01-06,1,2005,2005
OID20337,PID2082,A132,EMP1004,C1248,2023-01-06,1,1103,1103
OID20353,PID2060,A125,EMP1023,C1455,2023-02-27,1,1467,1467
OID20378,PID2076,A102,EMP1022,C1100,2023-01-07,2,1522,3044
OID20393,PID2033,A160,EMP1041,C1449,2023-02-09,2,2182,4364
OID20399,PID2002,A146,EMP1033,C1551,2023-03-02,3,847,2541
OID20414,PID2084,A145,EMP1009,C1384,2023-01-24,1,1783,1783
OID20417,PID2078,A156,EMP1028,C1566,2023-01-13,2,1798,3596
OID20418,PID2009,A151,EMP1034,C1063,2023-02-18,1,584,584
OID20426,PID2047,A137,EMP1043,C1392,2023-01-19,1,290,290
OID20452,PID2015,A168,EMP1012,C1039,2023-03-03,3,637,1911
OID20454,PID2071,A106,EMP1012,C1174,2023-02-13,3,136,408
OID20473,PID2099,A127,EMP1039,C1505,2023-02-16,1,1367,1367
OID20488,PID2036,A104,EMP1038,C1350,2023-02-09,2,1582,3164
OID20501,PID2013,A127,EMP1030,C1444,2023-02-25,2,368,736
OID20509,PID2005,A157,EMP1039,C1532,2023-01-09,4,684,2736
OID20527,PID2033,A152,EMP1008,C1706,2023-03-04,1,2182,2182
OID20546,PID2007,A140,EMP1032,C1531,2023-03-03,1,1405,1405
OID20553,PID2073,A112,EMP1012,C1154,2023-01-03,1,95,95
OID20568,PID2030,A114,EMP1031,C1508,2023-01-26,1,1899,1899
OID20599,PID2028,A152,EMP1017,C1676,2023-02-21,4,2283,9132
OID20616,PID2070,A102,EMP1043,C1092,2023-03-10,1,1671,1671
OID20641,PID2064,A138,EMP1025,C1164,2023-02-19,1,1414,1414
OID20657,PID2075,A139,EMP1034,C1209,2023-02-20,1,400,400
OID20673,PID2056,A153,EMP1022,C1695,2023-01-15,1,1635,1635
OID20679,PID2053,A173,EMP1007,C1773,2023-03-02,2,596,1192
OID20683,PID2007,A162,EMP1024,C1590,2023-01-09,2,1405,2810
OID20699,PID2066,A169,EMP1004,C1772,2023-01-16,4,2091,8364
OID20711,PID2098,A140,EMP1016,C1523,2023-01-29,2,1178,2356
OID20723,PID2010,A146,EMP1043,C1584,2023-02-04,2,1812,3624
OID20728,PID2035,A102,EMP1018,C1129,2023-02-11,1,458,458
OID20734,PID2046,A160,EMP1005,C1636,2023-01-20,1,2410,2410
OID20750,PID2071,A115,EMP1017,C1559,2023-01-12,1,136,136
OID20763,PID2095,A115,EMP1008,C1034,2023-01-30,1,1743,1743
OID20800,PID2081,A133,EMP1033,C1348,2023-01-21,1,1566,1566
OID20825,PID2067,A120,EMP1004,C1392,2023-01-18,2,1119,2238
OID20835,PID2022,A156,EMP1029,C1097,2023-01-15,2,561,1122
OID20855,PID2047,A103,EMP1016,C1620,2023-02-23,3,290,870
OID20863,PID2049,A148,EMP1018,C1000,2023-03-08,3,826,2478
OID20884,PID2049,A170,EMP1030,C1542,2023-02-25,3,826,2478
OID20904,PID2016,A163,EMP1030,C1512,2023-02-17,1,1351,1351
OID20939,PID2017,A155,EMP1021,C1416,2023-03-04,1,35,35
OID20986,PID2055,A112,EMP1044,C1007,2023-03-13,1,2495,2495
OID20992,PID2084,A147,EMP1004,C1709,2023-01-28,1,1783,1783
OID21001,PID2004,A156,EMP1016,C1324,2023-01-29,1,1278,1278
OID21024,PID2060,A105,EMP1007,C1789,2023-01-29,2,1467,2934
OID21042,PID2010,A116,EMP1010,C1357,2023-02-23,1,1812,1812
OID21065,PID2097,A170,EMP1006,C1287,2023-01-08,1,1052,1052
OID21079,PID2086,A158,EMP1033,C1714,2023-03-07,1,123,123
OID21086,PID2053,A161,EMP1043,C1016,2023-03-08,2,596,1192
OID21126,PID2000,A150,EMP1038,C1506,2023-02-06,1,2241,2241
OID21127,PID2041,A172,EMP1044,C1179,2023-01-09,3,1380,4140
OID21135,PID2047,A132,EMP1042,C1773,2023-02-23,2,290,580
OID21153,PID2042,A172,EMP1035,C1507,2023-02-01,1,203,203
OID21164,PID2027,A169,EMP1018,C1658,2023-01-26,1,2497,2497
OID21172,PID2029,A124,EMP1033,C1424,2023-03-04,1,1848,1848
OID21174,PID2039,A102,EMP1035,C1185,2023-02-22,1,817,817
OID21198,PID2046,A131,EMP1024,C1095,2023-02-02,1,2410,2410
OID21201,PID2080,A113,EMP1014,C1383,2023-01-19,4,2353,9412
OID21215,PID2055,A102,EMP1002,C1402,2023-01-25,1,2495,2495
OID21223,PID2099,A153,EMP1003,C1273,2023-02-16,1,1367,1367
OID21242,PID2001,A162,EMP1025,C1538,2023-03-14,1,951,951
OID21244,PID2054,A101,EMP1041,C1753,2023-02-19,1,127,127
OID21251,PID2024,A120,EMP1014,C1061,2023-02-08,1,356,356
OID21269,PID2015,A100,EMP1033,C1407,2023-02-23,1,637,637
OID21282,PID2090,A118,EMP1018,C1223,2023-02-27,2,1338,2676
OID21292,PID2094,A113,EMP1011,C1688,2023-03-15,1,771,771
OID21338,PID2026,A101,EMP1020,C1603,2023-02-01,1,947,947
OID21382,PID2056,A152,EMP1007,C1777,2023-02-19,1,1635,1635
OID21385,PID2095,A138,EMP1044,C1303,2023-01-02,1,1743,1743
OID21393,PID2060,A120,EMP1039,C1160,2023-01-03,1,1467,1467
OID21402,PID2015,A142,EMP1038,C1451,2023-02-23,4,637,2548
OID21408,PID2081,A134,EMP1028,C1376,2023-03-07,1,1566,1566
OID21412,PID2082,A148,EMP1012,C1361,2023-03-10,2,1103,2206
OID21416,PID2064,A107,EMP1023,C1681,2023-01-19,3,1414,4242
OID21423,PID2040,A172,EMP1018,C1578,2023-03-06,1,1889,1889
OID21447,PID2090,A104,EMP1043,C1123,2023-02-25,1,1338,1338
OID21460,PID2094,A133,EMP1031,C1525,2023-02-06,2,771,1542
OID21471,PID2047,A157,EMP1039,C1449,2023-02-15,1,290,290
OID21478,PID2039,A132,EMP1022,C1625,2023-02-24,1,817,817
OID21479,PID2046,A160,EMP1040,C1317,2023-01-13,1,2410,2410
OID21493,PID2032,A165,EMP1007,C1080,2023-03-05,1,1967,1967
OID21521,PID2063,A131,EMP1041,C1103,2023-03-01,1,1708,1708
OID21536,PID2067,A137,EMP1018,C1003,2023-01-29,1,1119,1119
OID21581,PID2050,A143,EMP1010,C1146,2023-02-17,1,2391,2391
OID21589,PID2086,A101,EMP1013,C1725,2023-01-24,3,123,369
OID21606,PID2061,A141,EMP1034,C1539,2023-03-08,1,913,913
OID21628,PID2092,A129,EMP1044,C1335,2023-02-02,1,1639,1639
OID21644,PID2040,A158,EMP1031,C1322,2023-03-03,1,1889,1889
OID21663,PID2013,A142,EMP1024,C1270,2023-03-02,3,368,1104
OID21678,PID2080,A158,EMP1008,C1332,2023-01-16,1,2353,2353
OID21722,PID2055,A144,EMP1009,C1044,2023-03-03,1,2495,2495
OID21760,PID2034,A116,EMP1033,C1301,2023-02-25,3,871,2613
OID21763,PID2067,A157,EMP1044,C1176,2023-03-02,2,1119,2238
OID21772,PID2056,A101,EMP1038,C1123,2023-02-05,2,1635,3270
OID21793,PID2051,A124,EMP1025,C1680,2023-01-03,1,1077,1077
OID21798,PID2040,A109,EMP1036,C1367,2023-01-09,3,1889,5667
OID21802,PID2075,A172,EMP1033,C1067,2023-03-03,4,400,1600
OID21840,PID2023,A127,EMP1016,C1057,2023-02-27,1,818,818
OID21845,PID2062,A132,EMP1037,C1353,2023-02-03,1,2464,2464
OID21857,PID2076,A173,EMP1003,C1252,2023-02-28,2,1522,3044
OID21883,PID2077,A104,EMP1013,C1001,2023-01-28,2,530,1060
OID21916,PID2081,A108,EMP1009,C1232,2023-02-24,1,1566,1566
OID21953,PID2041,A141,EMP1037,C1127,2023-01-06,2,1380,2760
OID21954,PID2017,A110,EMP1004,C1555,2023-02-05,3,35,105
OID21996,PID2061,A120,EMP1014,C1560,2023-03-03,1,913,913
OID22029,PID2057,A148,EMP1033,C1433,2023-02-20,3,181,543
OID22031,PID2046,A108,EMP1034,C1604,2023-02-04,3,2410,7230
OID22036,PID2083,A137,EMP1015,C1687,2023-01-24,1,2141,2141
OID22039,PID2059,A123,EMP1022,C1301,2023-02-01,1,1494,1494
OID22055,PID2029,A133,EMP1028,C1451,2023-01-04,1,1848,1848
OID22067,PID2025,A143,EMP1001,C1669,2023-01-08,1,667,667
OID22071,PID2083,A106,EMP1003,C1543,2023-03-01,1,2141,2141
OID22084,PID2043,A121,EMP1008,C1643,2023-02-13,3,545,1635
OID22088,PID2057,A154,EMP1010,C1798,2023-02-16,1,181,181
OID22137,PID2076,A145,EMP1038,C1328,2023-01-29,1,1522,1522
OID22161,PID2079,A146,EMP1018,C1115,2023-03-08,3,1725,5175
OID22176,PID2038,A152,EMP1044,C1774,2023-02-01,1,392,392
OID22179,PID2056,A164,EMP1039,C1375,2023-02-07,2,1635,3270
OID22180,PID2057,A166,EMP1002,C1116,2023-01-03,1,181,181
OID22187,PID2081,A150,EMP1017,C1722,2023-01-07,1,1566,1566
OID22189,PID2027,A118,EMP1031,C1523,2023-03-13,1,2497,2497
OID22199,PID2018,A122,EMP1026,C1624,2023-03-15,2,1972,3944
OID22200,PID2010,A101,EMP1027,C1693,2023-02-09,1,1812,1812
OID22202,PID2030,A142,EMP1000,C1322,2023-01-20,1,1899,1899
OID22205,PID2002,A173,EMP1012,C1382,2023-01-10,3,847,2541
OID22288,PID2043,A138,EMP1041,C1775,2023-02-24,3,545,1635
OID22289,PID2021,A110,EMP1016,C1177,2023-01-12,1,217,217
OID22314,PID2030,A145,EMP1029,C1576,2023-03-02,3,1899,5697
OID22385,PID2054,A129,EMP1004,C1699,2023-02-14,2,127,254
OID22394,PID2068,A131,EMP1016,C1733,2023-01-23,1,1500,1500
OID22407,PID2034,A122,EMP1025,C1712,2023-03-06,4,871,3484
OID22409,PID2044,A147,EMP1033,C1182,2023-01-29,2,886,1772
OID22413,PID2041,A141,EMP1007,C1234,2023-01-17,1,1380,1380
OID22416,PID2084,A159,EMP1018,C1021,2023-01-29,3,1783,5349
OID22431,PID2057,A126,EMP1017,C1638,2023-01-26,3,181,543
OID22437,PID2078,A109,EMP1040,C1115,2023-03-06,4,1798,7192
OID22453,PID2015,A138,EMP1017,C1759,2023-03-02,3,637,1911
OID22471,PID2035,A151,EMP1015,C1568,2023-01-15,3,458,1374
OID22475,PID2045,A121,EMP1035,C1339,2023-03-05,3,556,1668
OID22491,PID2032,A165,EMP1009,C1232,2023-02-21,3,1967,5901
OID22506,PID2061,A127,EMP1014,C1059,2023-03-09,1,913,913
OID22548,PID2047,A115,EMP1029,C1725,2023-01-04,1,290,290
OID22549,PID2016,A137,EMP1038,C1596,2023-01-28,1,1351,1351
OID22583,PID2072,A167,EMP1002,C1237,2023-03-13,1,1887,1887
OID22586,PID2052,A122,EMP1017,C1135,2023-02-16,1,1526,1526
OID22608,PID2026,A115,EMP1016,C1246,2023-02-16,4,947,3788
OID22634,PID2045,A128,EMP1022,C1349,2023-01-16,4,556,2224
OID22655,PID2094,A111,EMP1030,C1255,2023-02-21,2,771,1542
OID22715,PID2062,A157,EMP1044,C1198,2023-02-24,3,2464,7392
OID22725,PID2025,A164,EMP1019,C1779,2023-02-11,2,667,1334
OID22736,PID2002,A143,EMP1003,C1432,2023-01-05,3,847,2541
OID22747,PID2055,A137,EMP1009,C1491,2023-02-17,4,2495,9980
OID22750,PID2042,A105,EMP1044,C1144,2023-02-06,1,203,203
OID22782,PID2009,A110,EMP1002,C1458,2023-03-13,2,584,1168
OID22797,PID2003,A110,EMP1004,C1364,2023-01-22,1,1783,1783
OID22838,PID2028,A160,EMP1006,C1013,2023-01-15,4,2283,9132
OID22879,PID2007,A124,EMP1021,C1465,2023-02-11,2,1405,2810
OID22885,PID2083,A144,EMP1009,C1539,2023-02-24,1,2141,2141
OID22904,PID2099,A160,EMP1010,C1134,2023-02-25,1,1367,1367
OID22922,PID2091,A125,EMP1006,C1418,2023-01-14,2,368,736
OID22926,PID2020,A137,EMP1016,C1445,2023-02-20,3,2005,6015
OID22932,PID2012,A171,EMP1041,C1742,2023-02-11,1,1353,1353
OID22939,PID2094,A116,EMP1034,C1065,2023-02-03,1,771,771
OID22943,PID2090,A128,EMP1044,C1512,2023-02-12,2,1338,2676
OID22947,PID2028,A132,EMP1025,C1165,2023-01-25,4,2283,9132
OID22976,PID2065,A108,EMP1030,C1323,2023-01-04,1,2396,2396
OID22985,PID2075,A139,EMP1007,C1359,2023-02-21,2,400,800
OID22989,PID2013,A109,EMP1012,C1752,2023-02-08,1,368,368
OID23013,PID2018,A120,EMP1013,C1346,2023-03-08,3,1972,5916
OID23035,PID2086,A100,EMP1008,C1587,2023-01-02,4,123,492
OID23039,PID2075,A123,EMP1000,C1091,2023-03-13,3,400,1200
OID23045,PID2020,A129,EMP1023,C1117,2023-03-07,1,2005,2005
OID23052,PID2065,A100,EMP1004,C1037,2023-03-07,1,2396,2396
OID23078,PID2002,A165,EMP1027,C1452,2023-02-22,1,847,847
OID23079,PID2033,A162,EMP1004,C1364,2023-02-26,4,2182,8728
OID23084,PID2032,A106,EMP1040,C1490,2023-02-19,1,1967,1967
OID23086,PID2034,A153,EMP1032,C1708,2023-03-06,2,871,1742
OID23090,PID2004,A120,EMP1016,C1681,2023-02-08,4,1278,5112
OID23143,PID2036,A119,EMP1010,C1043,2023-02-26,1,1582,1582
OID23181,PID2044,A121,EMP1026,C1021,2023-03-06,1,886,886
OID23188,PID2093,A139,EMP1024,C1748,2023-01-14,1,112,112
OID23229,PID2093,A161,EMP1028,C1416,2023-01-07,3,112,336
OID23255,PID2084,A154,EMP1006,C1371,2023-01-16,3,1783,5349
OID23265,PID2090,A158,EMP1041,C1291,2023-01-05,1,1338,1338
OID23283,PID2023,A106,EMP1041,C1314,2023-01-14,1,818,818
OID23284,PID2021,A110,EMP1001,C1561,2023-02-28,3,217,651
OID23287,PID2084,A158,EMP1039,C1704,2023-01-15,2,1783,3566
OID23313,PID2005,A152,EMP1014,C1584,2023-01-06,3,684,2052
OID23320,PID2051,A115,EMP1002,C1236,2023-03-03,2,1077,2154
OID23334,PID2091,A143,EMP1005,C1036,2023-01-17,1,368,368
OID23361,PID2034,A125,EMP1041,C1529,2023-03-15,3,871,2613
OID23391,PID2089,A128,EMP1002,C1533,2023-02-19,3,2294,6882
OID23392,PID2027,A121,EMP1029,C1053,2023-02-11,4,2497,9988
OID23400,PID2083,A160,EMP1039,C1510,2023-01-26,2,2141,4282
OID23404,PID2078,A103,EMP1014,C1235,2023-02-14,1,1798,1798
OID23413,PID2068,A172,EMP1032,C1512,2023-02-28,4,1500,6000
OID23420,PID2066,A126,EMP1024,C1701,2023-02-28,1,2091,2091
OID23440,PID2023,A116,EMP1018,C1160,2023-02-11,1,818,818
OID23464,PID2069,A145,EMP1002,C1657,2023-02-11,3,378,1134
OID23483,PID2018,A150,EMP1011,C1532,2023-02-21,1,1972,1972
OID23517,PID2003,A121,EMP1038,C1077,2023-01-30,1,1783,1783
OID23536,PID2033,A126,EMP1014,C1081,2023-02-27,2,2182,4364
OID23541,PID2033,A135,EMP1014,C1620,2023-01-20,1,2182,2182
OID23548,PID2009,A137,EMP1040,C1011,2023-01-31,2,584,1168
OID23550,PID2081,A113,EMP1000,C1272,2023-03-07,2,1566,3132
OID23557,PID2080,A122,EMP1012,C1178,2023-01-22,1,2353,2353
OID23560,PID2091,A163,EMP1005,C1495,2023-02-18,1,368,368
OID23562,PID2079,A135,EMP1041,C1232,2023-01-19,1,1725,1725
OID23567,PID2025,A152,EMP1032,C1122,2023-01-11,1,667,667
OID23568,PID2043,A142,EMP1020,C1148,2023-03-13,1,545,545
OID23575,PID2095,A170,EMP1039,C1052,2023-01-20,2,1743,3486
OID23606,PID2087,A150,EMP1030,C1785,2023-02-04,2,1022,2044
OID23619,PID2046,A152,EMP1038,C1760,2023-02-11,3,2410,7230
OID23645,PID2023,A168,EMP1007,C1728,2023-02-28,2,818,1636
OID23646,PID2046,A173,EMP1012,C1404,2023-01-07,1,2410,2410
OID23683,PID2055,A172,EMP1028,C1091,2023-02-19,4,2495,9980
OID23706,PID2068,A127,EMP1013,C1147,2023-01-29,3,1500,4500
OID23727,PID2047,A160,EMP1005,C1418,2023-02-17,3,290,870
OID23740,PID2056,A146,EMP1027,C1113,2023-01-19,1,1635,1635
OID23753,PID2007,A129,EMP1019,C1535,2023-01-25,1,1405,1405
OID23756,PID2062,A129,EMP1030,C1210,2023-01-03,4,2464,9856
OID23762,PID2072,A100,EMP1021,C1337,2023-03-14,1,1887,1887
OID23800,PID2065,A171,EMP1009,C1578,2023-02-24,4,2396,9584
OID23805,PID2003,A165,EMP1015,C1385,2023-01-23,1,1783,1783
OID23836,PID2000,A123,EMP1019,C1698,2023-01-04,1,2241,2241
OID23848,PID2094,A132,EMP1010,C1348,2023-02-08,1,771,771
OID23866,PID2060,A110,EMP1036,C1688,2023-02-25,1,1467,1467
OID23890,PID2060,A123,EMP1031,C1140,2023-01-15,1,1467,1467
OID23912,PID2083,A140,EMP1034,C1097,2023-01-23,1,2141,2141
OID23927,PID2070,A168,EMP1004,C1729,2023-02-07,4,1671,6684
OID23931,PID2062,A110,EMP1016,C1084,2023-01-08,1,2464,2464
OID23964,PID2021,A113,EMP1044,C1347,2023-03-04,1,217,217
OID23970,PID2022,A145,EMP1028,C1255,2023-01-31,2,561,1122
OID23979,PID2055,A139,EMP1039,C1223,2023-03-05,3,2495,7485
OID23991,PID2074,A119,EMP1041,C1320,2023-03-04,2,504,1008
OID24002,PID2066,A128,EMP1011,C1710,2023-03-05,1,2091,2091
OID24018,PID2028,A137,EMP1020,C1686,2023-01-13,4,2283,9132
OID24033,PID2037,A104,EMP1014,C1758,2023-02-20,2,880,1760
OID24036,PID2042,A172,EMP1010,C1261,2023-03-11,1,203,203
OID24051,PID2079,A169,EMP1023,C1447,2023-01-26,1,1725,1725
OID24066,PID2016,A106,EMP1041,C1344,2023-02-24,1,1351,1351
OID24069,PID2046,A121,EMP1005,C1290,2023-02-17,1,2410,2410
OID24073,PID2048,A117,EMP1026,C1740,2023-03-14,1,502,502
OID24082,PID2055,A170,EMP1012,C1535,2023-02-02,2,2495,4990
OID24088,PID2091,A161,EMP1042,C1353,2023-01-03,1,368,368
OID24090,PID2009,A172,EMP1037,C1443,2023-03-06,1,584,584
OID24091,PID2074,A172,EMP1037,C1552,2023-02-12,3,504,1512
OID24109,PID2065,A155,EMP1011,C1445,2023-01-26,1,2396,2396
OID24124,PID2035,A133,EMP1043,C1686,2023-02-25,4,458,1832
OID24129,PID2012,A110,EMP1022,C1284,2023-02-05,4,1353,5412
OID24143,PID2057,A149,EMP1043,C1623,2023-03-04,2,181,362
OID24146,PID2077,A115,EMP1034,C1370,2023-03-08,3,530,1590
OID24152,PID2023,A147,EMP1004,C1793,2023-02-02,1,818,818
OID24199,PID2094,A102,EMP1011,C1423,2023-02-10,2,771,1542
OID24206,PID2022,A163,EMP1017,C1059,2023-01-15,2,561,1122
OID24221,PID2056,A163,EMP1031,C1580,2023-03-10,1,1635,1635
OID24237,PID2057,A109,EMP1017,C1785,2023-02-27,1,181,181
OID24247,PID2066,A152,EMP1017,C1155,2023-02-21,2,2091,4182
OID24251,PID2078,A124,EMP1024,C1479,2023-03-07,1,1798,1798
OID24256,PID2069,A170,EMP1025,C1513,2023-01-07,1,378,378
OID24271,PID2077,A102,EMP1000,C1325,2023-01-28,1,530,530
OID24301,PID2100,A125,EMP1026,C1318,2023-01-06,1,799,799
OID24304,PID2048,A102,EMP1002,C1713,2023-02-05,1,502,502
OID24320,PID2094,A173,EMP1023,C1073,2023-02-22,1,771,771
OID24322,PID2057,A159,EMP1035,C1235,2023-01-20,1,181,181
OID24327,PID2075,A157,EMP1002,C1084,2023-02-13,1,400,400
OID24336,PID2016,A150,EMP1040,C1203,2023-01-13,2,1351,2702
OID24340,PID2081,A134,EMP1012,C1724,2023-01-26,1,1566,1566
OID24356,PID2053,A113,EMP1012,C1319,2023-03-03,2,596,1192
OID24361,PID2048,A154,EMP1001,C1409,2023-03-14,1,502,502
OID24366,PID2021,A119,EMP1043,C1655,2023-01-06,2,217,434
OID24399,PID2076,A119,EMP1027,C1356,2023-02-01,1,1522,1522
OID24403,PID2027,A171,EMP1042,C1351,2023-02-01,1,2497,2497
OID24426,PID2069,A104,EMP1010,C1068,2023-03-12,1,378,378
OID24429,PID2005,A154,EMP1021,C1713,2023-02-13,1,684,684
OID24482,PID2083,A151,EMP1041,C1779,2023-01-17,4,2141,8564
OID24490,PID2078,A160,EMP1034,C1688,2023-03-02,3,1798,5394
OID24510,PID2004,A156,EMP1000,C1779,2023-02-27,4,1278,5112
OID24527,PID2053,A164,EMP1032,C1715,2023-03-15,3,596,1788
OID24537,PID2023,A116,EMP1020,C1706,2023-03-01,1,818,818
OID24567,PID2031,A106,EMP1036,C1257,2023-03-07,1,1638,1638
OID24570,PID2003,A164,EMP1004,C1614,2023-03-07,2,1783,3566
OID24596,PID2016,A136,EMP1043,C1173,2023-02-28,2,1351,2702
OID24597,PID2019,A151,EMP1001,C1748,2023-01-01,1,800,800
OID24604,PID2021,A120,EMP1040,C1078,2023-02-28,2,217,434
OID24639,PID2019,A162,EMP1002,C1587,2023-02-11,2,800,1600
OID24641,PID2065,A147,EMP1009,C1518,2023-01-05,1,2396,2396
OID24671,PID2090,A127,EMP1044,C1471,2023-01-28,3,1338,4014
OID24684,PID2095,A154,EMP1013,C1568,2023-01-30,1,1743,1743
OID24734,PID2018,A154,EMP1034,C1045,2023-02-18,1,1972,1972
OID24750,PID2043,A108,EMP1023,C1306,2023-01-12,2,545,1090
OID24762,PID2048,A104,EMP1038,C1652,2023-03-13,3,502,1506
OID24771,PID2062,A115,EMP1036,C1084,2023-02-13,3,2464,7392
OID24782,PID2009,A122,EMP1003,C1157,2023-01-19,2,584,1168
OID24784,PID2086,A102,EMP1006,C1737,2023-03-08,2,123,246
OID24786,PID2019,A134,EMP1025,C1305,2023-03-15,2,800,1600
OID24787,PID2087,A141,EMP1027,C1142,2023-02-07,2,1022,2044
OID24800,PID2069,A152,EMP1015,C1476,2023-01-17,3,378,1134
OID24833,PID2058,A148,EMP1008,C1261,2023-01-19,1,2257,2257
OID24843,PID2083,A168,EMP1011,C1445,2023-02-15,4,2141,8564
OID24928,PID2000,A116,EMP1020,C1318,2023-03-10,3,2241,6723
OID24929,PID2050,A169,EMP1021,C1369,2023-02-06,4,2391,9564
OID24950,PID2048,A107,EMP1008,C1472,2023-03-12,1,502,502
OID24973,PID2006,A149,EMP1036,C1095,2023-02-15,1,1826,1826
OID24977,PID2060,A169,EMP1038,C1446,2023-03-08,1,1467,1467
OID24980,PID2076,A148,EMP1007,C1140,2023-01-28,2,1522,3044
